,fed_party,potus_party,recess,mom,pce,ue,cars,house,cli,exports,rgdp,gdpd,veloc,ffr,mich,d_pce,d_ue,d_cars,d_house,d_cli,d_exports,d_rgdp,d_gdpd,d_veloc,d_ffr,d_mich,b0_spx,b0_usd,b0_loan,b1_spx,b1_usd,b1_loan
1989-10-04,1.0,1.0,0.0,0.0,3.94,5.3,13.581,1410.0,99.70527,6.2,0.8,2.9,7.283,9.0,3.6,-0.010000000000000231,0.09999999999999964,-2.966000000000001,78.0,0.016949999999994247,2.1000000000000005,-2.2,-0.10000000000000009,-0.02400000000000002,0.0,0.10000000000000009,351.2333553035085,103.22729191663788,10.5,-0.1406464195609317,-0.0747457185784601,0.0
1989-11-15,1.0,1.0,0.0,0.0,3.92,5.4,13.37,1351.0,99.72887,6.2,0.8,2.9,7.283,9.0,3.5,-0.03000000000000025,0.20000000000000018,-3.1770000000000014,19.0,0.04054999999999609,2.1000000000000005,-2.2,-0.10000000000000009,-0.02400000000000002,0.0,0.0,353.123561790751,103.01905975431475,10.5,-0.1723824369000604,-0.06888975555143917,0.0
1989-12-20,1.0,1.0,0.0,0.0,3.94,5.4,13.55,1251.0,99.75903,6.2,0.8,2.9,7.283,8.5,3.5,-0.010000000000000231,0.20000000000000018,-2.997,-81.0,0.07070999999999117,2.1000000000000005,-2.2,-0.10000000000000009,-0.02400000000000002,-0.5,0.0,349.03760952640755,102.97434023962528,10.5,-0.050860649257177946,-0.06604152277502134,0.0
1990-02-08,1.0,1.0,0.0,-1.0,3.82,5.3,14.363,1437.0,99.82359,18.5,4.4,4.4,7.356,8.25,4.1,-0.1200000000000001,0.0,0.782,27.0,0.1183199999999971,12.3,3.6000000000000005,1.5000000000000004,0.07299999999999951,-0.75,0.49999999999999956,345.08618398714464,99.87714244938698,10.652310924369749,-0.04244065876276022,-0.07096424219598459,-0.004646773963822817
1990-03-28,1.0,1.0,0.0,0.0,3.95,5.2,14.486,1289.0,99.82265,18.5,4.4,4.4,7.356,8.25,3.7,0.03000000000000025,-0.20000000000000018,1.1160000000000014,-62.0,0.09377999999999531,12.3,3.6000000000000005,1.5000000000000004,0.07299999999999951,-0.25,0.20000000000000018,349.72066046450317,94.59779392530938,10.516176470588235,-0.1660331142541265,-0.01773072201851472,-0.0057577268195413735
1990-05-16,1.0,1.0,0.0,0.0,3.8,5.4,14.022,1212.0,99.5741,5.1,1.5,4.6,7.391,8.25,3.4,-0.050000000000000266,0.0,-2.2859999999999996,-339.0,-0.2191399999999959,-13.4,-2.9000000000000004,0.1999999999999993,0.03500000000000014,0.0,-0.6999999999999997,330.52744113697725,92.9457871124524,10.0,0.0917753168803439,0.0017406964027004686,0.0
1990-07-05,1.0,1.0,0.0,0.0,3.96,5.5,14.081,1171.0,98.88528,3.1,0.3,3.5,7.377,8.25,3.4,0.009999999999999787,0.2999999999999998,-0.40500000000000114,-118.0,-0.9373700000000014,-15.4,-4.1000000000000005,-0.9000000000000004,0.020999999999999908,0.0,-0.30000000000000027,333.03793299057907,94.1079254663291,10.0,0.24431219194676004,-0.021642656737864006,0.0
1990-08-22,1.0,1.0,1.0,0.0,4.14,5.7,13.859,1115.0,98.40642,3.1,0.3,3.5,7.377,8.25,4.6,0.23999999999999977,0.2999999999999998,-0.4220000000000006,-133.0,-1.3403100000000023,-1.9999999999999996,-1.2,-1.0999999999999996,-0.014000000000000234,0.0,0.9999999999999996,350.53266459232617,93.92102875589323,10.0,0.02666468259667148,-0.05389152915877441,0.0
1990-10-03,1.0,1.0,1.0,0.0,4.13,5.9,14.298,1110.0,97.9221,3.1,0.3,3.5,7.377,8.0,4.7,0.18999999999999995,0.7000000000000002,0.1490000000000009,-67.0,-1.3629200000000026,-1.9999999999999996,-1.2,-1.0999999999999996,-0.014000000000000234,-0.25,0.9000000000000004,373.6208096031381,92.7425503963182,10.0,-0.5499482344331402,-0.07151167575763914,0.0
1990-11-14,1.0,1.0,1.0,0.0,3.88,6.2,13.134,1145.0,97.21283,3.6,-3.6,3.0,7.303,8.0,4.7,-0.08000000000000007,0.7000000000000002,-0.9469999999999992,-26.0,-1.6724499999999978,0.5,-3.9,-0.5,-0.07399999999999984,-0.25,1.3000000000000003,350.29143333114496,89.05105073111397,10.0,-0.4658269097909951,-0.060348241523771995,0.0
1990-12-18,1.0,1.0,1.0,-1.0,3.84,6.3,12.958,969.0,97.09945,3.6,-3.6,3.0,7.303,7.5,4.7,-0.2999999999999998,0.5999999999999996,-0.9009999999999998,-146.0,-1.3069699999999926,0.5,-3.9,-0.5,-0.07399999999999984,-0.75,0.10000000000000053,313.05988025825565,86.45109717104614,10.0,0.03500417674849344,-0.0443854949868586,0.0
1991-02-07,1.0,1.0,1.0,-1.0,3.73,6.6,12.409,965.0,97.38148,2.5,-1.9,4.0,7.247,7.0,3.4,-0.2799999999999998,0.6999999999999993,-1.3399999999999999,-49.0,-0.12068000000000723,-1.1,1.7000000000000002,1.0,-0.05600000000000005,-1.0,-1.4,304.4590987389829,82.40187831205479,10.168907563025211,0.27034288913567606,0.006971438524305708,-0.00535536248397664
1991-03-27,1.0,1.0,1.0,0.0,3.43,6.8,12.848,921.0,97.7066,2.5,-1.9,4.0,7.247,6.25,3.3,-0.44999999999999973,0.5999999999999996,-0.2859999999999996,-224.0,0.4937699999999978,-1.1,1.7000000000000002,1.0,-0.05600000000000005,-1.25,-1.4000000000000004,311.70889846417083,81.8795076578605,10.128571428571428,0.5448442227377578,0.03075182205284954,-0.011508332146417886
1991-05-15,1.0,1.0,0.0,0.0,3.45,6.9,12.487,996.0,98.4444,15.4,3.2,3.0,7.212,6.0,3.1,-0.36999999999999966,0.5,0.6579999999999995,198.0,1.282910000000001,12.9,5.1,-1.0,-0.03500000000000014,-1.0,-0.7999999999999998,340.98084220565664,80.21783552410223,9.388865546218486,0.4259492542444515,0.11800562906530128,-0.005950007121492663
1991-07-05,1.0,1.0,0.0,0.0,3.1,6.8,12.972,1063.0,99.03812,9.8,2.0,3.2,7.166,5.75,3.1,-0.33000000000000007,0.0,0.12399999999999878,142.0,1.3315200000000118,7.300000000000001,3.9,-0.7999999999999998,-0.08099999999999952,-0.5,-0.19999999999999973,374.98836531438747,87.9503149176846,9.105882352941176,0.04021712676562941,0.0696343102324062,-0.006281156530408772
1991-08-21,1.0,1.0,0.0,0.0,2.91,6.9,12.565,1049.0,99.17667,9.8,2.0,3.2,7.166,5.75,3.2,-0.43999999999999995,0.20000000000000018,0.5269999999999992,48.0,1.101389999999995,-5.6,-1.2000000000000002,0.20000000000000018,-0.045999999999999375,-0.25,0.0,376.04474330870045,93.0267688206264,8.641806722689076,0.0699138689713504,0.015014168679960383,-0.001762569434553482
1991-10-02,1.0,1.0,0.0,0.0,2.9,6.9,13.107,1015.0,99.20341,9.8,2.0,3.2,7.166,5.5,3.0,-0.33000000000000007,0.0,0.3879999999999999,-21.0,0.4223100000000102,-5.6,-1.2000000000000002,0.20000000000000018,-0.045999999999999375,-0.25,-0.2999999999999998,376.73956088538927,96.4051595992401,8.610714285714286,0.12003733237369359,-0.04497137576354366,-0.0030871670702179157
1991-11-06,1.0,1.0,0.0,0.0,2.97,7.0,12.576,1103.0,99.07494,9.3,1.4,2.4,7.058,5.25,2.9,-0.1299999999999999,0.20000000000000018,-0.395999999999999,40.0,0.03681999999999164,-0.5,-0.6000000000000001,-0.8000000000000003,-0.10800000000000054,-0.5,-0.20000000000000018,383.9050136277655,95.03430655984317,8.647478991596639,0.045239052217649636,-0.047265709432980356,-0.006202820111095283
1991-12-18,1.0,1.0,0.0,-1.0,3.0,7.3,12.658,1079.0,99.03893,9.3,1.4,2.4,7.058,4.75,2.7,0.08999999999999986,0.39999999999999947,0.09299999999999997,30.0,-0.13774000000000797,-0.5,-0.6000000000000001,-0.8000000000000003,-0.10800000000000054,-1.0,-0.5,391.1108668607824,93.5278937940838,8.515756302521009,-0.08385599927164653,-0.06072772930293589,-0.009809856145848166
1992-02-06,1.0,1.0,0.0,0.0,2.9,7.4,12.927,1250.0,99.21394,7.4,4.9,1.5,6.886,4.5,2.6,0.06999999999999984,0.40000000000000036,0.7099999999999991,171.0,0.06273999999999091,-1.9000000000000004,3.5000000000000004,-0.8999999999999999,-0.1719999999999997,-0.75,-0.6000000000000001,376.806541365936,90.25760039000951,8.221218487394959,0.31204409689632245,-0.04937251625772789,-0.01628329297820823
1992-04-01,1.0,1.0,0.0,0.0,2.99,7.4,12.824,1297.0,99.38452,7.4,4.9,1.5,6.886,4.0,2.6,-0.009999999999999787,0.10000000000000053,0.16600000000000037,218.0,0.3455900000000014,-1.9000000000000004,3.5000000000000004,-0.8999999999999999,-0.1719999999999997,-0.75,-0.10000000000000009,395.7613444865251,84.10531120620855,7.108823529411765,0.1786611531198815,0.054946300993955886,-0.007328015952143569
1992-05-20,1.0,1.0,0.0,0.0,2.8,7.6,13.098,1214.0,99.63816,0.2,4.4,2.4,6.814,4.0,2.9,-0.08000000000000007,0.2999999999999998,0.5070000000000014,38.0,0.5501100000000037,-7.2,-0.5,0.8999999999999999,-0.07200000000000006,-0.5,0.19999999999999973,410.9788122609884,87.74730301223883,6.5,-0.011525228739701625,0.021126758894372287,0.0
1992-07-02,1.0,1.0,0.0,0.0,2.8,7.8,13.543,1145.0,99.66827,0.2,4.4,2.4,6.814,3.75,3.1,-0.1900000000000004,0.39999999999999947,0.7189999999999994,-152.0,0.28375000000001194,-7.2,-0.5,0.8999999999999999,-0.07200000000000006,-0.25,0.5,407.45207736231697,91.48811397712771,6.5,0.03237898587127844,-0.04985693048809418,0.0
1992-08-19,1.0,1.0,0.0,-1.0,2.75,7.6,12.873,1226.0,99.64877,8.8,4.0,2.0,6.735,3.25,2.8,-0.18999999999999995,0.1999999999999993,0.3229999999999986,127.0,0.10923999999999978,8.600000000000001,-0.40000000000000036,-0.3999999999999999,-0.07899999999999974,-0.75,-0.20000000000000018,410.13855388224624,90.3082309690844,6.659453781512605,0.05370633052363547,-0.08340683765788988,-0.0059784930921521155
1992-10-07,1.0,1.0,0.0,0.0,2.64,7.3,13.655,1244.0,99.78661,2.0,4.2,2.8,6.584,3.25,2.8,-0.1599999999999997,-0.5,0.1120000000000001,99.0,0.11833999999998923,1.8,-0.20000000000000018,0.3999999999999999,-0.23000000000000043,-0.5,-0.30000000000000027,409.00430052941584,84.41141287539185,6.340336134453781,0.09753713777577708,-0.033826816647400164,-0.0040592508189716565
1992-11-18,1.0,1.0,0.0,0.0,2.61,7.4,13.218,1214.0,99.9353,2.0,4.2,2.8,6.584,3.0,2.9,-0.20999999999999996,-0.2999999999999998,0.3650000000000002,75.0,0.2772199999999998,-6.800000000000001,0.20000000000000018,0.7999999999999998,-0.1510000000000007,-0.25,0.19999999999999973,417.3961058159836,79.25910639081683,6.0,-0.014214023187482612,0.06975877661597028,0.0
1992-12-23,1.0,1.0,0.0,0.0,2.5,7.4,13.784,1227.0,100.0685,2.0,4.2,2.8,6.584,3.0,2.8,-0.25,-0.1999999999999993,0.9110000000000014,1.0,0.41973000000000127,-6.800000000000001,0.20000000000000018,0.7999999999999998,-0.1510000000000007,-0.25,0.0,409.779313185235,79.2363648550851,6.0,0.17860014404331645,0.11203141271550163,0.0
1993-02-04,1.0,0.0,0.0,0.0,2.51,7.1,12.969,1210.0,100.1166,0.9,0.7,2.3,6.508,3.0,3.2,-0.13000000000000034,-0.20000000000000018,-0.6859999999999999,-34.0,0.32999000000000933,-1.1,-3.5,-0.5,-0.07599999999999962,0.0,0.40000000000000036,411.2197444114364,85.79023911291812,6.0,0.27539669895864843,0.06721856666416069,0.0
1993-03-24,1.0,0.0,0.0,0.0,2.45,7.0,13.326,1083.0,100.0243,0.9,0.7,2.3,6.508,3.0,3.1,-0.1599999999999997,-0.40000000000000036,0.10800000000000054,-131.0,0.08899999999999864,-1.1,-3.5,-0.5,-0.07599999999999962,0.0,0.20000000000000018,429.8434755854246,90.10222256444081,6.0,0.1594012346418473,0.038523791070983436,0.0
1993-05-19,1.0,0.0,0.0,0.0,2.57,7.1,14.519,1260.0,99.73032,4.9,2.3,2.4,6.406,3.0,2.9,0.06999999999999984,-0.20000000000000018,1.0619999999999994,50.0,-0.4031799999999919,4.0,1.5999999999999999,0.10000000000000009,-0.10200000000000031,0.0,0.0,442.6074030002626,94.20888292328651,6.0,0.018349064831176164,-0.035248121775855415,0.0
1993-07-08,1.0,0.0,0.0,0.0,2.5,6.9,14.451,1254.0,99.52399,-1.1,1.9,2.4,6.289,3.0,3.0,0.04999999999999982,-0.09999999999999964,1.125,171.0,-0.5003099999999989,-2.0,1.2,0.10000000000000009,-0.2190000000000003,0.0,-0.10000000000000009,446.66771349225723,91.80948679306928,6.0,-0.0069189563094338,-0.007400498894812566,0.0
1993-08-18,1.0,0.0,0.0,0.0,2.49,6.8,13.584,1300.0,99.53692,-1.1,1.9,2.4,6.289,3.0,3.2,-0.029999999999999805,-0.2999999999999998,-0.9429999999999996,42.0,-0.3515600000000063,-6.0,-0.3999999999999999,0.0,-0.11699999999999999,0.0,0.20000000000000018,442.25564550832536,88.58084861691259,6.0,0.0674587780586115,0.060202112647478816,0.0
1993-09-22,1.0,0.0,0.0,0.0,2.53,6.7,13.99,1343.0,99.64192,-1.1,1.9,2.4,6.289,3.0,3.0,-0.040000000000000036,-0.39999999999999947,-0.5289999999999999,83.0,-0.08840000000000714,-6.0,-0.3999999999999999,0.0,-0.11699999999999999,0.0,0.10000000000000009,444.3476342722148,91.90079047579725,6.0,0.11939630023503692,0.017021224078010086,0.0
1993-11-17,1.0,0.0,0.0,0.0,2.43,6.6,14.882,1376.0,100.0666,13.5,5.6,2.2,6.25,3.0,2.8,-0.06999999999999984,-0.3000000000000007,0.43099999999999916,122.0,0.5426099999999963,14.6,3.6999999999999997,-0.19999999999999973,-0.0389999999999997,0.0,-0.20000000000000018,449.0225761477687,93.65723973763089,6.0,0.15725300186737504,-0.0032704039153813743,0.0
1993-12-22,1.0,0.0,0.0,0.0,2.4,6.5,15.004,1533.0,100.3299,13.5,5.6,2.2,6.25,3.0,3.0,-0.0900000000000003,-0.2999999999999998,1.42,233.0,0.79298,14.6,3.6999999999999997,-0.19999999999999973,-0.0389999999999997,0.0,-0.20000000000000018,459.6106523273372,91.46069866468928,6.0,0.047383880723899756,0.03994828373461158,0.0
1994-02-04,1.0,0.0,0.0,0.0,2.35,6.6,15.52,1337.0,100.7775,4.0,3.9,1.9,6.264,3.0,2.8,-0.14000000000000012,-0.20000000000000018,0.609,-55.0,0.9485800000000069,-9.5,-1.6999999999999997,-0.30000000000000027,0.014000000000000234,0.0,-0.5,460.40623626708987,93.44448707644679,6.0,0.10839309355520223,0.030569152440835967,0.0
1994-03-22,1.0,0.0,0.0,1.0,2.41,6.5,15.301,1564.0,100.9285,4.0,3.9,1.9,6.264,3.25,3.0,-0.020000000000000018,-0.09999999999999964,0.4190000000000005,188.0,0.8619000000000057,-9.5,-1.6999999999999997,-0.30000000000000027,0.014000000000000234,0.25,0.20000000000000018,465.89055986164,96.27113424669794,6.0,0.04650669399446756,-0.010153105930968919,0.0
1994-05-17,1.0,0.0,0.0,1.0,2.27,6.1,14.577,1526.0,101.0682,14.2,5.5,1.9,6.339,3.5,3.1,-0.08999999999999986,-0.5,-0.8019999999999996,254.0,0.4917999999999978,10.2,1.6,0.0,0.07500000000000018,0.5,0.30000000000000027,479.24541100253583,96.52381070882333,5.781512605042017,-0.3091203323101288,-0.03142763650446192,0.007406352371457057
1994-07-06,1.0,0.0,0.0,1.0,2.35,6.1,14.875,1439.0,101.0295,15.8,2.4,2.3,6.369,4.25,2.9,-0.06000000000000005,-0.40000000000000036,-0.42600000000000016,-125.0,0.10099999999999909,11.8,-1.5,0.3999999999999999,0.10499999999999954,1.0,-0.10000000000000009,458.0604873529001,95.13866040205755,5.94296218487395,-0.07302918123767635,-0.036244206495764514,0.013429354792764563
1994-08-16,1.0,0.0,0.0,0.0,2.34,6.0,15.359,1450.0,100.9774,15.8,2.4,2.3,6.369,4.25,3.1,0.040000000000000036,-0.40000000000000036,-0.6540000000000017,-15.0,-0.04729999999999279,1.6000000000000014,-3.1,0.3999999999999999,0.02999999999999936,0.75,0.10000000000000009,448.9049010974018,93.99080710531283,6.810504201680672,0.06446188299290194,-0.04644011277586044,0.005170203674690216
1994-09-27,1.0,0.0,0.0,1.0,2.32,5.9,15.274,1474.0,100.9099,15.8,2.4,2.3,6.369,4.75,3.4,0.04999999999999982,-0.1999999999999993,0.6969999999999992,-52.0,-0.1583000000000112,1.6000000000000014,-3.1,0.3999999999999999,0.02999999999999936,0.5,0.2999999999999998,449.6907321064412,91.84764260043617,7.086134453781513,0.16186623300960684,-0.038013031849102534,0.005625979205241417
1994-11-15,1.0,0.0,0.0,0.0,2.28,5.6,15.89,1511.0,100.683,9.6,4.7,2.2,6.479,4.75,3.2,-0.07000000000000028,-0.5,1.0150000000000006,72.0,-0.3464999999999918,-6.200000000000001,2.3000000000000003,-0.09999999999999964,0.11000000000000032,0.5,0.30000000000000027,459.7358465755687,90.0122648511614,7.343487394957982,0.06826580000337977,-0.03452493455433435,0.0047535963537957545
1994-12-20,1.0,0.0,0.0,1.0,2.25,5.5,15.584,1455.0,100.4894,9.6,4.7,2.2,6.479,5.5,3.0,-0.08999999999999986,-0.5,0.22499999999999964,5.0,-0.48799999999999955,-6.200000000000001,2.3000000000000003,-0.09999999999999964,0.11000000000000032,0.75,-0.10000000000000009,471.84817384351203,87.56491132463728,7.510819327731093,-0.15353835735747554,0.004840544067782702,0.007579048568579974
1995-02-01,1.0,0.0,0.0,0.0,2.35,5.6,14.801,1407.0,100.233,7.9,1.4,2.2,6.55,5.5,3.0,0.0900000000000003,-0.20000000000000018,-1.093,-43.0,-0.5865000000000009,-1.6999999999999993,-3.3000000000000003,0.0,0.07099999999999973,0.75,0.0,461.1147744058561,86.79648664779022,7.714075630252101,-0.0013556846202462279,0.020857148088293018,0.008727389260789059
1995-03-28,1.0,0.0,0.0,1.0,2.25,5.4,15.256,1249.0,99.5694,7.9,1.4,2.2,6.55,6.0,3.2,-0.029999999999999805,-0.1999999999999993,-0.6340000000000003,-262.0,-1.1136000000000053,-1.6999999999999993,-3.3000000000000003,0.0,0.07099999999999973,0.5,0.0,446.96785638632895,90.77287290557092,8.355252100840335,0.41655675912239554,-0.05745646568160334,0.006227745335422305
1995-05-23,1.0,0.0,0.0,0.0,2.27,5.6,14.806,1314.0,98.99206,5.7,1.2,1.9,6.614,6.0,3.0,-0.08000000000000007,0.0,0.004999999999999005,-93.0,-1.240940000000009,-2.2,-0.19999999999999996,-0.30000000000000027,0.06400000000000006,0.5,0.0,468.52009531229487,87.5650934171276,8.843487394957984,0.4836560026428801,-0.05860931957197601,0.0019406067511750463
1995-07-06,1.0,0.0,0.0,0.0,2.16,5.7,14.7,1461.0,98.72388,18.5,3.5,2.0,6.714,6.0,2.9,-0.08999999999999986,0.2999999999999998,-0.5560000000000009,212.0,-0.8455200000000076,10.6,2.1,-0.20000000000000018,0.1640000000000006,0.0,-0.30000000000000027,488.7229769666656,82.90112258205896,9.0,0.4956937763022314,-0.00904907016838366,0.0
1995-08-22,1.0,0.0,0.0,-1.0,2.21,5.7,15.368,1416.0,98.66234,18.5,3.5,2.0,6.714,5.75,2.9,-0.10000000000000009,-0.09999999999999964,0.9900000000000002,149.0,-0.5845099999999945,12.8,2.3,0.10000000000000009,0.10000000000000053,-0.25,-0.3999999999999999,513.7808716333213,81.90674854887634,9.080882352941178,0.4581165621786982,0.0071424301423470915,-0.0029376157242558035
1995-09-26,1.0,0.0,0.0,0.0,2.23,5.6,15.338,1369.0,98.60894,18.5,3.5,2.0,6.714,5.75,2.8,-0.040000000000000036,0.0,0.532,55.0,-0.383119999999991,12.8,2.3,0.10000000000000009,0.10000000000000053,-0.25,-0.20000000000000018,532.1782809986787,80.66793374454274,9.0,0.3934916029151662,0.04524938803149703,-0.0028129896026207087
1995-11-15,1.0,0.0,0.0,0.0,2.27,5.6,15.38,1452.0,98.54256,5.8,2.7,1.9,6.86,5.75,2.8,0.10999999999999988,-0.10000000000000053,0.6800000000000015,-9.0,-0.18131999999999948,-12.7,-0.7999999999999998,-0.10000000000000009,0.1459999999999999,0.0,-0.10000000000000009,553.2435966684037,83.53742522552234,8.75,0.3360577755955069,0.011482189326795003,0.0
1995-12-19,1.0,0.0,0.0,0.0,2.31,5.6,16.262,1431.0,98.5592,5.8,2.7,1.9,6.86,5.75,2.7,0.10000000000000009,-0.10000000000000053,0.8940000000000001,15.0,-0.10313999999999623,-12.7,-0.7999999999999998,-0.10000000000000009,0.1459999999999999,0.0,-0.19999999999999973,561.0128034832097,85.55062647907674,8.75,0.4384925328298028,-0.013924584920513981,0.0
1996-01-31,1.0,0.0,0.0,-1.0,2.25,5.6,14.812,1467.0,98.62561,4.9,3.0,1.9,7.016,5.5,2.8,-0.06999999999999984,0.09999999999999964,-0.049000000000001265,98.0,0.06152999999999054,-0.8999999999999995,0.2999999999999998,0.0,0.1559999999999997,-0.25,-0.10000000000000009,580.7373088163489,83.40105513885241,8.831932773109244,0.3480202785025225,0.021910618329859747,-0.0028129896026207087
1996-03-26,1.0,0.0,0.0,-1.0,2.26,5.5,16.044,1424.0,98.91733,4.9,3.0,1.9,7.016,5.25,2.9,-0.010000000000000231,-0.09999999999999964,0.6639999999999997,-28.0,0.37477000000001226,-0.8999999999999995,0.2999999999999998,0.0,0.1559999999999997,-0.5,0.10000000000000009,602.7122996097854,84.82415126832593,8.74390756302521,0.43364429503759916,0.01720068952905165,-0.00513103546503347
1996-05-21,1.0,0.0,0.0,0.0,2.25,5.6,15.993,1504.0,99.26136,6.7,6.8,1.7,7.18,5.25,3.1,0.0,0.0,1.181000000000001,37.0,0.6357500000000016,1.7999999999999998,3.8,-0.19999999999999996,0.1639999999999997,-0.25,0.30000000000000027,637.1681344424977,86.18861064109481,8.335504201680672,0.14760178475107602,0.012860753002745386,-0.0010575416607320894
1996-07-03,1.0,0.0,0.0,0.0,2.29,5.3,15.256,1467.0,99.39669,6.7,6.8,1.7,7.18,5.25,2.9,0.03000000000000025,-0.20000000000000018,-0.7880000000000003,43.0,0.4793599999999998,1.7999999999999998,3.8,-0.19999999999999996,0.1639999999999997,0.0,0.0,639.4624493510784,86.45395366123745,8.25,0.2831930438977431,0.018547142755779806,0.0
1996-08-20,1.0,0.0,0.0,0.0,2.31,5.1,15.486,1557.0,99.56683,3.3,3.6,1.3,7.369,5.25,3.1,0.08999999999999986,-0.5,0.02000000000000135,41.0,0.47184000000000026,-3.4000000000000004,-3.1999999999999997,-0.3999999999999999,0.18900000000000006,0.0,0.10000000000000009,662.0544670553769,88.59682700533827,8.25,-0.06359658294925487,-0.016704518359333266,0.0
1996-09-24,1.0,0.0,0.0,0.0,2.36,5.2,15.534,1475.0,99.63841,3.3,3.6,1.3,7.369,5.25,3.2,0.10999999999999988,-0.39999999999999947,-0.45899999999999963,-29.0,0.377049999999997,-3.4000000000000004,-3.1999999999999997,-0.3999999999999999,0.18900000000000006,0.0,0.10000000000000009,662.0187482561385,88.16822309734441,8.25,-0.013354375698240117,-0.015336637139710892,0.0
1996-11-13,1.0,0.0,0.0,0.0,2.39,5.4,15.712,1489.0,99.79406,27.4,4.2,2.2,7.623,5.25,3.0,0.07000000000000028,-0.09999999999999964,0.6379999999999999,17.0,0.3024999999999949,24.099999999999998,0.6000000000000001,0.9000000000000001,0.25400000000000045,0.0,0.0,633.7143239253709,86.26337031837272,8.25,0.722913504359967,0.014181583482236745,0.0
1996-12-17,1.0,0.0,0.0,0.0,2.38,5.4,15.183,1370.0,99.88283,27.4,4.2,2.2,7.623,5.25,3.0,0.06999999999999984,0.3000000000000007,-0.3030000000000008,-187.0,0.3160000000000025,24.099999999999998,0.6000000000000001,0.9000000000000001,0.25400000000000045,0.0,-0.10000000000000009,652.5400506540508,86.89548297208898,8.25,0.8663045409669426,0.008749105651533815,0.0
1997-02-05,1.0,0.0,0.0,0.0,2.36,5.2,15.271,1486.0,100.1147,7.8,2.6,2.4,7.761,5.25,3.0,0.020000000000000018,0.0,-0.036999999999999034,94.0,0.40334000000000003,-19.599999999999998,-1.6,0.19999999999999973,0.1379999999999999,0.0,0.0,700.4651555678424,86.32456170731231,8.25,0.6601946049581444,0.03956090636172538,0.0
1997-03-25,1.0,0.0,0.0,0.0,2.31,5.2,15.816,1457.0,100.2525,7.8,2.6,2.4,7.761,5.25,2.8,-0.08000000000000007,-0.20000000000000018,0.10400000000000098,-32.0,0.45843999999999596,-19.599999999999998,-1.6,0.19999999999999973,0.1379999999999999,0.0,-0.20000000000000018,735.6145372663226,86.75710099805303,8.25,0.6225680011270595,0.08436049263186304,0.0
1997-05-20,1.0,0.0,0.0,1.0,2.22,4.9,15.088,1442.0,100.5384,17.0,6.8,0.8,8.002,5.5,2.9,-0.1299999999999999,-0.39999999999999947,-0.5940000000000012,87.0,0.5514900000000011,9.2,4.199999999999999,-1.5999999999999999,0.24100000000000055,0.25,-0.10000000000000009,783.7033770392923,93.30404261420756,8.17762605042017,0.07955538031552663,0.030019798056044607,0.0031138726677111517
1997-07-02,1.0,0.0,0.0,0.0,2.22,5.0,14.524,1494.0,100.6752,17.0,6.8,0.8,8.002,5.5,2.8,-0.08999999999999986,-0.20000000000000018,-1.2920000000000016,37.0,0.42270000000000607,9.2,4.199999999999999,-1.5999999999999999,0.24100000000000055,0.25,0.0,751.3200545623523,95.88902992440873,8.335714285714285,1.0884608912172522,-0.005931419803960082,0.0019655319755020654
1997-08-19,1.0,0.0,0.0,0.0,2.06,4.8,16.148,1390.0,100.8811,9.6,5.1,1.8,8.102,5.5,2.7,-0.25,-0.2999999999999998,1.0899999999999999,-102.0,0.48560000000000514,-7.4,-1.7000000000000002,1.0,0.09999999999999964,0.0,-0.2999999999999998,789.9496439957819,94.34500058598879,8.5,1.4624230936167502,0.03793974554346863,0.0
1997-09-30,1.0,0.0,0.0,0.0,2.05,4.9,15.096,1546.0,100.9387,9.6,5.1,1.8,8.102,5.5,2.8,-0.17000000000000037,-0.09999999999999964,0.572000000000001,52.0,0.2634999999999934,-7.4,-1.7000000000000002,1.0,0.09999999999999964,0.0,0.0,880.9894535866105,95.51372700218394,8.5,0.5776747803116877,0.03640457058781457,0.0
1997-11-12,1.0,0.0,0.0,0.0,1.8,4.6,15.825,1510.0,100.9668,-0.6,3.5,1.3,8.196,5.5,2.9,-0.32999999999999985,-0.3000000000000007,0.2569999999999997,73.0,0.17180000000000462,-10.2,-1.5999999999999996,-0.5,0.09399999999999942,0.0,0.19999999999999973,927.5755182089925,99.9029285398852,8.5,0.14992919235109978,-0.030573776912322465,0.0
1997-12-16,1.0,0.0,0.0,0.0,1.73,4.7,16.474,1566.0,100.9307,-0.6,3.5,1.3,8.196,5.5,2.8,-0.33000000000000007,-0.09999999999999964,0.3260000000000005,176.0,0.04959999999999809,-10.2,-1.5999999999999996,-0.5,0.09399999999999942,0.0,0.09999999999999964,923.2774899266346,98.52876037469431,8.5,0.3199541999002991,-0.01626441726282511,0.0
1998-02-04,1.0,0.0,0.0,0.0,1.61,4.6,15.232,1584.0,100.8111,1.9,4.1,0.6,8.238,5.5,2.4,-0.2899999999999998,-0.10000000000000053,-0.19899999999999984,64.0,-0.15789999999999793,2.5,0.5999999999999996,-0.7000000000000001,0.041999999999999815,0.0,-0.3999999999999999,942.8869950494847,95.68763458828965,8.5,0.17317018931347675,0.041793406782216824,0.0
1998-03-31,1.0,0.0,0.0,0.0,1.65,4.7,15.405,1567.0,100.709,1.9,4.1,0.6,8.238,5.5,2.5,-0.15000000000000013,0.10000000000000053,-0.41999999999999993,57.0,-0.25780000000000314,2.5,0.5999999999999996,-0.7000000000000001,0.041999999999999815,0.0,-0.3999999999999999,925.3939879345294,98.92356347476733,8.5,1.299394082853281,0.01430935584621001,0.0
1998-05-19,1.0,0.0,0.0,0.0,1.71,4.4,17.057,1536.0,100.395,-4.3,3.8,0.9,8.326,5.5,2.6,0.050000000000000044,-0.1999999999999993,2.267999999999999,11.0,-0.48390000000000555,-6.199999999999999,-0.2999999999999998,0.30000000000000004,0.08800000000000097,0.0,0.30000000000000027,982.9410311658844,100.17099247139042,8.5,1.3951513579726775,-0.002772838514833591,0.0
1998-07-01,1.0,0.0,0.0,0.0,1.64,4.5,16.771,1641.0,100.1963,-4.3,3.8,0.9,8.326,5.5,2.7,-0.010000000000000009,-0.20000000000000018,1.3660000000000014,74.0,-0.5127000000000095,-6.199999999999999,-0.2999999999999998,0.30000000000000004,0.08800000000000097,0.0,0.20000000000000018,1083.980595846737,100.12068903626513,8.5,0.2979003680226063,0.0014638935258086295,0.0
1998-08-18,1.0,0.0,0.0,0.0,1.75,4.5,14.796,1614.0,99.84415,-1.8,5.1,1.7,8.469,5.5,2.4,0.1200000000000001,0.20000000000000018,-1.1270000000000007,74.0,-0.7255499999999984,2.5,1.2999999999999998,0.7999999999999999,0.1429999999999989,0.0,0.0,1108.703220502068,99.22018494165243,8.5,0.17002937372313856,0.022788486825725412,0.0
1998-09-29,1.0,0.0,0.0,0.0,1.7,4.6,16.313,1582.0,99.74725,-1.8,5.1,1.7,8.469,5.5,2.3,-0.010000000000000009,0.1999999999999993,-0.7439999999999998,46.0,-0.647750000000002,2.5,1.2999999999999998,0.7999999999999999,0.1429999999999989,0.0,-0.30000000000000027,1156.1209664224577,102.18402136474097,8.5,-1.0923252211661607,-0.030841558174162672,0.0
1998-11-17,1.0,0.0,0.0,-1.0,1.78,4.4,16.118,1660.0,99.85159,15.7,6.6,1.1,8.511,5.25,2.3,0.09000000000000008,-0.09999999999999964,1.4499999999999993,-38.0,-0.15300999999999476,17.5,1.5,-0.5999999999999999,0.041999999999999815,-0.25,-0.30000000000000027,1081.0350112786814,102.57156639740246,8.656932773109244,-0.2985110512317677,-0.08618095141498978,-0.005366044722973934
1998-12-22,1.0,0.0,0.0,-1.0,1.81,4.4,17.409,1792.0,100.0193,15.7,6.6,1.1,8.511,4.75,2.5,0.06000000000000005,-0.09999999999999964,2.6129999999999995,178.0,0.17515000000000214,17.5,1.5,-0.5999999999999999,0.041999999999999815,-0.75,0.10000000000000009,975.6264042702041,97.95388583976681,8.61827731092437,1.788569690447352,-0.039242620703128464,-0.008342828656886483
1999-02-03,1.0,0.0,0.0,0.0,1.84,4.3,16.593,1748.0,100.2264,-1.3,3.8,1.3,8.578,4.75,2.7,0.07000000000000006,-0.20000000000000018,-0.5380000000000003,33.0,0.4777699999999925,-17.0,-2.8,0.19999999999999996,0.06700000000000017,-0.5,0.20000000000000018,1029.1659617960954,93.86052877281894,8.10126050420168,2.2250506167567328,0.0108000419669945,-0.003995157384987892
1999-03-30,1.0,0.0,0.0,0.0,1.72,4.2,16.832,1710.0,100.6267,-1.3,3.8,1.3,8.578,4.75,2.7,-0.06000000000000005,-0.20000000000000018,0.7140000000000022,50.0,0.775109999999998,-17.0,-2.8,0.19999999999999996,0.06700000000000017,0.0,0.40000000000000036,1183.6088730243073,93.12991233312783,7.75,0.9321683274326015,0.05347392917986761,0.0
1999-05-18,1.0,0.0,0.0,0.0,1.73,4.2,17.564,1611.0,100.935,5.1,3.4,1.5,8.647,4.75,2.8,-0.1100000000000001,-0.09999999999999964,0.9710000000000001,-137.0,0.7086000000000041,6.3999999999999995,-0.3999999999999999,0.19999999999999996,0.06900000000000084,0.0,0.09999999999999964,1222.6525965586432,95.64905491676652,7.75,1.1351305067428852,0.052262137972243924,0.0
1999-06-30,1.0,0.0,0.0,0.0,1.76,4.3,17.346,1559.0,101.0431,5.1,3.4,1.5,8.647,4.75,2.5,0.040000000000000036,0.09999999999999964,0.5139999999999993,-151.0,0.4163999999999959,6.3999999999999995,-0.3999999999999999,0.19999999999999996,0.06900000000000084,0.0,-0.20000000000000018,1293.6465346392463,98.97560498213568,7.75,0.3762075068043636,0.030406356907148983,0.0
1999-08-24,1.0,0.0,0.0,1.0,1.75,4.2,17.641,1648.0,101.177,12.6,5.4,1.4,8.82,5.0,2.8,-0.020000000000000018,-0.09999999999999964,0.7119999999999997,95.0,0.3843000000000103,7.5,2.0000000000000004,-0.10000000000000009,0.17300000000000004,0.25,0.09999999999999964,1335.0270848378414,101.74066845228691,7.6762605042016805,0.09487793594662434,-0.001632182473488457,0.0031014100555476413
1999-10-05,1.0,0.0,0.0,1.0,1.81,4.1,17.684,1608.0,101.2778,8.8,6.7,2.2,8.902,5.25,2.9,0.050000000000000044,-0.20000000000000018,0.33800000000000097,49.0,0.23470000000000368,3.700000000000001,3.3000000000000003,0.7000000000000002,0.254999999999999,0.5,0.3999999999999999,1358.4413461893546,103.25509286447733,7.742121848739496,-0.324059167537844,-0.03442900852843953,0.00486932060959977
1999-11-16,1.0,0.0,0.0,0.0,1.84,4.1,17.62,1648.0,101.3312,8.8,6.7,2.2,8.902,5.25,2.9,0.050000000000000044,-0.20000000000000018,-0.06799999999999784,-21.0,0.21059999999999945,-3.799999999999999,1.2999999999999998,0.8000000000000003,0.08199999999999896,0.25,0.19999999999999973,1338.186865080505,100.89513803690421,8.008508403361345,-0.16129836721003302,-0.019226816837781806,0.002739994302805868
1999-12-21,1.0,0.0,0.0,1.0,1.88,4.0,18.322,1708.0,101.3688,8.8,6.7,2.2,8.902,5.5,3.0,0.1299999999999999,-0.20000000000000018,0.6810000000000009,60.0,0.19179999999998643,-3.799999999999999,1.2999999999999998,0.8000000000000003,0.08199999999999896,0.5,0.20000000000000018,1296.9557313550422,99.10354143030503,8.146428571428572,0.930421437974024,0.015966179329791077,0.0027880643782936905
2000-02-02,1.0,0.0,0.0,0.0,2.0,4.0,18.635,1636.0,101.3642,5.9,1.5,2.7,8.989,5.5,3.0,0.18999999999999995,-0.09999999999999964,0.9510000000000005,28.0,0.08639999999999759,-2.9000000000000004,-5.2,0.5,0.08700000000000152,0.25,0.10000000000000009,1313.6167856937698,98.42532262401421,8.234243697478991,1.327015112934077,0.03822199896587094,0.0029376157242558035
2000-03-21,1.0,0.0,0.0,1.0,2.24,4.0,18.343,1604.0,101.2057,5.9,1.5,2.7,8.989,5.75,3.2,0.40000000000000013,-0.09999999999999964,0.722999999999999,-44.0,-0.1255000000000024,-2.9000000000000004,-5.2,0.5,0.08700000000000152,0.25,0.30000000000000027,1438.5083823837151,100.44457660642993,8.419642857142858,-0.4354034636812218,0.043440456686493954,0.002964321321749038
2000-05-16,1.0,0.0,0.0,1.0,2.22,4.0,17.943,1575.0,100.9432,12.8,7.5,2.5,9.251,6.0,3.0,0.2200000000000002,0.0,-0.6920000000000002,-61.0,-0.42099999999999227,6.9,6.0,-0.20000000000000018,0.2619999999999987,0.5,0.0,1397.8999223981584,102.18655551621893,8.544327731092437,0.4902633486607698,0.06124482132433963,0.0047322318758011685
2000-06-28,1.0,0.0,0.0,1.0,2.27,4.0,17.596,1559.0,100.7791,12.8,7.5,2.5,9.251,6.5,2.9,0.1499999999999999,-0.09999999999999964,-1.8049999999999997,-178.0,-0.5215000000000032,6.9,6.0,-0.20000000000000018,0.2619999999999987,0.75,0.0,1435.9522903057707,105.59306230304622,8.671848739495799,0.10881739373119485,0.03271692947281203,0.007591511180743483
2000-08-22,1.0,0.0,0.0,0.0,2.32,4.1,17.531,1541.0,100.3819,9.9,0.4,2.4,9.37,6.5,2.7,0.13999999999999968,0.2999999999999998,-0.40800000000000125,-85.0,-0.7064999999999912,-2.9000000000000004,-7.1,-0.10000000000000009,0.11899999999999977,0.5,-0.5,1424.7787470969834,109.1681847612397,9.15966386554622,0.478910244538427,-0.0017382134536854112,0.0040592508189716565
2000-10-03,1.0,0.0,0.0,0.0,2.39,3.9,18.654,1507.0,100.1312,9.9,0.4,2.4,9.37,6.5,2.9,0.1200000000000001,-0.10000000000000009,1.0579999999999998,-52.0,-0.6478999999999928,-2.9000000000000004,-7.1,-0.10000000000000009,0.11899999999999977,0.0,0.0,1466.3100014566373,105.55694912181181,9.5,0.1104215029993724,0.07861886034662477,0.0
2000-11-15,1.0,0.0,0.0,0.0,2.45,3.9,16.634,1551.0,99.48232,-3.9,2.4,2.2,9.546,6.5,2.9,0.15000000000000036,-0.10000000000000009,-0.6819999999999986,88.0,-1.1144800000000004,-13.8,2.0,-0.19999999999999973,0.17600000000000016,0.0,-0.10000000000000009,1502.9736548159303,109.09044475715702,9.5,-0.9472732307054837,0.07175574080588519,0.0
2000-12-19,1.0,0.0,0.0,0.0,2.5,3.9,16.222,1532.0,99.10956,-3.9,2.4,2.2,9.546,6.5,2.8,0.18000000000000016,-0.19999999999999973,-1.3089999999999975,-9.0,-1.2723399999999998,-13.8,2.0,-0.19999999999999973,0.17600000000000016,0.0,0.09999999999999964,1506.866788206982,113.2047262239857,9.5,-1.5955074882425822,0.029429935509111545,0.0
2001-01-31,1.0,1.0,0.0,0.0,2.52,4.2,17.652,1600.0,98.76899,-4.9,-1.3,2.7,9.499,6.5,3.0,0.10000000000000009,0.30000000000000027,0.13800000000000168,51.0,-1.0589700000000022,-1.0000000000000004,-3.7,0.5,-0.04699999999999882,0.0,-0.20000000000000018,1402.2920176786536,117.84748324546493,9.641806722689076,-0.7953440155607394,-0.06784368459866977,-0.004183876940606751
2001-03-20,1.0,1.0,0.0,-1.0,2.5,4.3,17.248,1590.0,98.33782,-4.9,-1.3,2.7,9.499,5.5,2.8,0.04999999999999982,0.3999999999999999,0.6140000000000008,39.0,-1.1445000000000078,-1.0000000000000004,-3.7,0.5,-0.04699999999999882,-1.0,-0.10000000000000009,1364.2406017143185,113.8156178674778,9.70672268907563,-0.9355264128791081,-0.027810647157908933,-0.011907135735650188
2001-05-15,1.0,1.0,1.0,-1.0,2.59,4.3,16.876,1605.0,98.22443,-11.2,2.5,2.4,9.459,5.0,3.2,0.06999999999999984,0.09999999999999964,-0.7759999999999998,5.0,-0.5445600000000042,-6.299999999999999,3.8,-0.30000000000000027,-0.040000000000000924,-1.5,0.20000000000000018,1328.0735564929096,110.15864256530249,9.05,-1.3692540264251885,0.0564522892504128,-0.013523714570573993
2001-06-27,1.0,1.0,1.0,-1.0,2.67,4.5,17.464,1636.0,98.20039,-11.2,2.5,2.4,9.459,4.0,3.0,0.1299999999999999,0.2999999999999998,-0.3620000000000019,11.0,-0.3070199999999943,-6.299999999999999,3.8,-0.30000000000000027,-0.040000000000000924,-1.5,0.20000000000000018,1179.1429812647714,112.64062575973384,8.576890756302522,0.7414621022535073,0.057234802974151594,-0.015759863267340832
2001-08-21,1.0,1.0,1.0,-1.0,2.65,4.9,16.348,1567.0,98.09113,-19.0,-1.6,1.6,9.098,3.75,2.7,0.06000000000000005,0.5,-0.5240000000000009,-82.0,-0.16075999999999624,-7.800000000000001,-4.1,-0.7999999999999998,-0.3609999999999989,-1.25,-0.3999999999999999,1276.8987333922828,117.25163489590173,7.414075630252101,-0.7637344392951165,0.0023950263554342057,-0.0071606608745193
2001-10-02,1.0,1.0,1.0,-1.0,2.53,5.0,16.365,1562.0,98.04958,-19.0,-1.6,1.6,9.098,3.5,2.8,-0.14000000000000012,0.5,-1.0990000000000002,-74.0,-0.15080999999999278,-7.800000000000001,-4.1,-0.7999999999999998,-0.3609999999999989,-0.5,-0.20000000000000018,1282.0863873137146,120.37941596728413,7.092331932773109,-1.8722888863404206,-0.0686028314135961,-0.007155319755020652
2001-11-06,1.0,1.0,1.0,-1.0,2.47,5.5,18.031,1602.0,98.26979,-13.2,1.1,1.3,9.086,2.5,0.4,-0.1599999999999997,0.9000000000000004,1.5679999999999978,-68.0,0.11481000000000563,5.800000000000001,2.7,-0.30000000000000004,-0.012000000000000455,-1.25,-2.2,1219.9243995474167,116.99143686054134,7.085399159663865,-1.5926311476076784,-0.03554065787474694,-0.013945663010967096
2001-12-11,1.0,1.0,0.0,-1.0,2.37,5.7,16.465,1568.0,98.53629,-13.2,1.1,1.3,9.086,2.0,1.8,-0.2799999999999998,0.7999999999999998,0.11700000000000088,1.0,0.4451599999999871,5.800000000000001,2.7,-0.30000000000000004,-0.012000000000000455,-1.75,-0.9000000000000001,1104.5437333820246,112.75437836847385,6.794852941176471,0.03580202820667463,0.0297790917452372,-0.017531334567725397
2002-01-30,1.0,1.0,0.0,-1.0,2.24,5.7,16.523,1698.0,98.84505,9.0,3.4,1.3,9.05,1.75,1.9,-0.2599999999999998,0.40000000000000036,-5.532,158.0,0.744569999999996,22.2,2.3,0.0,-0.03599999999999959,-0.75,0.8999999999999999,1081.1690519445083,113.79334484068285,5.586134453781512,0.7171831855507694,0.03595955309034532,-0.008830650904429567
2002-03-19,1.0,1.0,0.0,0.0,2.22,5.7,17.107,1642.0,99.35823,9.0,3.4,1.3,9.05,1.75,2.7,-0.25,0.20000000000000018,-0.9239999999999995,40.0,1.0884400000000056,22.2,2.3,0.0,-0.03599999999999959,-0.25,2.3000000000000003,1147.78842229763,116.01976139164772,4.92016806722689,-0.21591395421714765,0.0265187999560714,-0.0020296254094858282
2002-05-07,1.0,1.0,0.0,0.0,2.11,5.8,16.197,1764.0,99.39401,12.4,2.5,1.4,9.15,1.75,2.7,-0.13000000000000034,0.09999999999999964,-0.3260000000000005,66.0,0.5489599999999939,3.4000000000000004,-0.8999999999999999,0.09999999999999987,0.09999999999999964,0.0,0.8000000000000003,1136.1349116990546,118.99900513657,4.75,-0.1994551432198939,-0.02015689246217471,0.0
2002-06-26,1.0,1.0,0.0,0.0,2.01,5.8,16.953,1717.0,99.19807,12.4,2.5,1.4,9.15,1.75,2.7,-0.2200000000000002,0.09999999999999964,-0.3509999999999991,-112.0,0.060230000000004225,3.4000000000000004,-0.8999999999999999,0.09999999999999987,0.09999999999999964,0.0,0.6000000000000001,1170.3187509488657,120.1521055494036,4.75,-1.2465120285940443,-0.08540813960575372,0.0
2002-08-13,1.0,1.0,0.0,0.0,2.0,5.7,18.449,1633.0,98.61288,1.3,1.6,1.9,9.199,1.75,2.6,-0.16999999999999993,-0.20000000000000018,0.7810000000000024,41.0,-0.837379999999996,-11.1,-0.8999999999999999,0.5,0.04899999999999949,0.0,-0.19999999999999973,1145.860329995035,116.51139899181719,4.75,-2.4057241027162646,-0.1034149688798942,0.0
2002-09-24,1.0,1.0,0.0,0.0,2.07,5.7,16.665,1804.0,98.33202,1.3,1.6,1.9,9.199,1.75,2.5,-0.040000000000000036,-0.09999999999999964,0.46799999999999997,40.0,-1.0619899999999944,-11.1,-0.8999999999999999,0.5,0.04899999999999949,0.0,-0.20000000000000018,1028.2502826338055,109.66594513003567,4.75,-1.5003935254956393,-0.03174298368887824,0.0
2002-11-06,1.0,1.0,0.0,0.0,2.06,5.9,16.52,1753.0,97.96423,-5.8,0.5,2.3,9.132,1.75,2.4,0.03000000000000025,0.10000000000000053,-1.626999999999999,98.0,-0.9509999999999934,-7.1,-1.1,0.3999999999999999,-0.06700000000000017,0.0,-0.20000000000000018,903.8854451411912,106.10542425908963,4.75,-0.3881793849234942,0.01579326390031562,0.0
2002-12-10,1.0,1.0,0.0,-1.0,2.1,6.0,17.866,1788.0,97.86587,-5.8,0.5,2.3,9.132,1.25,2.5,0.10000000000000009,0.2999999999999998,-0.583000000000002,155.0,-0.7470100000000031,-7.1,-1.1,0.3999999999999999,-0.06700000000000017,-0.5,-0.10000000000000009,886.4246976964613,107.7750417757435,4.906302521008403,0.0571800971944658,-0.015036312831872654,-0.004856857997436262
2003-01-29,1.0,1.0,0.0,0.0,2.08,5.8,16.708,1853.0,97.79422,-1.2,2.1,2.0,9.048,1.25,2.5,0.010000000000000231,0.09999999999999964,0.04299999999999926,49.0,-0.5378000000000043,-2.5,0.5,0.10000000000000009,-0.1509999999999998,-0.5,0.0,860.693879071404,108.74956292545095,4.732983193277311,0.5142300302461755,-0.067118344607813,-0.005479988605611735
2003-03-18,1.0,1.0,0.0,0.0,1.99,5.9,16.467,1726.0,97.79614,-1.2,2.1,2.0,9.048,1.25,3.1,-0.07000000000000006,0.0,-0.053000000000000824,-27.0,-0.1680900000000065,4.6,1.6,-0.2999999999999998,-0.08399999999999963,0.0,0.7000000000000002,935.2359499891265,106.04062311188514,4.25,-0.9720592055967976,-0.07114714092889791,0.0
2003-05-06,1.0,1.0,0.0,0.0,1.82,6.1,16.47,1751.0,98.15343,0.7,3.6,1.4,8.932,1.25,2.0,-0.26,0.2999999999999998,-0.23799999999999955,-102.0,0.35921000000000447,1.9,1.5,-0.6000000000000001,-0.11599999999999966,0.0,-0.5,863.8141228427406,100.77776160039821,4.25,0.08878928704608824,-0.015868621693600118,0.0
2003-06-25,1.0,1.0,0.0,0.0,1.74,6.3,17.013,1867.0,98.44179,0.7,3.6,1.4,8.932,1.25,2.1,-0.2699999999999998,0.39999999999999947,0.8990000000000009,238.0,0.6815699999999936,1.9,1.5,-0.6000000000000001,-0.11599999999999966,0.0,-0.6000000000000001,816.3712535441423,101.6913231793572,4.25,1.5395400490249393,-0.07810246639145757,0.0
2003-08-12,1.0,1.0,0.0,-1.0,1.8,6.1,18.262,1833.0,99.15644,11.4,6.8,2.3,8.941,1.0,2.5,-0.040000000000000036,0.09999999999999964,1.5109999999999992,190.0,1.2272600000000011,10.700000000000001,3.1999999999999997,0.8999999999999999,0.009000000000000341,-0.25,0.10000000000000009,908.7812690542526,96.23656380597284,4.330882352941177,0.8879004539986345,-0.015080612708557517,-0.0029376157242558035
2003-09-16,1.0,1.0,0.0,0.0,1.75,6.1,17.286,1939.0,99.55997,11.4,6.8,2.3,8.941,1.0,2.8,-0.07000000000000006,0.0,0.8160000000000025,188.0,1.4065400000000068,10.700000000000001,3.1999999999999997,0.8999999999999999,0.009000000000000341,-0.25,0.7999999999999998,960.2813249604042,92.61324472507509,4.25,0.4570990558771507,0.04772595915083295,-0.0028129896026207087
2003-10-28,1.0,1.0,0.0,0.0,1.73,6.0,16.489,1967.0,99.9688,19.2,4.7,2.5,9.048,1.0,2.6,-0.010000000000000009,-0.2999999999999998,-0.5240000000000009,100.0,1.5270100000000042,18.5,1.1,1.1,0.11599999999999966,0.0,0.5,977.2396816221606,97.27814839787844,4.0,0.5105851156421916,-0.033116308499428405,0.0
2003-12-09,1.0,1.0,0.0,0.0,1.74,5.7,17.357,2057.0,100.6686,19.2,4.7,2.5,9.048,1.0,2.6,-0.06000000000000005,-0.39999999999999947,-0.9050000000000011,224.0,1.5121599999999944,7.799999999999999,-2.0999999999999996,0.20000000000000018,0.10699999999999932,0.0,0.10000000000000009,994.9479581432182,98.12004248034053,4.0,0.5864168254861529,-0.07282795163746694,0.0
2004-01-28,1.0,1.0,0.0,0.0,1.81,5.7,16.695,1911.0,100.9089,9.4,2.3,2.9,9.042,1.0,2.7,0.06000000000000005,-0.39999999999999947,-0.5910000000000011,-28.0,1.3489299999999957,-2.0,-4.5,0.6000000000000001,0.10099999999999909,0.0,-0.09999999999999964,1011.78747284192,93.806168352656,4.0,0.9978422742201685,-0.0670081275121691,0.0
2004-03-16,1.0,1.0,0.0,0.0,1.88,5.8,17.247,1998.0,101.1195,9.4,2.3,2.9,9.042,1.0,2.9,0.1399999999999999,0.0,-0.31599999999999895,-85.0,0.769999999999996,-9.799999999999999,-2.4000000000000004,0.3999999999999999,-0.006000000000000227,0.0,0.19999999999999973,1054.294907513787,89.30666317659265,4.0,0.9697487650052075,-0.026674691708131037,0.0
2004-05-04,1.0,1.0,0.0,0.0,2.21,5.6,18.186,1981.0,101.0789,8.6,3.1,3.3,9.065,1.0,3.3,0.3999999999999999,-0.10000000000000053,1.4909999999999997,70.0,0.1700000000000017,-0.8000000000000007,0.8000000000000003,0.3999999999999999,0.022999999999999687,0.0,0.5999999999999996,1138.181096745339,85.43557455559738,4.0,-0.08030491046392071,0.040911065294368686,0.0
2004-06-30,1.0,1.0,0.0,0.0,2.33,5.6,16.173,1828.0,101.0013,8.6,3.1,3.3,9.065,1.0,3.3,0.4500000000000002,-0.20000000000000018,-1.0740000000000016,-170.0,-0.11820000000000164,-0.8000000000000007,0.8000000000000003,0.3999999999999999,0.022999999999999687,0.0,0.3999999999999999,1127.096023226185,88.85048759524561,4.0,-0.06505149816315561,0.010760856099217685,0.0
2004-08-10,1.0,1.0,0.0,1.0,2.2,5.4,17.157,2024.0,100.7758,1.3,3.8,2.6,9.098,1.25,2.8,0.0900000000000003,-0.1999999999999993,0.25900000000000034,21.0,-0.3456999999999937,-7.3,0.6999999999999997,-0.6999999999999997,0.03300000000000125,0.25,-0.40000000000000036,1126.7827369497604,90.73841619090874,3.9181722689075626,-0.1921629007717361,-0.02124932613353784,0.0027399943028058676
2004-09-21,1.0,1.0,0.0,1.0,2.19,5.4,17.875,1905.0,100.6715,1.3,3.8,2.6,9.098,1.5,2.8,-0.020000000000000018,-0.1999999999999993,-0.31099999999999994,-76.0,-0.40740000000000975,-7.3,0.6999999999999997,-0.6999999999999997,0.03300000000000125,0.5,-0.5,1124.7239356802293,88.9555416459797,3.9222689075630255,-0.23485226258306546,-0.0021036099986869693,0.005554764278592791
2004-11-10,1.0,1.0,0.0,1.0,2.25,5.4,17.362,1782.0,100.5721,9.8,4.1,3.1,9.138,1.75,2.8,-0.009999999999999787,-0.09999999999999964,0.05299999999999727,-220.0,-0.32269999999999754,8.5,0.2999999999999998,0.5,0.03999999999999915,0.5,-0.20000000000000018,1086.4100301277738,89.64743277605842,4.21859243697479,0.38319990415889604,-0.028587737665473855,0.005410554052129325
2004-12-14,1.0,1.0,0.0,1.0,2.27,5.4,18.102,2042.0,100.5588,9.8,4.1,3.1,9.138,2.0,3.0,0.06999999999999984,0.0,0.9450000000000003,18.0,-0.21699999999999875,8.5,0.2999999999999998,0.5,0.03999999999999915,0.5,0.20000000000000018,1086.1881076844802,90.55858384781524,4.433928571428572,0.8229662053181969,-0.07306387477103772,0.0051791055405212925
2005-02-02,1.0,1.0,0.0,1.0,2.37,5.3,16.889,2144.0,100.5247,7.7,4.5,3.2,9.321,2.25,2.9,0.16000000000000014,-0.20000000000000018,-0.625,72.0,-0.07600000000000762,-2.1000000000000005,0.40000000000000036,0.10000000000000009,0.18299999999999983,0.5,-0.20000000000000018,1127.0331091616333,86.14360035808147,4.683928571428571,0.6999757841431061,-0.04254642139386455,0.005713217490385984
2005-03-22,1.0,1.0,0.0,1.0,2.39,5.2,17.413,1864.0,100.3844,7.7,4.5,3.2,9.321,2.5,3.2,0.14000000000000012,-0.20000000000000018,0.05100000000000193,82.0,-0.18770000000000664,-2.1000000000000005,0.40000000000000036,0.10000000000000009,0.18299999999999983,0.5,0.40000000000000036,1185.8233171222591,82.01028619333475,5.0001050420168065,0.14945804936613158,0.01042386473218458,0.005018871955561886
2005-05-03,1.0,1.0,0.0,1.0,2.29,5.2,17.756,2061.0,100.3262,9.2,2.0,2.9,9.445,2.75,3.3,-0.08000000000000007,-0.09999999999999964,0.8670000000000009,-83.0,-0.19849999999999568,1.4999999999999991,-2.5,-0.30000000000000027,0.12400000000000055,0.5,0.3999999999999999,1200.0835378951385,82.94894532916928,5.209663865546219,-0.25567884707345595,0.008790127094476893,0.005241418601338838
2005-06-30,1.0,1.0,0.0,1.0,2.18,5.0,18.482,2068.0,100.3446,9.2,2.0,2.9,9.445,3.0,3.2,-0.20999999999999996,-0.20000000000000018,1.068999999999999,204.0,-0.03979999999999961,1.4999999999999991,-2.5,-0.30000000000000027,0.12400000000000055,0.5,0.0,1180.0200429195115,81.7302893887047,5.5301470588235295,0.07112300792933696,0.05847963681674007,0.004972582253240277
2005-08-09,1.0,1.0,0.0,1.0,2.29,4.9,17.418,2095.0,100.4646,-0.1,3.2,3.7,9.557,3.25,3.1,0.0,-0.2999999999999998,-0.33800000000000097,34.0,0.1384000000000043,-9.299999999999999,1.2000000000000002,0.8000000000000003,0.1120000000000001,0.5,-0.19999999999999973,1151.0395131343553,83.89037358259955,5.7538865546218485,0.7346172402852823,0.0575182319383576,0.004705526278307932
2005-09-20,1.0,1.0,0.0,1.0,2.39,5.0,16.927,2151.0,100.5708,-0.1,3.2,3.7,9.557,3.5,4.3,0.14000000000000012,-0.09999999999999964,-0.4870000000000019,126.0,0.2571000000000083,-9.299999999999999,1.2000000000000002,0.8000000000000003,0.1120000000000001,0.5,1.0999999999999996,1196.528012264476,88.5701844319576,5.9222689075630255,0.3284868695392616,-0.00481867761018353,0.005590371741917105
2005-11-01,1.0,1.0,0.0,1.0,2.45,5.0,15.336,2065.0,100.724,13.0,2.2,3.3,9.686,3.75,4.6,0.20000000000000018,0.0,-5.799000000000001,11.0,0.33020000000000493,13.1,-1.0,-0.40000000000000036,0.12899999999999956,0.5,1.5999999999999996,1232.9454315954897,88.7045549953685,6.180987394957984,-0.27810508729113986,0.0012203299138404014,0.0055138156957698315
2005-12-13,1.0,1.0,0.0,1.0,2.44,4.9,17.174,1994.0,101.0851,13.0,2.2,3.3,9.686,4.0,3.1,0.1499999999999999,0.0,-0.24399999999999977,-101.0,0.6204999999999927,13.1,-1.0,-0.40000000000000036,0.12899999999999956,0.5,0.0,1206.1232126444327,86.93615159106855,6.430987394957984,0.2818868380906387,0.04537928757411501,0.0055138156957698315
2006-01-31,1.0,1.0,0.0,1.0,2.39,4.7,18.081,2273.0,101.2209,17.2,5.5,2.9,9.852,4.25,3.0,-0.06000000000000005,-0.2999999999999998,2.744999999999999,208.0,0.49689999999999657,4.199999999999999,3.3,-0.3999999999999999,0.16600000000000037,0.5,-1.5999999999999996,1190.3341267561714,90.75702079003598,6.717752100840336,0.8847541360294118,-0.006751961185795981,0.005389189574134738
2006-03-28,1.0,1.0,0.0,1.0,2.38,4.7,16.96,1969.0,101.3353,17.2,5.5,2.9,9.852,4.5,3.0,-0.08000000000000007,-0.2999999999999998,0.43599999999999994,-178.0,0.426400000000001,4.199999999999999,3.3,-0.3999999999999999,0.16600000000000037,0.5,-0.2999999999999998,1257.5298485507485,90.67814228474593,7.058928571428571,0.3133169235318597,-0.008928779414059748,0.0045915823956701315
2006-05-10,1.0,1.0,0.0,1.0,2.61,4.6,16.729,1942.0,101.2415,7.6,1.0,3.5,9.957,4.75,4.0,0.21999999999999975,-0.10000000000000053,-1.3520000000000003,-331.0,0.020600000000001728,-9.6,-4.5,0.6000000000000001,0.10500000000000043,0.5,1.0,1270.0960796965269,90.42090328440946,7.2598739495798315,0.3427754873632449,-0.019936970139038782,0.004746474861130892
2006-06-29,1.0,1.0,0.0,1.0,2.78,4.6,16.9,1802.0,101.1834,7.6,1.0,3.5,9.957,5.0,3.3,0.43999999999999995,-0.20000000000000018,-0.17100000000000293,-317.0,-0.12279999999999802,-9.6,-4.5,0.6000000000000001,0.10500000000000043,0.5,0.2999999999999998,1309.6756363043264,90.5526095286137,7.4792016806722685,-0.4017562390256685,-0.05462049878979827,0.00530195128899017
2006-08-08,1.0,1.0,0.0,1.0,2.86,4.7,16.458,1650.0,101.1647,-0.5,0.6,2.8,10.126,5.25,3.8,0.3899999999999997,0.0,-0.6690000000000005,-171.0,-0.1407000000000096,-8.1,-0.4,-0.7000000000000002,0.1689999999999987,0.5,0.5,1303.1710740546218,86.88980296800116,7.709768907563026,-0.4791508078999609,-0.01622653695494849,0.005168423301523998
2006-09-20,1.0,1.0,0.0,0.0,2.78,4.5,16.974,1720.0,101.2318,-0.5,0.6,2.8,10.126,5.25,3.1,0.16999999999999993,-0.09999999999999964,0.245000000000001,-222.0,-0.009699999999995157,-8.1,-0.4,-0.7000000000000002,0.1689999999999987,0.25,-0.8999999999999999,1245.9364171645223,85.43091654416894,8.008508403361345,0.46845558817409366,0.0005741245979903474,0.002739994302805868
2006-10-25,1.0,1.0,0.0,0.0,2.71,4.4,16.865,1491.0,101.3309,16.1,3.5,1.4,10.254,5.25,3.1,-0.06999999999999984,-0.1999999999999993,-0.03500000000000014,-311.0,0.14749999999999375,8.500000000000002,2.5,-2.1,0.2969999999999988,0.25,-0.19999999999999973,1239.3419015579866,85.30753816877092,8.225420168067226,1.0090021152710953,0.006388396521338605,0.0003097849309215208
2006-12-12,1.0,1.0,0.0,0.0,2.67,4.4,17.107,1649.0,101.5729,16.1,3.5,1.4,10.254,5.25,2.9,-0.18999999999999995,-0.2999999999999998,0.6490000000000009,-1.0,0.4082000000000079,16.6,2.9,-1.4,0.1280000000000001,0.0,-0.8999999999999999,1283.4173983533842,86.07721737773478,8.25,1.1306778612613606,-0.012929626842999179,0.0
2007-01-31,1.0,1.0,0.0,0.0,2.71,4.6,16.896,1409.0,101.6933,8.2,1.2,3.9,10.399,5.25,3.0,0.0,0.1999999999999993,0.03100000000000236,-82.0,0.36239999999999384,-7.900000000000002,-2.3,2.5,0.14499999999999957,0.0,-0.10000000000000009,1355.949465249967,86.02761715800823,8.25,0.702806283646271,-0.020025132405691676,0.0
2007-03-21,1.0,1.0,0.0,0.0,2.77,4.4,16.438,1495.0,101.9305,8.2,1.2,3.9,10.399,5.25,3.0,0.20000000000000018,-0.09999999999999964,-0.2190000000000012,-75.0,0.4825000000000017,-7.900000000000002,-2.3,2.5,0.14499999999999957,0.0,0.0,1413.6313607352122,83.80756748103295,8.25,0.10266172829864201,0.005388045871279853,0.0
2007-05-09,1.0,1.0,0.0,0.0,2.51,4.4,16.661,1415.0,102.1308,6.2,2.5,2.8,10.469,5.25,3.3,-0.20000000000000018,-0.1999999999999993,-0.23499999999999943,6.0,0.4375,-1.9999999999999991,1.3,-1.1,0.07000000000000028,0.0,0.2999999999999998,1413.770424363593,85.57262187284582,8.25,0.4243469081803138,-0.03361658645888505,0.0
2007-06-28,1.0,1.0,0.0,0.0,2.41,4.6,16.179,1448.0,102.1754,6.2,2.5,2.8,10.469,5.25,3.4,-0.4099999999999997,0.09999999999999964,-0.990000000000002,-32.0,0.3652000000000015,-1.9999999999999991,1.3,-1.1,0.07000000000000028,0.0,0.3999999999999999,1393.7716554785977,83.29204180100385,8.25,1.317483657426159,-0.011780802100969002,0.0
2007-08-07,1.0,1.0,0.0,0.0,2.3,4.6,16.379,1330.0,102.0871,13.1,2.3,2.2,10.595,5.25,3.2,-0.3600000000000003,0.09999999999999964,-0.2359999999999971,-160.0,0.04270000000001062,6.8999999999999995,-0.20000000000000018,-0.5999999999999996,0.12600000000000122,0.0,-0.09999999999999964,1487.7072698000097,82.52165070541767,8.25,0.2909634386808881,-0.012479202483491901,0.0
2007-09-18,1.0,1.0,0.0,0.0,2.38,4.7,16.532,1183.0,101.979,13.1,2.3,2.2,10.595,5.25,3.1,-0.1299999999999999,0.2999999999999998,-0.12900000000000134,-232.0,-0.15179999999999438,6.8999999999999995,-0.20000000000000018,-0.5999999999999996,0.12600000000000122,0.0,-0.19999999999999973,1536.8845902643284,82.64976872997124,8.25,-0.6998641709149892,-0.022454421871018496,0.0
2007-10-31,1.0,1.0,0.0,-1.0,2.47,4.7,16.455,1264.0,101.8585,9.5,2.5,1.6,10.703,4.75,3.1,0.1200000000000001,0.0,0.6179999999999986,-90.0,-0.30339999999999634,-3.5999999999999996,0.20000000000000018,-0.6000000000000001,0.10799999999999876,-0.5,-0.2999999999999998,1484.51552718988,81.79323095754415,8.413655462184874,0.2825327267013134,-0.03395164434326763,-0.005693633385557611
2007-12-11,1.0,1.0,0.0,-1.0,2.63,5.0,16.03,1037.0,101.6082,9.5,2.5,1.6,10.703,4.5,3.4,0.33000000000000007,0.40000000000000036,-0.3490000000000002,-293.0,-0.4789000000000101,-3.5999999999999996,0.20000000000000018,-0.6000000000000001,0.10799999999999876,-0.75,0.19999999999999973,1485.8673381901588,81.46434437727727,8.30609243697479,0.08057212813290052,-0.05699002649383044,-0.008179034325594643
2008-01-30,1.0,1.0,1.0,-1.0,2.56,5.0,15.705,1084.0,101.4798,6.5,-1.7,1.5,10.639,4.25,3.4,0.08999999999999986,0.2999999999999998,-0.7499999999999982,-180.0,-0.37870000000000914,-3.0,-4.2,-0.10000000000000009,-0.06400000000000006,-0.5,0.2999999999999998,1559.3530084177225,77.4345880652676,7.850420168067227,-1.5408957027842256,-0.01402164367406291,-0.007221193562170631
2008-03-18,1.0,1.0,1.0,-1.0,2.48,5.1,15.114,1005.0,101.1644,6.5,-1.7,1.5,10.639,3.0,4.3,-0.18000000000000016,0.39999999999999947,-1.2399999999999984,-192.0,-0.5665000000000049,-3.0,-4.2,-0.10000000000000009,-0.06400000000000006,-1.5,0.8999999999999999,1492.9787037568933,76.92379064479796,7.786449579831933,-1.6214023839474876,-0.021056981556029458,-0.017317689787779516
2008-04-30,1.0,1.0,1.0,-1.0,2.51,5.0,14.605,1013.0,100.9555,12.3,2.4,2.0,10.645,2.25,4.8,-0.1200000000000001,0.0,-1.4250000000000007,-24.0,-0.6526999999999958,2.8000000000000007,-0.10000000000000009,0.3999999999999999,-0.05799999999999983,-2.0,1.4,1373.9845163553703,77.05627280163164,7.126890756302521,-0.3278617829547074,-0.04950526538626655,-0.01899302093718843
2008-06-25,1.0,1.0,1.0,-1.0,2.6,5.6,14.377,1046.0,100.2811,12.3,2.4,2.0,10.645,2.0,5.1,0.16000000000000014,0.6999999999999993,-1.113999999999999,-57.0,-1.0508000000000095,5.800000000000001,4.1,0.5,0.006000000000000227,-1.0,1.4999999999999996,1330.7351813821233,72.54404228595125,5.795798319327731,0.5252961104827257,0.0029723641336210365,-0.008823529411764704
2008-08-05,1.0,1.0,1.0,0.0,2.64,6.1,14.119,844.0,99.04642,-1.8,-2.1,3.0,10.418,2.0,4.8,0.13000000000000034,1.0999999999999996,-0.48600000000000065,-169.0,-1.909080000000003,-14.100000000000001,-4.5,1.0,-0.2270000000000003,-0.25,0.0,1422.8057458701253,72.45407158346738,5.17016806722689,-1.4087356504356903,0.0039731461308040155,-0.0020296254094858282
2008-09-16,1.0,1.0,1.0,0.0,2.57,6.1,12.961,820.0,98.20311,-1.8,-2.1,3.0,10.418,2.0,4.3,0.020000000000000018,0.6999999999999993,-1.7359999999999989,-153.0,-2.4705900000000014,-14.100000000000001,-4.5,1.0,-0.2270000000000003,0.0,-0.9000000000000004,1369.2906594669116,71.039797903109,5.0,-1.1683817270287344,0.054995582036152964,0.0
2008-10-29,1.0,1.0,1.0,0.0,2.44,6.5,10.933,777.0,97.27612,-21.5,-8.5,1.0,9.548,2.0,3.9,-0.16000000000000014,0.9000000000000004,-3.444000000000001,-269.0,-3.004979999999989,-33.8,-10.9,-1.0,-1.0969999999999995,0.0,-1.1999999999999997,1358.2287013206162,70.96747368243562,5.119747899159664,-2.7882361395341033,0.10353234474041947,-0.0033827090158097127
2008-12-16,1.0,1.0,1.0,-1.0,2.21,7.3,10.383,560.0,95.64251,-21.5,-8.5,1.0,9.548,1.0,1.7,-0.43000000000000016,1.2000000000000002,-3.7360000000000007,-284.0,-3.403909999999996,-19.7,-6.4,-2.0,-0.8699999999999992,-1.0,-3.0999999999999996,1312.8241430202452,76.09923035757882,5.24390756302521,-4.609265555297694,0.10404808170485406,-0.012181313203247399
2009-01-28,1.0,0.0,1.0,-1.0,2.22,7.8,9.786,490.0,95.10123,-28.3,-4.5,-0.3,9.155,0.12,2.2,-0.34999999999999964,1.7000000000000002,-3.1750000000000007,-330.0,-3.101879999999994,-26.5,-2.4,-3.3,-1.263,-1.88,-2.0999999999999996,982.5036113065831,83.83829893544943,4.793802521008403,-1.2923714378453643,0.0022891947218299058,-0.015056615866685656
2009-03-18,1.0,0.0,1.0,0.0,2.14,8.7,9.748,505.0,94.76417,-28.3,-4.5,-0.3,9.155,0.12,2.0,-0.20999999999999996,1.8999999999999995,-0.7780000000000005,-147.0,-1.6246500000000026,-6.800000000000001,4.0,-1.3,-0.3930000000000007,-0.88,-0.8999999999999999,908.5880377248554,83.49302461447836,3.8440126050420163,-1.2589740005012857,0.02898733635910418,-0.006970160945734221
2009-04-29,1.0,0.0,1.0,0.0,2.08,9.0,9.379,478.0,94.97569,2.7,-0.7,-0.7,8.827,0.12,2.8,-0.1299999999999999,1.7000000000000002,-1.0039999999999996,-82.0,-0.6668200000000013,24.2,7.8,-1.7,-0.7210000000000001,0.0,1.0999999999999999,851.3366393786519,84.20334828480952,3.25,-0.5140764009067941,0.02035487285962285,0.0
2009-06-24,1.0,0.0,1.0,0.0,1.86,9.5,10.149,585.0,95.86977,2.7,-0.7,-0.7,8.827,0.12,3.1,-0.3600000000000001,1.1999999999999993,0.9259999999999984,3.0,1.0672399999999982,31.0,3.8,-0.39999999999999997,-0.3279999999999994,0.0,1.2000000000000002,731.0053175982307,88.37591244673528,3.25,1.998929953130285,-0.07502970318562656,0.0
2009-08-12,1.0,0.0,0.0,0.0,1.6,9.6,14.754,586.0,96.97207,15.6,1.4,0.5,8.691,0.12,2.8,-0.48,0.5999999999999996,5.375,108.0,1.996380000000002,12.899999999999999,2.0999999999999996,1.2,-0.13599999999999923,0.0,0.0,861.195183428596,84.661046831147,3.25,0.9433646400537502,-0.05975567266618811,0.0
2009-09-23,1.0,0.0,0.0,0.0,1.48,9.8,9.535,585.0,97.5008,15.6,1.4,0.5,8.691,0.12,2.2,-0.51,0.40000000000000036,-0.641,45.0,2.1327399999999983,12.899999999999999,2.0999999999999996,1.2,-0.13599999999999923,0.0,-0.5999999999999996,887.8826285995356,80.86514274212492,3.25,1.346125559826519,-0.030501637732502123,0.0
2009-11-04,1.0,0.0,0.0,0.0,1.38,9.9,11.041,588.0,98.43012,23.9,4.4,1.3,8.698,0.12,2.7,-0.2400000000000002,0.40000000000000036,-0.5250000000000004,-6.0,2.012050000000002,8.299999999999999,3.0000000000000004,0.8,0.006999999999999673,0.0,-0.19999999999999973,935.9734361921038,79.95410484826866,3.25,1.379863412256951,-0.038612514865855124,0.0
2009-12-16,1.0,0.0,0.0,0.0,1.36,9.9,11.284,581.0,98.83804,23.9,4.4,1.3,8.698,0.12,2.5,-0.24,0.3000000000000007,-3.469999999999999,-5.0,1.8659700000000043,8.299999999999999,3.0000000000000004,0.8,0.006999999999999673,0.0,-0.2999999999999998,1015.4760033102597,77.99921872114935,3.25,0.8156396050582905,-0.02723500961218951,0.0
2010-01-27,1.0,0.0,0.0,0.0,1.2,9.8,10.893,614.0,99.19005,9.3,1.9,1.2,8.708,0.12,2.8,-0.28,0.0,1.3580000000000005,29.0,1.6892500000000013,-6.299999999999999,0.5,0.7,0.01699999999999946,0.0,0.5999999999999996,1052.6044037121685,75.39876949727035,3.25,0.7321657246800335,0.01747706040682709,0.0
2010-03-16,1.0,0.0,0.0,0.0,1.0,9.9,11.772,636.0,99.62489,9.3,1.9,1.2,8.708,0.12,2.7,-0.3799999999999999,0.0,0.7309999999999999,48.0,1.1947699999999912,-14.599999999999998,-2.5000000000000004,-0.10000000000000009,0.009999999999999787,0.0,0.0,1106.2310138093324,74.94135736737933,3.25,0.051382832703062674,0.053170271344953,0.0
2010-04-28,1.0,0.0,0.0,0.0,0.93,9.9,11.454,687.0,99.69469,9.1,3.9,2.0,8.742,0.12,2.9,-0.43000000000000005,0.0,0.16999999999999993,106.0,0.8566499999999877,-14.799999999999999,-0.5000000000000004,0.7,0.04400000000000048,0.0,0.3999999999999999,1086.401397653788,77.74487425219111,3.25,0.8615657509196737,0.03517304770781127,0.0
2010-06-23,1.0,0.0,0.0,0.0,0.81,9.4,11.598,536.0,99.59248,9.1,3.9,2.0,8.742,0.12,2.8,-0.27,-0.40000000000000036,1.2830000000000013,-68.0,0.14140999999999337,-0.20000000000000107,2.0,0.8,0.034000000000000696,0.0,0.09999999999999964,1173.582340426405,78.80605020923775,3.25,-0.5303103732886162,0.07191711570306171,0.0
2010-08-10,1.0,0.0,0.0,0.0,0.85,9.5,12.014,599.0,99.51852,11.9,3.1,1.2,8.671,0.12,2.7,-0.08000000000000007,-0.40000000000000036,0.5599999999999987,-88.0,-0.17616999999999905,2.8000000000000007,-0.7999999999999998,-0.8,-0.0710000000000015,0.0,-0.19999999999999973,1174.1303489877396,84.07723184473375,3.25,-1.019181233677594,0.000274809302300263,0.0
2010-09-21,1.0,0.0,0.0,0.0,0.88,9.5,11.922,594.0,99.58582,11.9,3.1,1.2,8.671,0.12,2.2,0.0,-0.09999999999999964,-0.10799999999999876,11.0,-0.08490000000000464,2.8000000000000007,-0.7999999999999998,-0.8,-0.0710000000000015,0.0,-1.0,1075.4113387420398,86.86008496645117,3.25,0.1871172936617046,-0.05041021622240907,0.0
2010-11-03,1.0,0.0,0.0,0.0,0.8,9.4,12.414,543.0,99.71458,11.4,2.1,2.3,8.434,0.12,2.7,-0.04999999999999993,0.0,0.4659999999999993,-3.0,0.18971999999999412,-0.5,-1.0,1.0999999999999999,-0.2370000000000001,0.0,0.0,1058.366569018965,84.28444480254869,3.25,0.9895453744966268,-0.05742472502058208,0.0
2010-12-14,1.0,0.0,0.0,0.0,0.89,9.3,12.605,539.0,100.0884,11.4,2.1,2.3,8.434,0.12,3.0,0.040000000000000036,-0.1999999999999993,0.5910000000000011,-60.0,0.5698799999999977,-0.5,-1.0,1.0999999999999999,-0.2370000000000001,0.0,0.2999999999999998,1073.1246851816898,81.98146558168555,3.25,1.409775206676288,-0.03917596309277734,0.0
2011-01-26,1.0,0.0,0.0,0.0,1.0,9.1,12.806,630.0,100.2521,3.5,-0.9,2.1,8.205,0.12,3.4,0.12,-0.40000000000000036,0.8839999999999986,36.0,0.6662800000000004,-8.4,-4.0,0.9000000000000001,-0.4659999999999993,0.0,1.1999999999999997,1145.8174887777377,77.30010045796884,3.25,1.204433586447688,0.025978930209406653,0.0
2011-03-15,1.0,0.0,0.0,0.0,1.29,9.0,13.259,600.0,100.3488,3.5,-0.9,2.1,8.205,0.12,4.6,0.44000000000000006,-0.8000000000000007,0.9589999999999996,55.0,0.45335000000000036,-7.9,-3.0,-0.19999999999999973,-0.2289999999999992,0.0,1.5999999999999996,1197.02834180303,80.54884053078018,3.25,1.2593272959094255,-0.028632955221076437,0.0
2011-04-27,1.0,0.0,0.0,0.0,1.42,9.1,13.326,554.0,100.2435,6.9,2.7,2.7,8.044,0.12,4.6,0.5299999999999999,-0.20000000000000107,0.7210000000000001,15.0,0.15510000000000446,-4.5,0.6000000000000001,0.40000000000000036,-0.3899999999999988,0.0,1.5999999999999996,1278.321094980961,80.1065172467913,3.25,0.45742060578866084,-0.047938398071341204,0.0
2011-06-22,1.0,0.0,0.0,0.0,1.62,9.1,11.886,608.0,99.77991,6.9,2.7,2.7,8.044,0.12,3.8,0.4600000000000002,0.09999999999999964,-1.1950000000000003,91.0,-0.5709899999999948,3.4000000000000004,3.6,0.6000000000000001,-0.1609999999999996,0.0,0.3999999999999999,1321.0096790474001,76.6003242524732,3.25,-0.05172364115799922,-0.021642014036625468,0.0
2011-08-09,1.0,0.0,0.0,0.0,1.79,9.0,12.604,585.0,99.25172,5.6,-0.1,2.4,7.533,0.12,3.5,0.3700000000000001,-0.09999999999999964,-0.7220000000000013,31.0,-0.9917799999999914,-1.3000000000000007,-2.8000000000000003,-0.30000000000000027,-0.5110000000000001,0.0,-1.0999999999999996,1340.3906142803803,74.59081071805554,3.25,-0.4250751781694536,0.0016412876521975635,0.0
2011-09-21,1.0,0.0,0.0,0.0,1.84,9.0,13.356,650.0,99.12444,5.6,-0.1,2.4,7.533,0.12,3.3,0.28,0.0,1.0760000000000005,89.0,-0.9220599999999877,-1.3000000000000007,-2.8000000000000003,-0.30000000000000027,-0.5110000000000001,0.0,-0.7999999999999998,1344.6581155215993,74.59367118643111,3.25,-1.4944331625658733,0.0041878772382976616,0.0
2011-11-02,1.0,0.0,0.0,0.0,1.93,8.8,13.73,610.0,99.14287,3.1,4.6,0.5,7.339,0.12,3.2,0.22999999999999998,-0.1999999999999993,1.0099999999999998,-13.0,-0.35075999999999397,-2.4999999999999996,4.699999999999999,-1.9,-0.19399999999999995,0.0,-0.19999999999999973,1282.108291087431,73.97574326330874,3.25,-1.0680951591027699,0.02992829362341964,0.0
2011-12-13,1.0,0.0,0.0,0.0,2.06,8.5,13.798,694.0,99.50371,3.1,4.6,0.5,7.339,0.12,3.1,0.27,-0.5,1.1940000000000008,109.0,0.25198999999999216,-2.4999999999999996,4.699999999999999,-1.9,-0.19399999999999995,0.0,-0.3999999999999999,1156.4749167049633,74.86307575963124,3.25,0.7494467003565196,0.03455832448377176,0.0
2012-01-25,1.0,0.0,0.0,0.0,2.09,8.3,14.395,723.0,99.72057,5.0,3.4,2.4,7.264,0.12,3.3,0.24999999999999978,-0.6999999999999993,1.0389999999999997,73.0,0.5961299999999881,-0.5999999999999996,3.5,0.0,-0.26900000000000013,0.0,0.0,1178.0685955143776,76.50723998446425,3.25,0.9509524370526811,0.03680507598516184,0.0
2012-03-13,1.0,0.0,0.0,0.0,2.02,8.2,14.594,695.0,99.93271,5.0,3.4,2.4,7.264,0.12,3.9,0.030000000000000027,-0.40000000000000036,0.8509999999999991,-16.0,0.6459100000000007,1.9,-1.1999999999999997,1.9,-0.07500000000000018,0.0,0.6999999999999997,1194.124006050174,79.25052047216592,3.25,1.6085505507403564,0.0034778606380565344,0.0
2012-04-25,1.0,0.0,0.0,0.0,1.99,8.2,14.769,753.0,99.90459,4.0,1.8,1.7,7.183,0.12,3.2,-0.07000000000000006,-0.3000000000000007,0.9710000000000001,59.0,0.4008800000000008,0.8999999999999999,-2.8,1.2,-0.15600000000000058,0.0,0.10000000000000009,1278.8421112829897,80.14308006222508,3.25,1.193962224306433,-0.008358714010382356,0.0
2012-06-20,1.0,0.0,0.0,0.0,1.9,8.2,14.467,757.0,99.69522,4.0,1.8,1.7,7.183,0.12,3.1,-0.1200000000000001,-0.10000000000000142,-0.5079999999999991,53.0,-0.17740999999999474,-1.0,-1.5999999999999999,-0.7,-0.0810000000000004,0.0,-0.19999999999999973,1403.2060615090763,78.41985238980847,3.25,-0.6887910426435535,0.03030730284036283,0.0
2012-08-01,1.0,0.0,0.0,0.0,1.84,8.2,14.38,740.0,99.60623,2.5,0.6,2.2,6.939,0.12,3.0,-0.1499999999999999,0.0,-0.38899999999999935,-13.0,-0.2983600000000024,-1.5,-1.2000000000000002,0.5000000000000002,-0.24399999999999977,0.0,-0.20000000000000018,1370.6124505563944,79.08138248860335,3.25,-0.31525306196366254,0.03950655455943135,0.0
2012-09-13,1.0,0.0,0.0,0.0,1.79,7.8,15.099,847.0,99.60523,2.5,0.6,2.2,6.939,0.12,3.3,-0.1299999999999999,-0.39999999999999947,0.6029999999999998,139.0,-0.20656999999999925,-1.5,-1.2000000000000002,0.5000000000000002,-0.24399999999999977,0.0,0.2999999999999998,1295.233274520746,82.49534961476046,3.25,1.1219955298724358,-0.003899240323984797,0.0
2012-10-24,1.0,0.0,0.0,0.0,1.78,7.8,14.83,915.0,99.67945,0.4,0.5,2.0,6.728,0.12,3.1,-0.11999999999999988,-0.39999999999999947,0.36299999999999955,158.0,-0.015770000000003392,-3.6,-1.3,0.30000000000000004,-0.45500000000000007,0.0,0.0,1344.3475279735917,83.66854642659676,3.25,1.051899252194588,-0.03893277568026597,0.0
2012-12-12,1.0,0.0,0.0,0.0,1.62,7.9,15.462,976.0,99.89803,0.4,0.5,2.0,6.728,0.12,3.2,-0.16999999999999993,-0.1999999999999993,1.017999999999999,222.0,0.3260400000000061,-2.1,-0.09999999999999998,-0.20000000000000018,-0.2110000000000003,0.0,-0.3999999999999999,1436.600112735524,80.89605061827588,3.25,-0.26862179400693004,-0.008315057106599428,0.0
2013-01-30,1.0,0.0,0.0,0.0,1.57,8.0,15.813,888.0,100.04,2.1,4.0,1.6,6.729,0.12,3.3,-0.20999999999999996,0.20000000000000018,0.9830000000000005,-27.0,0.3605500000000035,1.7000000000000002,3.5,-0.3999999999999999,0.001000000000000334,0.0,0.19999999999999973,1405.0449366978237,80.10631898190795,3.25,0.42293434898290605,-0.0009830460727019554,0.0
2013-03-20,1.0,0.0,0.0,0.0,1.56,7.5,15.721,1010.0,100.3071,2.1,4.0,1.6,6.729,0.12,3.2,-0.1399999999999999,-0.20000000000000018,0.26500000000000057,177.0,0.5309100000000058,1.7000000000000002,3.5,-0.3999999999999999,0.001000000000000334,0.0,0.10000000000000009,1390.202243939568,79.38867227249787,3.25,1.4157674315919428,0.01783905311826796,0.0
2013-05-01,1.0,0.0,0.0,0.0,1.42,7.6,15.811,835.0,100.4213,3.7,1.1,0.9,6.648,0.12,3.1,-0.20000000000000018,-0.3000000000000007,0.3490000000000002,-141.0,0.5232699999999966,3.3000000000000003,0.6000000000000001,-1.1,-0.08000000000000007,0.0,-0.10000000000000009,1464.338204212349,79.40923056081563,3.25,1.0587698626358646,0.03342280885701573,0.0
2013-06-19,1.0,0.0,0.0,0.0,1.5,7.5,16.149,839.0,100.6236,3.7,1.1,0.9,6.648,0.12,3.0,-0.1100000000000001,-0.20000000000000018,0.28800000000000026,-123.0,0.43849999999999056,1.6,-2.9,-0.7000000000000001,-0.0810000000000004,0.0,-0.2999999999999998,1513.3973182485886,82.2190925758426,3.25,1.2384657742036165,0.005159942459608481,0.0
2013-07-31,1.0,0.0,0.0,0.0,1.55,7.3,16.021,880.0,100.6774,3.5,3.5,2.0,6.623,0.12,3.1,0.13000000000000012,-0.2999999999999998,0.21000000000000085,45.0,0.25610000000000355,-0.20000000000000018,2.4,1.1,-0.024999999999999467,0.0,0.0,1571.2415320131959,82.67519719099798,3.25,0.8871852286332965,5.576586455060001e-05,0.0
2013-09-18,1.0,0.0,0.0,0.0,1.52,7.2,15.857,850.0,100.7212,3.5,3.5,2.0,6.623,0.12,3.3,0.1200000000000001,-0.2999999999999998,-0.027000000000001023,-80.0,0.18679999999999097,-0.20000000000000018,2.4,1.1,-0.024999999999999467,0.0,0.19999999999999973,1631.3659875180542,83.03424778465464,3.25,0.39605151829667246,-0.013440467944224658,0.0
2013-10-30,1.0,0.0,0.0,0.0,1.52,7.2,15.727,925.0,100.7246,12.0,3.5,2.1,6.492,0.12,3.0,-0.030000000000000027,-0.09999999999999964,-0.2940000000000005,45.0,0.04719999999998947,8.5,0.0,0.10000000000000009,-0.13100000000000023,0.0,-0.10000000000000009,1651.876869522223,83.27733641552325,3.25,0.5358385728000151,-0.03183635455763012,0.0
2013-12-18,1.0,0.0,0.0,0.0,1.65,6.7,15.835,1002.0,100.721,12.0,3.5,2.1,6.492,0.12,3.0,0.10999999999999988,-0.5,0.008000000000000895,85.0,0.012300000000010414,8.5,0.0,0.10000000000000009,-0.13100000000000023,0.0,0.0,1638.01738306895,81.2738101446328,3.25,1.5368767815902178,-0.010110165186204082,0.0
2014-01-29,1.0,0.0,0.0,0.0,1.63,6.6,15.614,888.0,100.7091,-3.8,-1.4,1.5,6.314,0.12,3.1,0.10999999999999988,-0.6000000000000005,-0.24299999999999855,38.0,-0.012099999999989564,-7.3,-4.9,-0.5,-0.30900000000000016,0.0,-0.19999999999999973,1709.4930948722263,80.04426468600747,3.25,1.2651049267445984,0.006695985814442135,0.0
2014-03-19,0.0,0.0,0.0,0.0,1.59,6.7,16.985,970.0,100.7724,-3.8,-1.4,1.5,6.314,0.12,3.2,0.0,-0.20000000000000018,0.9059999999999988,-130.0,0.04420000000000357,-15.8,-4.9,-0.6000000000000001,-0.17799999999999994,0.0,0.30000000000000027,1794.5655433975348,80.78447009495328,3.25,0.45165788123214046,-0.005509463485328749,0.0
2014-04-30,0.0,0.0,0.0,0.0,1.72,6.2,16.695,1043.0,100.83,8.9,5.3,2.3,6.272,0.12,3.2,0.07000000000000006,-0.5,0.8599999999999994,41.0,0.10899999999999466,-3.0999999999999996,1.7999999999999998,0.19999999999999973,-0.21999999999999975,0.0,0.20000000000000018,1813.562875340566,80.88457620764981,3.25,0.46274997030393134,-0.010633034835834988,0.0
2014-06-18,0.0,0.0,0.0,0.0,1.72,6.1,17.516,911.0,100.9181,8.9,5.3,2.3,6.272,0.12,3.1,0.1499999999999999,-0.6000000000000005,1.522999999999998,-33.0,0.19199999999999307,12.7,6.699999999999999,0.7999999999999998,-0.041999999999999815,0.0,-0.10000000000000009,1834.5937604118797,79.78564278097713,3.25,0.7153970018307239,0.0038311549595424093,0.0
2014-07-30,0.0,0.0,0.0,0.0,1.73,6.2,17.277,1085.0,100.9373,1.7,5.0,1.7,6.277,0.12,3.3,0.1399999999999999,-0.5,0.2920000000000016,115.0,0.16489999999998872,5.5,6.4,0.19999999999999996,-0.03699999999999992,0.0,0.09999999999999964,1839.6540165236017,79.73803364088555,3.25,1.3054594465070195,0.007100698571313124,0.0
2014-09-17,0.0,0.0,0.0,0.0,1.7,5.9,16.959,1023.0,100.9306,1.7,5.0,1.7,6.277,0.12,3.0,-0.07000000000000006,-0.39999999999999947,-0.17800000000000082,16.0,0.04989999999999384,-7.2,-0.2999999999999998,-0.5999999999999999,0.004999999999999893,0.0,-0.2999999999999998,1921.174393597771,79.46616033986837,3.25,0.6437695797582141,0.029520998814730467,0.0
2014-10-29,0.0,0.0,0.0,0.0,1.68,5.7,16.756,1074.0,100.9024,3.4,2.0,0.4,6.165,0.12,2.9,-0.040000000000000036,-0.39999999999999947,-0.759999999999998,163.0,-0.015699999999995384,-5.5,-3.3,-1.9,-0.1070000000000002,0.0,-0.20000000000000018,1981.1947392824318,79.46793600130482,3.25,-0.26910192970196556,0.05948377945300536,0.0
2014-12-17,0.0,0.0,0.0,0.0,1.6,5.6,17.178,1073.0,100.7878,3.4,2.0,0.4,6.165,0.12,2.8,-0.08999999999999986,-0.5,-0.06099999999999994,89.0,-0.15319999999999823,1.7,-3.0,-1.2999999999999998,-0.1120000000000001,0.0,-0.40000000000000036,1959.3957146139705,82.53126509209642,3.25,0.6578479788035445,0.05649187799499102,0.0
2015-01-28,0.0,0.0,0.0,0.0,1.49,5.7,16.91,1085.0,100.6969,-3.1,3.6,-0.2,6.06,0.12,2.5,-0.20999999999999996,-0.20000000000000018,-0.04899999999999949,62.0,-0.2336999999999989,-4.8,-1.4,-1.9,-0.21700000000000053,0.0,-0.5,1951.2217820111443,84.49847940396862,3.25,1.1051813736037976,0.06867411181112072,0.0
2015-03-18,0.0,0.0,0.0,0.0,1.55,5.4,17.896,960.0,100.4792,-3.1,3.6,-0.2,6.06,0.12,3.0,-0.08999999999999986,-0.39999999999999947,0.9469999999999992,-41.0,-0.3774999999999977,-6.5,1.6,-0.6000000000000001,-0.10500000000000043,0.0,0.20000000000000018,2043.3942507447316,86.9415667589973,3.25,0.2646395608445311,0.09157862329802238,0.0
2015-04-29,0.0,0.0,0.0,0.0,1.57,5.4,17.693,1190.0,100.3682,1.1,2.5,2.3,6.097,0.12,2.6,-0.030000000000000027,-0.1999999999999993,0.5150000000000006,117.0,-0.41960000000000264,-2.3,0.5,1.9,-0.06799999999999962,0.0,-0.19999999999999973,2036.1805223993895,91.65188192800314,3.25,0.5731530314886812,0.06680473596040144,0.0
2015-06-17,0.0,0.0,0.0,0.0,1.57,5.3,17.889,1205.0,100.1227,1.1,2.5,2.3,6.097,0.12,2.7,0.020000000000000018,-0.20000000000000018,0.9980000000000011,319.0,-0.4679000000000002,4.2,-1.1,2.5,0.03700000000000081,0.0,-0.09999999999999964,2084.087430604566,97.23118509244517,3.25,0.21592740351072887,-0.012435688365984585,0.0
2015-07-29,0.0,0.0,0.0,0.0,1.55,5.2,18.318,1146.0,99.96289,-3.2,1.6,1.1,6.057,0.12,2.8,0.0,-0.20000000000000018,0.4220000000000006,186.0,-0.5163100000000043,-0.10000000000000009,-2.0,1.3,-0.0029999999999992255,0.0,-0.20000000000000018,2098.2630407509682,96.83639557141215,3.25,0.021112170081552164,-0.010202397568038072,0.0
2015-09-17,0.0,0.0,0.0,0.0,1.56,5.0,18.281,1224.0,99.61057,-3.2,1.6,1.1,6.057,0.12,2.8,0.010000000000000009,-0.5999999999999996,0.3520000000000003,145.0,-0.6401299999999992,-4.300000000000001,-0.8999999999999999,-1.1999999999999997,-0.040000000000000036,0.0,0.0,2148.0870397744056,95.92160538104403,3.25,-1.3834676312510572,0.0037742491954242774,0.0
2015-10-28,0.0,0.0,0.0,0.0,1.52,5.0,18.27,1058.0,99.46815,-0.5,0.7,0.0,6.007,0.12,2.7,-0.050000000000000044,-0.2999999999999998,0.3810000000000002,-147.0,-0.6545500000000004,-1.6,-1.8,-2.3,-0.09000000000000075,0.0,0.0,2094.715934227695,97.04982377060321,3.25,-1.1942538221343222,-0.015580262093271664,0.0
2015-12-16,0.0,0.0,0.0,0.0,1.48,5.0,17.503,1146.0,99.2442,-0.5,0.7,0.0,6.007,0.12,2.6,-0.09000000000000008,-0.09999999999999964,-0.8879999999999981,16.0,-0.5392699999999877,2.7,-0.9000000000000001,-1.1,-0.05000000000000071,0.0,-0.19999999999999973,1941.4225522850743,94.57534908006171,3.25,1.2911446107756532,0.03827709355019483,0.0
2016-01-27,0.0,0.0,0.0,1.0,1.6,4.8,18.054,1092.0,99.1592,-1.1,2.3,-0.3,5.927,0.38,2.5,0.040000000000000036,-0.20000000000000018,-0.2270000000000003,-132.0,-0.45136999999999716,2.1,0.6999999999999997,-1.4000000000000001,-0.13000000000000078,0.26,-0.2999999999999998,2058.375349028772,96.00990354714274,3.1680672268907566,-0.5874101198427593,0.031964315781989265,0.0027773821392963957
2016-03-16,0.0,0.0,0.0,0.0,1.62,5.0,17.291,1111.0,99.07903,-1.1,2.3,-0.3,5.927,0.38,2.7,0.13000000000000012,-0.09999999999999964,-1.0229999999999997,-61.0,-0.26941999999999666,-0.6000000000000001,1.5999999999999999,-0.3,-0.08000000000000007,0.26,0.0,2070.3352903734735,99.47414699522386,3.291596638655462,-1.5117817263541407,-0.021366403544667272,0.0024284289987181315
2016-04-27,0.0,0.0,0.0,0.0,1.64,5.1,17.669,1163.0,99.07615,3.1,1.3,2.7,5.798,0.38,2.8,0.15999999999999992,0.09999999999999964,0.16600000000000037,17.0,-0.16805000000000803,3.6,0.6000000000000001,2.7,-0.20899999999999963,0.0,0.19999999999999973,1894.2008164349725,99.46511321508584,3.5,1.4615357766683204,-0.043865332625866796,0.0
2016-06-15,0.0,0.0,0.0,0.0,1.66,4.9,17.735,1203.0,99.07256,3.1,1.3,2.7,5.798,0.38,2.6,0.06999999999999984,0.0,-0.36100000000000065,-22.0,-0.02823000000000775,4.2,-0.9999999999999998,3.0,-0.12899999999999956,0.0,0.10000000000000009,1965.544458315553,96.83840741710503,3.5,1.3177566543533463,-0.0262798082758908,0.0
2016-07-27,0.0,0.0,0.0,1.0,1.67,4.8,18.109,1239.0,99.08393,6.7,2.9,1.0,5.731,0.4,2.7,0.04999999999999982,-0.20000000000000018,0.8180000000000014,128.0,0.004899999999992133,7.800000000000001,0.6000000000000001,1.3,-0.19599999999999973,0.020000000000000018,0.0,2048.125992975315,93.85455420998966,3.5,0.6555271580626426,0.018754882334372416,0.0
2016-09-21,0.0,0.0,0.0,0.0,1.74,5.0,17.956,1068.0,99.20682,6.7,2.9,1.0,5.731,0.4,2.4,0.06000000000000005,0.20000000000000018,0.26099999999999923,-80.0,0.13071999999999662,3.6,1.5999999999999999,-1.7000000000000002,-0.06700000000000017,0.020000000000000018,0.0,2079.956583128857,95.15581042506115,3.5,0.9443479489336121,0.006078697870708421,0.0
2016-11-02,0.0,0.0,0.0,0.0,1.82,4.9,17.954,1313.0,99.33022,-3.0,2.2,1.9,5.708,0.4,2.4,0.15000000000000013,0.10000000000000053,-0.15500000000000114,74.0,0.2462900000000019,-9.7,-0.6999999999999997,0.8999999999999999,-0.022999999999999687,0.0,-0.30000000000000027,2166.3927085043,95.53067346781242,3.5,-0.1400402778133234,0.012248944020512458,0.0
2016-12-14,0.0,0.0,0.0,0.0,1.91,4.7,18.277,1252.0,99.63734,-3.0,2.2,1.9,5.708,0.4,2.2,0.19999999999999996,-0.20000000000000018,0.3500000000000014,81.0,0.5135199999999998,-9.7,-0.6999999999999997,0.8999999999999999,-0.022999999999999687,0.0,-0.2999999999999998,2150.674800789456,93.88730628390272,3.5,0.23976316377318926,0.062184943169410575,0.0
2017-02-01,0.0,1.0,0.0,1.0,1.95,4.7,17.652,1190.0,99.76431,10.1,2.0,2.1,5.647,0.65,2.6,0.1299999999999999,-0.20000000000000018,-0.3019999999999996,-123.0,0.43408999999999764,13.1,-0.20000000000000018,0.20000000000000018,-0.06099999999999994,0.25,0.20000000000000018,2112.7757279083507,97.5445998023538,3.4202731092436975,1.5965655141161337,0.04564485771332413,0.0029892465460760577
2017-03-15,0.0,1.0,0.0,0.0,1.84,4.4,17.061,1190.0,99.88908,10.1,2.0,2.1,5.647,0.65,2.5,-0.010000000000000009,-0.2999999999999998,-0.7310000000000016,50.0,0.407810000000012,13.1,-0.20000000000000018,0.20000000000000018,-0.06099999999999994,0.25,0.10000000000000009,2184.167249048057,101.6423482141575,3.541596638655462,1.6112672654469629,-0.005020577295300875,0.0024284289987181315
2017-05-03,0.0,1.0,0.0,1.0,1.78,4.4,17.166,1146.0,99.90274,1.4,2.3,1.1,5.556,0.9,2.5,-0.16999999999999993,-0.2999999999999998,-0.48600000000000065,-44.0,0.1384299999999996,-8.7,0.2999999999999998,-1.0,-0.09100000000000019,0.25,-0.10000000000000009,2277.178239787126,101.46935278628054,3.6702731092436975,0.9484629833295871,-0.013309072894667016,0.0029892465460760577
2017-06-14,0.0,1.0,0.0,0.0,1.68,4.3,17.13,1249.0,99.92577,1.4,2.3,1.1,5.556,0.9,2.6,-0.22999999999999998,-0.2999999999999998,-0.5690000000000026,-22.0,0.07738999999999407,-8.7,0.2999999999999998,-1.0,-0.09100000000000019,0.25,-0.10000000000000009,2343.664359982274,102.0255622799657,3.791596638655462,0.5655875912997612,-0.040890462506175666,0.0024284289987181315
2017-07-26,0.0,1.0,0.0,1.0,1.64,4.3,17.237,1206.0,99.95693,2.4,3.2,2.1,5.52,1.15,2.6,-0.20000000000000018,-0.10000000000000053,0.17599999999999838,16.0,0.06784999999999286,-7.699999999999999,1.2000000000000002,0.0,-0.12700000000000067,0.2499999999999999,0.10000000000000009,2344.432999400932,100.91981052430738,3.918067226890756,1.0071089292112496,-0.05113194700218545,0.002777382139296396
2017-09-20,0.0,1.0,0.0,0.0,1.63,4.3,18.313,1181.0,100.1326,2.4,3.2,2.1,5.52,1.15,2.7,-0.050000000000000044,-0.10000000000000053,1.2319999999999993,24.0,0.2225999999999999,1.0,0.9000000000000004,1.0,-0.036000000000000476,0.2499999999999999,0.10000000000000009,2419.016046193868,98.00872344970703,4.07983193277311,0.49995475000778905,-0.054875095086531676,0.0020296254094858282
2017-11-01,0.0,1.0,0.0,0.0,1.63,4.2,18.482,1257.0,100.2557,10.8,4.6,2.5,5.541,1.15,2.4,-0.010000000000000009,-0.09999999999999964,1.245000000000001,51.0,0.29877000000000464,8.4,1.3999999999999995,0.3999999999999999,0.021000000000000796,0.0,-0.20000000000000018,2421.05922256598,94.35703443318856,4.25,1.1403197112067813,-0.014840777187567435,0.0
2017-12-13,0.0,1.0,0.0,0.0,1.66,4.1,17.887,1177.0,100.5045,10.8,4.6,2.5,5.541,1.15,2.7,0.020000000000000018,-0.3000000000000007,0.8360000000000021,18.0,0.4754999999999967,8.4,1.3999999999999995,0.3999999999999999,0.021000000000000796,0.0,0.10000000000000009,2435.865956231125,92.58508749889727,4.25,1.7599321576982214,0.012276686774480542,0.0
2018-01-31,0.0,1.0,0.0,1.0,1.72,4.0,17.176,1299.0,100.6268,2.6,3.3,2.6,5.579,1.42,2.7,0.09000000000000008,-0.20000000000000018,-1.306000000000001,42.0,0.37109999999999843,-8.200000000000001,-1.2999999999999998,0.10000000000000009,0.03799999999999937,0.27,0.30000000000000027,2502.1272054720325,94.83271848854898,4.1702731092436975,2.475170888005626,-0.030459118609312223,0.0029892465460760564
2018-03-21,1.0,1.0,0.0,0.0,1.79,4.0,17.662,1318.0,100.8117,2.6,3.3,2.6,5.579,1.42,2.8,0.14000000000000012,-0.20000000000000018,-0.3410000000000011,45.0,0.4309999999999974,-8.200000000000001,-1.2999999999999998,0.10000000000000009,0.03799999999999937,0.27,0.2999999999999998,2650.2380957851888,93.78881570511506,4.32983193277311,1.079622266014456,-0.042322894858254495,0.0020296254094858282
2018-05-02,1.0,1.0,0.0,1.0,1.76,4.0,17.584,1276.0,100.8373,2.2,2.1,2.9,5.629,1.7,2.7,0.040000000000000036,0.0,0.40800000000000125,-23.0,0.21049999999999613,-0.3999999999999999,-1.1999999999999997,0.2999999999999998,0.04999999999999982,0.28,0.0,2788.426672465861,90.50140735081264,4.418067226890756,-1.2679952052325165,-0.005624193018478741,0.002777382139296396
2018-06-13,1.0,1.0,0.0,0.0,1.9,4.0,17.743,1192.0,100.7822,2.2,2.1,2.9,5.629,1.7,3.0,0.1499999999999999,-0.09999999999999964,0.2959999999999994,-85.0,0.043500000000008754,-0.3999999999999999,-1.1999999999999997,0.2999999999999998,0.04999999999999982,0.28,0.2999999999999998,2691.123376670004,88.5498064313616,4.508508403361345,0.09462305223002865,0.04477611216295305,0.002739994302805868
2018-08-01,1.0,1.0,0.0,1.0,1.93,3.8,17.629,1208.0,100.7105,-4.9,2.5,1.7,5.636,1.9,2.9,0.16999999999999993,-0.20000000000000018,0.045000000000001705,-68.0,-0.1268000000000029,-7.1000000000000005,0.3999999999999999,-1.2,0.007000000000000561,0.19999999999999996,0.19999999999999973,2634.2246519457394,90.45207595825195,4.6702731092436975,1.5324080162553628,0.04586141249712773,0.0029892465460760564
2018-09-26,1.0,1.0,0.0,0.0,1.94,3.7,17.776,1250.0,100.4742,-4.9,2.5,1.7,5.636,1.92,2.7,0.07999999999999985,-0.09999999999999964,-0.053000000000000824,-107.0,-0.3509999999999991,-7.1000000000000005,0.3999999999999999,-1.2,0.007000000000000561,0.21999999999999997,-0.09999999999999964,2716.799892085741,94.26564269827193,4.873214285714286,1.6896060354093965,0.00929334249579325,0.00154358353510896
2018-11-08,1.0,1.0,0.0,1.0,2.02,3.8,18.061,1181.0,100.0727,1.7,0.6,1.7,5.604,2.2,2.8,0.09000000000000008,0.0,0.4319999999999986,-27.0,-0.6377999999999986,6.6000000000000005,-1.9,0.0,-0.03200000000000003,0.30000000000000027,-0.10000000000000009,2865.9989152155003,94.72482360391056,4.918067226890756,-0.5400399752889766,0.00986697886034625,0.0028129896026207087
2018-12-19,1.0,1.0,0.0,0.0,2.02,3.9,18.077,1095.0,99.84918,1.7,0.6,1.7,5.604,2.2,2.7,0.09000000000000008,0.10000000000000009,0.5130000000000017,-193.0,-0.7637199999999922,6.6000000000000005,-1.9,0.0,-0.03200000000000003,0.28000000000000025,-0.2999999999999998,2941.4170371175815,94.50505166254125,5.008508403361345,-2.548284864296619,0.023633234936565155,0.002739994302805868
2019-01-30,1.0,1.0,0.0,1.0,1.92,4.0,16.91,1232.0,99.64113,4.4,2.2,1.4,5.636,2.4,2.7,-0.040000000000000036,0.20000000000000018,-1.0809999999999995,11.0,-0.6475700000000018,2.7,1.6,-0.30000000000000004,0.03200000000000003,0.19999999999999973,-0.19999999999999973,2819.9870622907365,96.14929517217043,5.168067226890756,-2.5578450839585036,0.003850435562035982,0.002777382139296396
2019-03-20,1.0,1.0,0.0,0.0,2.0,3.8,17.732,1195.0,99.32806,4.4,2.2,1.4,5.636,2.4,2.5,-0.020000000000000018,0.0,-0.3290000000000006,14.0,-0.744640000000004,2.7,1.6,-0.30000000000000004,0.03200000000000003,0.19999999999999973,-0.2999999999999998,2554.408414337415,96.68560051797819,5.291596638655462,1.8690084896677148,-0.0023709538281430687,0.0024284289987181306
2019-05-01,1.0,1.0,0.0,0.0,2.12,3.6,16.868,1267.0,99.20252,-2.8,3.4,2.0,5.627,2.4,2.5,0.10000000000000009,-0.2999999999999998,-1.2090000000000032,172.0,-0.6466599999999971,-4.5,2.8,0.30000000000000004,0.022999999999999687,0.0,-0.20000000000000018,2570.679057453059,95.77186072854434,5.5,3.2357157774722705,0.014682889633276523,0.0
2019-06-19,1.0,1.0,0.0,-1.0,2.0,3.6,17.815,1228.0,98.97952,-2.8,3.4,2.0,5.627,2.35,2.7,0.040000000000000036,-0.19999999999999973,0.870000000000001,100.0,-0.4873200000000111,-7.2,1.1999999999999997,0.6000000000000001,-0.009000000000000341,-0.04999999999999982,0.10000000000000009,2811.032062639509,96.64931115222578,5.5,0.6289050990165665,0.009320893727074184,0.0
2019-07-31,1.0,1.0,0.0,0.0,2.04,3.7,17.731,1245.0,98.89021,0.6,4.6,1.2,5.603,2.35,2.6,-0.08000000000000007,0.10000000000000009,0.8630000000000031,-22.0,-0.31231000000001075,3.4,1.1999999999999997,-0.8,-0.02400000000000002,-0.04999999999999982,0.10000000000000009,2853.6532502502955,97.52357169399743,5.5,0.9637761920015621,-0.003910413078391776,0.0
2019-09-18,1.0,1.0,0.0,-1.0,2.01,3.5,17.746,1300.0,98.82976,0.6,4.6,1.2,5.603,2.1,2.8,-0.010000000000000231,-0.20000000000000018,-0.28100000000000236,-7.0,-0.256440000000012,3.4,1.1999999999999997,-0.8,-0.02400000000000002,-0.25,-0.10000000000000009,2868.328791873195,96.8648740239504,5.5797268907563025,0.9203280904357239,0.012006833372997659,-0.0029892465460760564
2019-10-30,1.0,1.0,0.0,-1.0,2.02,3.6,17.087,1332.0,98.8852,1.4,2.6,1.3,5.52,1.8,2.5,-0.020000000000000018,-0.10000000000000009,-0.6440000000000019,87.0,-0.005009999999998627,0.7999999999999999,-1.9999999999999996,0.10000000000000009,-0.08300000000000018,-0.55,-0.10000000000000009,2958.362624839975,97.36104154186089,5.540336134453781,0.04069612973301083,0.0113097901120856,-0.005205811138014527
2019-12-11,1.0,1.0,0.0,-1.0,1.93,3.6,17.551,1551.0,99.05483,1.4,2.6,1.3,5.52,1.55,2.3,-0.1100000000000001,-0.10000000000000009,-0.3080000000000034,184.0,0.22433999999999799,0.7999999999999999,-1.9999999999999996,0.10000000000000009,-0.08300000000000018,-0.55,-0.40000000000000036,2874.3064426454175,98.47123512460405,5.323424369747899,2.230642666726383,-0.004449083322542156,-0.005517376442102264
2020-01-29,1.0,1.0,0.0,0.0,1.98,3.5,16.841,1572.0,99.09734,-15.4,-5.3,1.9,5.328,1.55,2.5,-0.029999999999999805,0.0,-0.9049999999999976,272.0,0.2675800000000095,-16.0,-9.899999999999999,0.7,-0.27499999999999947,-0.25,-0.2999999999999998,2933.7494916130518,98.40729811211594,4.958403361344538,3.3274619431326555,-0.010951219435652271,-0.0024284289987181306
2020-03-15,1.0,1.0,1.0,1.0,1.88,4.4,11.736,1267.0,97.66722,-15.4,-5.3,1.9,5.328,1.6,2.2,-0.050000000000000044,0.8000000000000003,-5.8580000000000005,-79.0,-1.3039899999999989,-16.8,-7.9,0.5999999999999999,-0.19199999999999928,0.050000000000000044,-0.2999999999999998,3207.4337245396205,97.63062952506442,4.8161764705882355,-0.18204015708176835,0.002234021789785504,-0.001762569434553482
2020-04-29,1.0,1.0,1.0,-1.0,1.74,14.7,8.834,925.0,92.62319,-61.5,-28.0,-1.6,1.589,0.1,2.1,-0.18999999999999995,11.1,-8.716999999999999,-626.0,-6.431640000000002,-62.9,-30.6,-2.9000000000000004,-3.9309999999999996,-1.45,-0.19999999999999973,3435.70643433643,96.93463025453711,5.218277310924369,-7.414136985319154,0.02927631339597625,-0.017764563452499642
2020-06-10,1.0,1.0,0.0,0.0,1.8,11.0,13.545,1266.0,96.17052,-61.5,-28.0,-1.6,1.589,0.1,3.0,-0.17999999999999994,7.5,-3.481,-299.0,-2.8976100000000002,-46.1,-22.7,-3.5,-3.7390000000000003,-1.5,0.6000000000000001,2934.612318946133,99.05774429385403,4.490336134453781,-0.8614139428116329,0.0029765651362214556,-0.014399658168352081
2020-07-29,1.0,1.0,0.0,0.0,1.85,10.2,15.279,1529.0,97.72092,62.0,34.8,3.6,1.278,0.1,3.0,-0.029999999999999805,5.799999999999999,3.5429999999999993,262.0,0.0537000000000063,77.4,40.099999999999994,1.7000000000000002,-4.050000000000001,0.0,0.7999999999999998,2679.1104207014837,100.84358380101308,3.25,5.088295113960573,-0.04329104459518348,0.0
2020-09-16,1.0,1.0,0.0,0.0,1.86,7.9,16.77,1463.0,98.72652,62.0,34.8,3.6,1.278,0.1,2.6,0.040000000000000036,-5.299999999999999,4.221,409.0,4.404559999999989,123.5,62.8,5.2,-0.31099999999999994,0.0,-0.6000000000000001,2971.326441763229,99.14359702102276,3.25,4.245346008917998,-0.061760147914063354,0.0
2020-11-05,1.0,1.0,0.0,0.0,1.72,6.7,16.405,1545.0,99.47733,25.8,4.2,2.8,1.252,0.1,2.8,-0.13000000000000012,-3.499999999999999,1.1260000000000012,16.0,1.7564099999999883,-36.2,-30.599999999999998,-0.8000000000000003,-0.026000000000000023,0.0,-0.20000000000000018,3256.369624392726,94.66583256120441,3.25,1.6233021499118712,-0.015689226277379457,0.0
2020-12-16,1.0,1.0,0.0,0.0,1.71,6.7,17.052,1663.0,99.89468,25.8,4.2,2.8,1.252,0.1,2.5,-0.16000000000000014,-1.7000000000000002,1.1839999999999993,286.0,1.4562699999999893,-36.2,-30.599999999999998,-0.8000000000000003,-0.026000000000000023,0.0,-0.6000000000000001,3326.161648995536,93.71513027864344,3.25,2.415577952248165,-0.01476719476884285,0.0
2021-01-27,1.0,0.0,0.0,0.0,1.7,6.3,16.629,1602.0,100.2705,0.9,5.2,5.3,1.231,0.1,3.0,-0.16000000000000014,-1.6000000000000005,-0.14099999999999824,139.0,1.5439800000000048,-61.1,-29.599999999999998,1.6999999999999997,-0.04699999999999993,0.0,0.3999999999999999,3349.4344708098083,94.11544114120868,3.25,4.2070584598047365,-0.039125123898063795,0.0
2021-03-17,1.0,0.0,0.0,0.0,1.81,6.1,18.287,1700.0,100.9771,0.9,5.2,5.3,1.231,0.1,3.1,0.09000000000000008,-0.6000000000000005,1.881999999999998,155.0,1.499769999999998,-24.900000000000002,1.0,2.5,-0.020999999999999908,0.0,0.30000000000000027,3611.632252412684,91.007348645635,3.25,2.7486915648144845,-0.003108457221110111,0.0
2021-04-28,1.0,0.0,0.0,0.0,1.94,6.1,18.502,1484.0,101.2526,2.0,6.2,6.2,1.214,0.1,3.4,0.22999999999999998,-0.6000000000000005,1.4499999999999993,-179.0,1.3579200000000071,-23.8,2.0,3.4000000000000004,-0.038000000000000034,0.0,0.8999999999999999,3713.964150308561,89.92025632778136,3.25,3.3547040936342762,0.020818900056857204,0.0
2021-06-16,1.0,0.0,0.0,0.0,2.08,5.9,15.996,1661.0,101.3408,2.0,6.2,6.2,1.214,0.1,4.2,0.3700000000000001,-0.2999999999999998,-0.08000000000000007,239.0,0.6936000000000035,1.1,1.0,0.9000000000000004,-0.017000000000000126,0.0,0.9000000000000004,3850.8430866145286,91.92692442821856,3.25,3.6794081118113295,-0.013602624525627915,0.0
2021-07-28,1.0,0.0,0.0,1.0,2.13,5.4,15.306,1593.0,101.2905,1.5,3.3,6.0,1.209,0.15,4.7,0.31999999999999984,-0.6999999999999993,-2.981,-107.0,0.31340000000000146,0.6,-1.9000000000000004,0.7000000000000002,-0.02200000000000002,0.04999999999999999,1.6,4063.947735852153,91.07034423892237,3.25,2.525442221048906,0.005637241228236985,0.0
2021-09-22,1.0,0.0,0.0,0.0,2.46,4.8,12.747,1560.0,101.1544,1.5,3.3,6.0,1.209,0.15,4.6,0.4500000000000002,-1.0,-4.82,-40.0,-0.17920000000000869,-0.5,-2.9000000000000004,-0.20000000000000018,-0.004999999999999893,0.04999999999999999,0.0,4189.911790761226,90.6783533625242,3.25,2.957794699745628,0.023323740739799283,0.0
2021-11-03,1.0,0.0,0.0,0.0,2.75,4.5,13.25,1572.0,101.109,24.2,7.0,7.1,1.217,0.15,4.8,0.6200000000000001,-0.9000000000000004,-2.055999999999999,-21.0,-0.18149999999999977,22.7,3.7,1.0999999999999996,0.008000000000000007,0.0,0.09999999999999964,4376.2241555606615,92.16515610318223,3.25,1.043292040730487,0.015220970748208138,0.0
2021-12-15,1.0,0.0,0.0,0.0,3.33,3.9,13.244,1787.0,101.0232,24.2,7.0,7.1,1.217,0.15,4.8,1.1099999999999999,-1.3000000000000003,-0.5050000000000008,211.0,-0.19350000000000023,22.7,3.7,1.0999999999999996,0.008000000000000007,0.0,0.20000000000000018,4397.859920315783,92.13102927328158,3.25,2.2572067628031087,0.03396204057505219,0.0
2022-01-26,1.0,0.0,0.0,0.0,3.71,4.0,14.798,1669.0,100.9425,-4.6,-2.0,8.4,1.217,0.15,4.9,1.25,-0.7999999999999998,2.051,109.0,-0.21189999999999998,-6.1,-5.3,2.4000000000000004,0.008000000000000007,0.0,0.3000000000000007,4467.580363092503,93.92315923867105,3.25,2.2531512987544065,0.021849308032932457,0.0
2022-03-16,1.0,0.0,0.0,0.0,3.99,3.6,14.049,1713.0,100.6459,-4.6,-2.0,8.4,1.217,0.15,5.4,0.9300000000000002,-0.6000000000000001,0.49599999999999866,1.0,-0.42610000000000525,-28.799999999999997,-9.0,1.3000000000000007,0.0,0.0,0.5,4772.761378389247,95.63149476572245,3.25,-3.8494250124904297,0.011733673502111587,0.0
2022-05-04,1.0,0.0,0.0,1.0,4.24,3.6,13.4,1543.0,100.1296,10.6,-0.6,9.1,1.238,0.4,5.3,0.5300000000000002,-0.3999999999999999,-1.3979999999999997,-126.0,-0.8128999999999991,15.2,1.4,0.6999999999999993,0.020999999999999908,0.25,0.39999999999999947,4570.45983066078,94.50962600387444,3.1702731092436975,-2.2092481101617016,0.05677603262643362,0.0029892465460760577
2022-06-15,1.0,0.0,0.0,1.0,4.63,3.6,13.748,1561.0,99.8346,10.6,-0.6,9.1,1.238,0.9,5.3,0.7199999999999998,-0.19999999999999973,-0.36100000000000065,-210.0,-0.9871000000000123,15.2,1.4,0.6999999999999993,0.020999999999999908,0.75,0.39999999999999947,4492.440895503709,96.44864772187562,3.1277310924369752,-3.8500933809202964,0.0668353441110993,0.007983193277310922
2022-07-27,1.0,0.0,0.0,1.0,4.72,3.5,13.965,1371.0,99.57693,16.2,2.7,4.5,1.271,1.65,5.2,0.7299999999999995,-0.10000000000000009,-0.08399999999999963,-342.0,-1.068969999999993,20.799999999999997,4.7,-3.9000000000000004,0.053999999999999826,1.25,-0.20000000000000018,4453.947889004235,99.32506261232521,3.2712184873949575,-6.351173490201825,0.06717526797571852,0.013812135023500925
2022-09-21,1.0,0.0,0.0,1.0,4.98,3.5,14.191,1463.0,99.20307,16.2,2.7,4.5,1.271,2.4,4.7,0.7400000000000002,-0.10000000000000009,0.7910000000000004,-80.0,-0.9265299999999996,5.6,3.3000000000000003,-4.6,0.03299999999999992,1.5,-0.5999999999999996,3922.110316582688,102.45389075399447,4.0223739495798325,1.2093056436855725,0.06349622886450162,0.015430494231590939
2022-11-02,1.0,0.0,0.0,1.0,4.98,3.7,15.157,1432.0,99.06164,-3.5,2.6,3.9,1.323,3.15,5.0,0.2600000000000007,0.20000000000000018,1.1920000000000002,61.0,-0.5152900000000074,-19.7,-0.10000000000000009,-0.6000000000000001,0.052000000000000046,1.5,-0.20000000000000018,4101.351274352514,105.58677786498511,4.743697478991597,-3.111582507986642,0.06171249929715249,0.01442102264634667
2022-12-14,1.0,0.0,0.0,1.0,4.86,3.5,14.048,1357.0,98.87978,-3.5,2.6,3.9,1.323,3.9,4.3,-0.08999999999999986,-0.20000000000000018,0.038000000000000256,-148.0,-0.4918399999999963,-19.7,-0.10000000000000009,-0.6000000000000001,0.052000000000000046,1.5,-0.5,3945.526913323923,111.12429031243845,5.279726890756303,-0.8704031321214923,-0.028951791432691314,0.016552129326306786
2023-02-01,1.0,0.0,0.0,1.0,4.78,3.4,15.605,1340.0,98.84712,6.8,2.2,3.9,1.392,4.4,3.9,-0.20000000000000018,-0.30000000000000027,0.4480000000000004,-92.0,-0.21451999999999316,10.3,-0.3999999999999999,0.0,0.06899999999999995,1.2500000000000004,-1.1,3742.758602366728,112.86661376953126,6.215336134453782,2.3271113348013985,-0.10359878898634725,0.013263780088306507
2023-03-22,1.0,0.0,0.0,1.0,4.82,3.5,15.441,1380.0,98.84515,6.8,2.2,3.9,1.392,4.65,3.6,-0.09999999999999964,-0.10000000000000009,0.6560000000000006,-47.0,-0.10450000000000159,10.3,-0.3999999999999999,0.0,0.06899999999999995,0.7500000000000004,-1.4,3943.2833296062563,104.6906587937299,7.079936974789916,0.5663118189377179,-0.011565086865693363,0.007048497365047711
2023-05-03,1.0,0.0,0.0,1.0,4.88,3.4,16.21,1348.0,98.89799,-9.3,2.1,1.7,1.459,4.9,4.7,0.09999999999999964,0.0,0.6050000000000004,8.0,0.05086999999998909,-16.1,-0.10000000000000009,-2.2,0.06700000000000017,0.5,0.8000000000000003,3957.54257781726,103.59186878685189,7.459663865546219,1.2410618155995183,-0.00999892152895734,0.005205811138014527
2023-06-14,1.0,0.0,0.0,1.0,4.33,3.6,16.607,1418.0,99.11828,-9.3,2.1,1.7,1.459,5.15,3.3,-0.41999999999999993,0.0,1.2289999999999992,-18.0,0.2839400000000012,-16.1,-0.10000000000000009,-2.2,0.06700000000000017,0.5,-0.9000000000000004,3951.584505892201,103.75490801194134,7.676575630252102,2.401717135145901,-0.011084476900718725,0.005517376442102264
2023-07-26,1.0,0.0,0.0,0.0,4.17,3.5,16.446,1451.0,99.24326,6.0,5.2,3.5,1.511,5.15,3.4,-0.6500000000000004,0.0,1.0050000000000008,71.0,0.39811000000000263,-0.7999999999999998,3.0,-0.3999999999999999,0.119,0.25,-0.20000000000000018,4007.25384162454,102.37330211350898,8.008508403361345,4.141249504138254,-0.0004732931463353096,0.002739994302805868
2023-09-20,1.0,0.0,0.0,1.0,3.84,3.8,16.183,1346.0,99.42249,6.0,5.2,3.5,1.511,5.4,3.2,-0.8600000000000003,0.09999999999999964,0.1039999999999992,-237.0,0.430499999999995,15.3,3.1,1.8,0.051999999999999824,0.25,-1.0,4296.003290769433,102.51660026742631,8.17762605042017,2.0749261701502633,0.00814620500072046,0.0031138726677111517
2023-11-01,1.0,0.0,0.0,0.0,3.64,3.9,15.91,1372.0,99.47179,6.0,5.2,3.5,1.511,5.4,4.2,-0.5299999999999998,0.3999999999999999,-0.5360000000000014,-79.0,0.22852999999999213,0.0,0.0,0.0,0.0,0.25,0.8000000000000003,4557.692854475775,100.75854117129029,8.329831932773109,-2.4875873182628445,0.05502828161459402,0.0020296254094858282
