,ffr,change,decision,cars,cli,exports,fed_party,gdpg,house,loan,pce,potus_party,recess,rgdp,spx,ue,usd,veloc
0,9.25,-25.0,-1.0,14.435833333333333,99.78497499999997,16.26666666666667,1.0,4.083333333333333,1402.0,11.0,4.115000000000001,1.0,0.0,3.0833333333333335,323.32100321222657,5.283333333333331,102.62233327229818,7.245333333333331
1,9.0,0.0,0.0,15.991400000000006,99.69755400000004,4.099999999999999,1.0,3.0,1360.5,10.633333333333333,3.977000000000001,1.0,0.0,3.0,343.5139994246093,5.199999999999998,99.64466679879557,7.306999999999998
2,9.0,0.0,0.0,15.521400000000005,99.69188600000003,4.239999999999999,1.0,2.9933333333333336,1287.7333333333333,10.5,3.8093333333333326,1.0,0.0,2.853333333333333,347.7076670351692,5.300000000000002,101.61066741962956,7.305399999999997
3,8.5,0.0,0.0,13.489566666666667,99.71549666666665,6.199999999999998,1.0,2.900000000000001,1384.4333333333334,10.5,3.931333333333334,1.0,0.0,0.8000000000000003,339.6376668305729,5.343333333333335,98.35500005113737,7.282999999999998
4,8.25,-25.0,-1.0,13.478000000000002,99.74696600000003,6.199999999999998,1.0,2.900000000000001,1291.0,10.5,3.9319999999999995,1.0,0.0,0.8000000000000003,347.0140004464453,5.400000000000002,96.17433395436522,7.282999999999998
5,8.25,0.0,0.0,15.919,99.79931,18.5,1.0,4.400000000000001,1528.2,10.0,3.843999999999999,1.0,0.0,4.400000000000001,334.86266581332035,5.3800000000000034,92.68433405515886,7.355999999999998
6,8.25,0.0,0.0,14.469599999999998,99.82277533333334,18.5,1.0,4.400000000000001,1308.7333333333333,10.0,3.9326666666666674,1.0,0.0,4.400000000000001,336.73900146255204,5.213333333333332,93.8213343299043,7.355999999999998
7,8.25,0.0,0.0,14.160133333333333,99.6661693333333,5.099999999999999,1.0,4.599999999999999,1231.2,10.0,3.8533333333333326,1.0,0.0,1.5,338.66199849446616,5.400000000000002,92.61899948085093,7.390999999999999
8,8.25,0.0,0.0,14.1422,99.24504599999997,4.8999999999999995,1.0,4.489999999999999,1176.4,10.0,3.9419999999999993,1.0,0.0,1.3799999999999997,359.826665242513,5.2299999999999995,92.14533335388606,7.389600000000001
9,8.0,0.0,0.0,13.932999999999996,98.56603999999996,3.099999999999999,1.0,3.5,1133.6666666666667,10.0,4.08,1.0,0.6666666666666666,0.30000000000000004,343.86999613558595,5.63333333333333,87.50033391302995,7.377000000000002
10,8.0,0.0,0.0,14.2797,97.90810199999996,3.116666666666666,1.0,3.4833333333333334,1106.8,10.0,4.1259999999999994,1.0,1.0,0.17000000000000004,315.5996653250391,5.900000000000002,86.011666870459,7.374533333333335
11,7.5,-25.0,-1.0,13.503000000000005,97.38642799999998,3.599999999999999,1.0,3.0,1066.4,10.0,3.957999999999999,1.0,1.0,-3.599999999999999,308.70600077196616,6.019999999999998,82.52400029510547,7.302999999999999
12,7.0,-25.0,-1.0,13.040133333333339,97.1523606666667,3.599999999999999,1.0,3.0,1051.1333333333334,10.0,3.858666666666667,1.0,1.0,-3.599999999999999,322.33000386670574,6.253333333333336,82.27966639183593,7.302999999999999
13,6.25,0.0,0.0,11.925666666666666,97.198155,2.5,1.0,4.0,825.8333333333334,9.466666666666667,3.805,1.0,1.0,-1.8999999999999995,329.57100117886716,6.433333333333334,83.08899993892969,7.2470000000000026
14,6.0,0.0,0.0,12.774833333333337,97.65241333333331,2.5,1.0,4.0,928.3333333333334,9.0,3.4800000000000018,1.0,1.0,-1.8999999999999995,370.74066772460935,6.766666666666668,86.615333557541,7.2470000000000026
15,5.75,0.0,0.0,12.232566666666672,98.23523199999997,15.399999999999997,1.0,3.0,998.8333333333334,8.783333333333333,3.3933333333333335,1.0,0.0,3.200000000000001,380.5949991873438,6.786666666666667,92.35799992863151,7.211999999999998
16,5.75,0.0,0.0,12.744299999999997,98.80680200000003,14.84,1.0,3.0200000000000005,1038.7,8.5,3.2169999999999996,1.0,0.0,3.0800000000000005,377.5926666248307,6.890000000000002,95.46366653458985,7.207399999999998
17,5.5,0.0,0.0,12.714233333333333,99.1258683333333,9.800000000000002,1.0,3.200000000000001,1054.1333333333334,8.5,2.9796666666666662,1.0,0.0,2.0,385.40732930501304,6.863333333333334,93.47499949143229,7.1659999999999995
18,5.25,0.0,0.0,13.106999999999994,99.20341000000002,9.800000000000002,1.0,3.200000000000001,1015.0,8.2,2.900000000000001,1.0,0.0,2.0,387.5950002023047,6.900000000000002,91.1916664123099,7.1659999999999995
19,4.75,-25.0,-1.0,12.26486666666667,99.14103199999998,9.300000000000002,1.0,2.4000000000000004,1082.2,8.0,2.8486666666666665,1.0,0.0,1.3999999999999995,387.23100280876304,7.0,90.4779993692246,7.057999999999998
20,4.5,0.0,0.0,12.619733333333336,99.0557346666667,9.300000000000002,1.0,2.4000000000000004,1090.2,7.5,2.986,1.0,0.0,1.3999999999999995,379.2250010172526,7.160000000000002,86.93733367916407,7.057999999999998
21,4.0,0.0,0.0,12.635800000000001,99.10483533333333,7.400000000000002,1.0,1.5,1185.8666666666666,6.5,2.882666666666667,1.0,0.0,4.900000000000001,415.22899780158855,7.313333333333334,86.39366709405013,6.885999999999999
22,4.0,0.0,0.0,12.824000000000003,99.38452000000001,7.400000000000002,1.0,1.5,1297.0,6.5,2.9899999999999993,1.0,0.0,4.900000000000001,407.37299906527346,7.400000000000002,90.3193333941289,6.885999999999999
23,3.75,0.0,0.0,12.878800000000004,99.59870799999999,0.20000000000000007,1.0,2.4000000000000004,1168.0,6.5,2.8559999999999994,1.0,0.0,4.400000000000001,412.9686655680338,7.519999999999999,89.1620002746582,6.813999999999998
24,3.25,-50.0,-1.0,13.543000000000001,99.66827000000004,0.20000000000000007,1.0,2.4000000000000004,1145.0,6.5,2.799999999999999,1.0,0.0,4.400000000000001,408.09200440026046,7.800000000000002,85.77066726698307,6.813999999999998
25,3.25,0.0,0.0,12.864333333333331,99.6528043333333,8.800000000000002,1.0,2.0,1188.3,6.0,2.780333333333333,1.0,0.0,4.0,418.39833374023436,7.643333333333332,82.01533508389909,6.735000000000003
26,3.0,0.0,0.0,13.424166666666661,99.70075166666669,7.666666666666668,1.0,2.133333333333333,1195.6666666666667,6.0,2.615,1.0,0.0,4.033333333333334,417.40199788411456,7.550000000000001,82.32466583224479,6.709833333333335
27,3.0,0.0,0.0,13.421933333333337,99.86591133333334,2.0,1.0,2.799999999999999,1228.0,6.0,2.624,1.0,0.0,4.200000000000001,418.3283315011328,7.353333333333334,88.08766682956444,6.5840000000000005
28,3.0,0.0,0.0,13.614199999999999,100.02853999999998,2.0,1.0,2.799999999999999,1223.1,6.0,2.533,1.0,0.0,4.200000000000001,432.9003346749609,7.400000000000002,90.18633321112566,6.5840000000000005
29,3.0,0.0,0.0,13.424466666666666,100.1323733333333,0.8999999999999998,1.0,2.2999999999999994,1210.0,6.0,2.500666666666667,0.5,0.0,0.6999999999999997,435.7276631673177,7.286666666666667,92.44300028488934,6.508000000000002
30,3.0,0.0,0.0,13.230800000000006,100.04891333333333,0.8999999999999998,1.0,2.2999999999999994,1116.8666666666666,6.0,2.4660000000000006,0.0,0.0,0.6999999999999997,447.1173288992578,7.026666666666667,93.77600072177214,6.508000000000002
31,3.0,0.0,0.0,14.522466666666668,99.79885600000004,4.900000000000001,1.0,2.4000000000000004,1259.1333333333334,6.0,2.5483333333333325,0.0,0.0,2.2999999999999994,441.2056650820443,7.099999999999998,89.75899937933855,6.4060000000000015
32,3.0,0.0,0.0,14.482200000000004,99.58248600000003,3.7000000000000015,1.0,2.4000000000000004,1274.8,6.0,2.5320000000000005,0.0,0.0,2.2199999999999998,446.59899902687505,6.980000000000001,92.4423350020065,6.382599999999997
33,3.0,0.0,0.0,13.9886,99.53088600000001,-1.1000000000000003,1.0,2.4000000000000004,1278.5333333333333,6.0,2.4946666666666664,0.0,0.0,1.8999999999999995,448.5250010161068,6.846666666666669,94.66666615783593,6.288999999999997
34,3.0,0.0,0.0,13.85466666666667,99.60691999999999,-1.1000000000000003,1.0,2.4000000000000004,1328.6666666666667,6.0,2.5166666666666666,0.0,0.0,1.8999999999999995,460.0526641845703,6.733333333333332,92.22100143446548,6.288999999999997
35,3.0,0.0,0.0,14.8965,99.94776000000002,13.5,1.0,2.2000000000000006,1384.0,6.0,2.460000000000001,0.0,0.0,5.599999999999998,464.443665566888,6.699999999999998,94.5906664527923,6.25
36,3.0,0.0,0.0,14.963333333333336,100.24213333333337,13.5,1.0,2.2000000000000006,1480.6666666666667,6.0,2.410000000000001,0.0,0.0,5.599999999999998,463.8133341482813,6.533333333333333,95.72233352605859,6.25
37,3.25,25.0,1.0,15.3884,100.58980666666666,4.0,1.0,1.8999999999999995,1276.3333333333333,6.0,2.359333333333333,0.0,0.0,3.900000000000001,474.18300069173176,6.599999999999998,96.33866678877213,6.264000000000002
38,3.5,25.0,1.0,15.373999999999997,100.87816666666666,4.0,1.0,1.8999999999999995,1488.3333333333333,6.0,2.3899999999999997,0.0,0.0,3.900000000000001,467.0760019938151,6.533333333333333,94.63466695061783,6.264000000000002
39,4.25,50.0,1.0,15.295,101.04645000000004,14.199999999999996,1.0,1.8999999999999995,1495.5,6.7,2.2849999999999997,0.0,0.0,5.5,447.59400227864586,6.249999999999998,93.24033432022593,6.339
40,4.25,0.0,0.0,15.077799999999998,101.06009333333336,14.413333333333332,1.0,1.9533333333333327,1413.0,7.25,2.341333333333333,0.0,0.0,5.086666666666668,453.18433532714846,6.099999999999998,91.12666625919596,6.343000000000001
41,4.75,50.0,1.0,15.100866666666663,101.00518666666672,15.800000000000004,1.0,2.2999999999999994,1444.1333333333334,7.25,2.345333333333334,0.0,0.0,2.4000000000000004,456.7879994744662,6.053333333333333,89.5146670023164,6.369
42,4.75,0.0,0.0,15.288166666666665,100.92115000000003,15.800000000000004,1.0,2.2999999999999994,1470.0,7.75,2.323333333333333,0.0,0.0,2.4000000000000004,469.2753306013672,5.916666666666669,88.2603327431543,6.369
43,5.5,75.0,1.0,15.892266666666664,100.76035,9.600000000000001,1.0,2.2000000000000006,1476.4333333333334,7.75,2.268666666666667,0.0,0.0,4.7,466.2110015880599,5.713333333333333,86.13233235687305,6.479000000000003
44,5.5,0.0,0.0,15.7064,100.56683999999998,9.600000000000001,1.0,2.2000000000000006,1477.4,8.5,2.262,0.0,0.0,4.7,453.0073313395182,5.54,89.1836657202448,6.479000000000003
45,6.0,50.0,1.0,14.800999999999997,100.23300000000003,7.900000000000002,1.0,2.2000000000000006,1407.0,8.5,2.35,0.0,0.0,1.3999999999999995,464.7336659760807,5.599999999999998,88.20433349602345,6.550000000000002
46,6.0,0.0,0.0,15.20333333333333,99.6155973333333,7.900000000000002,1.0,2.2000000000000006,1257.9333333333334,9.0,2.255333333333333,0.0,0.0,1.3999999999999995,490.65833638509116,5.400000000000002,84.07966791829622,6.550000000000002
47,6.0,0.0,0.0,14.677599999999995,99.068497,5.699999999999998,1.0,1.8999999999999995,1299.9,9.0,2.2820000000000005,0.0,0.0,1.2000000000000002,519.1953308092968,5.659999999999998,82.3586672465358,6.614000000000001
48,5.75,-25.0,-1.0,15.312733333333332,98.809108,7.406666666666666,1.0,1.913333333333333,1305.0,9.0,2.1859999999999995,0.0,0.0,1.5066666666666666,540.6143330921094,5.613333333333331,81.94433415754753,6.6273333333333335
49,5.75,0.0,0.0,15.145333333333333,98.6828533333333,18.5,1.0,2.0,1431.0,8.75,2.1933333333333334,0.0,0.0,3.5,559.1506652819531,5.699999999999998,83.01800053917904,6.714
50,5.75,0.0,0.0,15.344000000000003,98.61962000000001,18.5,1.0,2.0,1378.4,8.75,2.2259999999999995,0.0,0.0,3.5,572.9953287771875,5.619999999999999,85.83733342457943,6.714
51,5.75,0.0,0.0,15.0859,98.55475466666664,5.800000000000002,1.0,1.8999999999999995,1404.9666666666667,8.75,2.2983333333333333,0.0,0.0,2.700000000000001,586.8426676438542,5.543333333333333,83.84600041717577,6.860000000000003
52,5.5,-25.0,-1.0,15.879800000000001,98.55198933333337,5.800000000000002,1.0,1.8999999999999995,1440.1,8.75,2.2926666666666673,0.0,0.0,2.700000000000001,609.3913309771614,5.599999999999998,84.68033370995639,6.860000000000003
53,5.25,-25.0,-1.0,14.860333333333335,98.62339633333335,4.9300000000000015,1.0,1.8999999999999995,1465.8,8.5,2.2520000000000002,0.0,0.0,2.99,612.8956705738542,5.599999999999998,85.92666676849414,7.010799999999999
54,5.25,0.0,0.0,15.952599999999995,98.88367200000006,4.900000000000001,1.0,1.8999999999999995,1437.4,8.25,2.258,0.0,0.0,3.0,646.1030008940364,5.5,86.30000025441862,7.015999999999999
55,5.25,0.0,0.0,15.799766666666665,99.20035766666665,6.699999999999998,1.0,1.7000000000000004,1508.4,8.25,2.239,0.0,0.0,6.800000000000002,652.4623352063281,5.599999999999998,87.91699930847265,7.1800000000000015
56,5.25,0.0,0.0,15.24993333333333,99.39985233333333,6.586666666666665,1.0,1.686666666666667,1467.1666666666667,8.25,2.291,0.0,0.0,6.693333333333334,668.9413289398437,5.306666666666668,88.0516670231172,7.186300000000001
57,5.25,0.0,0.0,15.3212,99.53672200000004,3.299999999999999,1.0,1.2999999999999996,1523.0,8.25,2.314,0.0,0.0,3.599999999999999,650.960668943125,5.26,86.39966684983919,7.369
58,5.25,0.0,0.0,15.521199999999999,99.61932200000001,3.299999999999999,1.0,1.2999999999999996,1496.8666666666666,8.25,2.3466666666666662,0.0,0.0,3.599999999999999,667.3806681295313,5.173333333333331,86.95599975513738,7.369
59,5.25,0.0,0.0,15.456133333333332,99.74168333333337,27.39999999999999,1.0,2.2000000000000006,1427.5666666666666,8.25,2.3583333333333334,0.0,0.0,4.200000000000001,709.7683349567708,5.273333333333335,87.53399887084962,7.622999999999998
60,5.25,0.0,0.0,15.447499999999998,99.83844500000002,27.39999999999999,1.0,2.2000000000000006,1429.5,8.25,2.3849999999999993,0.0,0.0,4.200000000000001,744.9243326836458,5.400000000000002,87.73133316043229,7.622999999999998
61,5.25,0.0,0.0,15.640900000000004,99.99968900000002,7.800000000000002,1.0,2.4000000000000004,1368.1,8.25,2.3510000000000004,0.0,0.0,2.599999999999999,769.7063293447657,5.29,91.2380002334655,7.760999999999999
62,5.5,25.0,1.0,15.688833333333328,100.22034666666667,7.800000000000002,1.0,2.4000000000000004,1463.7666666666667,8.25,2.321666666666667,0.0,0.0,2.599999999999999,796.8396667448177,5.199999999999998,95.38633372014388,7.760999999999999
63,5.5,0.0,0.0,15.076000000000004,100.48123999999999,17.0,1.0,0.8000000000000003,1462.0,8.5,2.256,0.0,0.0,6.800000000000002,804.0203348819531,4.980000000000001,96.0370007835358,8.002000000000002
64,5.5,0.0,0.0,14.524,100.67520000000003,17.0,1.0,0.8000000000000003,1494.0,8.5,2.2199999999999998,0.0,0.0,6.800000000000002,877.4950032533333,5.0,95.36233393303843,8.002000000000002
65,5.5,0.0,0.0,15.896666666666672,100.84379,9.600000000000001,1.0,1.7999999999999996,1410.3666666666666,8.5,2.090333333333334,0.0,0.0,5.099999999999999,934.1686625153385,4.843333333333335,99.5749997454323,8.102
66,5.5,0.0,0.0,15.166133333333335,100.93486000000003,9.600000000000001,1.0,1.7999999999999996,1535.6,8.5,2.050666666666666,0.0,0.0,5.099999999999999,932.4226582874219,4.893333333333334,98.26166687028646,8.102
67,5.5,0.0,0.0,15.56233333333333,100.9682666666667,-0.6000000000000001,1.0,1.2999999999999996,1516.6666666666667,8.5,1.866666666666666,0.0,0.0,3.5,938.6846639032813,4.666666666666666,96.50566635113735,8.196
68,5.5,0.0,0.0,16.127866666666662,100.94995333333331,-0.6000000000000001,1.0,1.2999999999999996,1536.1333333333334,8.5,1.7673333333333328,0.0,0.0,3.5,959.7226704916407,4.646666666666666,97.7230003357923,8.196
69,5.5,0.0,0.0,14.818533333333331,100.87438000000002,1.8999999999999995,1.0,0.6000000000000001,1528.9333333333334,8.5,1.656666666666666,0.0,0.0,4.099999999999999,962.8033406769271,4.599999999999999,100.39466654459635,8.238
70,5.5,0.0,0.0,15.39923333333333,100.71240333333328,1.8999999999999995,1.0,0.6000000000000001,1567.5666666666666,8.5,1.6486666666666663,0.0,0.0,4.099999999999999,1074.3779947708333,4.696666666666667,100.25800018294466,8.238
71,5.5,0.0,0.0,16.565600000000003,100.47070333333333,-4.299999999999999,1.0,0.8999999999999998,1537.7333333333333,8.5,1.6753333333333336,0.0,0.0,3.799999999999999,1111.916670682552,4.356666666666667,99.40699946058659,8.325999999999999
72,5.5,0.0,0.0,16.780533333333338,100.20292333333333,-4.299999999999999,1.0,0.8999999999999998,1637.5,8.5,1.6423333333333334,0.0,0.0,3.799999999999999,1107.8216511752605,4.496666666666667,100.82233352649413,8.325999999999999
73,5.5,0.0,0.0,14.736266666666666,99.91902666666665,-1.7999999999999996,1.0,1.7000000000000004,1653.2,8.5,1.722,0.0,0.0,5.099999999999999,1116.0016642138023,4.5,101.21233240763347,8.468999999999998
74,5.25,-25.0,-1.0,16.161299999999997,99.75693999999997,-1.7999999999999996,1.0,1.7000000000000004,1585.2,8.5,1.7050000000000007,0.0,0.0,5.099999999999999,1013.3250060913282,4.589999999999999,97.47666575135025,8.468999999999998
75,4.75,-25.0,-1.0,16.624499999999998,99.80011000000005,15.699999999999996,1.0,1.1000000000000003,1687.5,8.0,1.7750000000000001,0.0,0.0,6.599999999999998,1098.6510050164063,4.450000000000001,94.10199940995834,8.511
76,4.75,0.0,0.0,16.978666666666662,99.96339666666667,15.699999999999996,1.0,1.1000000000000003,1748.0,7.75,1.8000000000000005,0.0,0.0,6.599999999999998,1175.5519897408856,4.400000000000001,95.02600046865494,8.511
77,4.75,0.0,0.0,16.6098,100.23342666666666,-1.2999999999999996,1.0,1.2999999999999996,1745.4,7.75,1.8386666666666673,0.0,0.0,3.799999999999999,1250.618994053125,4.303333333333332,94.73666763274674,8.578
78,4.75,0.0,0.0,16.849666666666668,100.61406666666662,-1.2999999999999996,1.0,1.2999999999999996,1707.3333333333333,7.75,1.725333333333333,0.0,0.0,3.799999999999999,1278.7313313583334,4.213333333333335,99.33133366922786,8.578
79,4.75,0.0,0.0,17.26766666666667,100.86859333333332,5.099999999999999,1.0,1.5,1583.9333333333334,7.75,1.748666666666666,0.0,0.0,3.400000000000001,1342.1040161226563,4.246666666666667,100.59000015274869,8.646999999999998
80,5.0,25.0,1.0,17.360533333333333,101.03589333333329,5.099999999999999,1.0,1.5,1562.4666666666667,7.75,1.7579999999999998,0.0,0.0,3.400000000000001,1317.8253418781253,4.293333333333333,102.33200073242188,8.646999999999998
81,5.25,25.0,1.0,17.653533333333332,101.16196000000004,12.600000000000003,1.0,1.3999999999999995,1653.6,8.0,1.7606666666666666,0.0,0.0,5.400000000000002,1326.3586751145835,4.2266666666666675,100.1193323766452,8.819999999999999
82,5.25,0.0,0.0,17.664199999999997,101.23171999999998,12.220000000000002,1.0,1.48,1632.3,8.25,1.801,0.0,0.0,5.53,1317.4406779356773,4.19,99.77866643263998,8.828199999999999
83,5.5,25.0,1.0,17.654133333333334,101.30272000000001,8.800000000000002,1.0,2.2000000000000006,1626.6666666666667,8.25,1.8240000000000007,0.0,0.0,6.699999999999998,1333.57501219349,4.099999999999999,99.1683331810371,8.901999999999996
84,5.5,0.0,0.0,18.0646,101.35501333333337,8.800000000000002,1.0,2.2000000000000006,1686.0,8.5,1.8653333333333337,0.0,0.0,6.699999999999998,1415.5400064885418,4.036666666666666,101.66033350626627,8.901999999999996
85,5.75,25.0,1.0,18.634999999999998,101.3642,5.900000000000002,1.0,2.700000000000001,1636.0,8.5,2.0,0.0,0.0,1.5,1428.7463379197916,4.0,101.84533462524413,8.989
86,6.0,25.0,1.0,18.730933333333333,101.24049666666666,5.900000000000002,1.0,2.700000000000001,1652.7666666666667,8.75,2.196,0.0,0.0,1.5,1383.1619913330728,4.036666666666666,105.26033299763998,8.989
87,6.5,50.0,1.0,17.94086666666666,101.02064000000003,12.800000000000004,1.0,2.5,1602.2,9.0,2.1986666666666665,0.0,0.0,7.5,1427.9816772554689,3.893333333333333,109.22666600545247,9.251
88,6.5,0.0,0.0,17.642266666666668,100.80098000000004,12.800000000000004,1.0,2.5,1561.1333333333334,9.5,2.2633333333333336,0.0,0.0,7.5,1454.6709920111982,4.0,107.39200032552084,9.251
89,6.5,0.0,0.0,17.459333333333333,100.4535333333333,9.899999999999999,1.0,2.4000000000000004,1515.0,9.5,2.3133333333333326,0.0,0.0,0.40000000000000013,1464.921997068229,4.0666666666666655,110.23433354695638,9.370000000000001
90,6.5,0.0,0.0,18.616,100.12109199999996,9.44,1.0,2.3933333333333335,1508.4,9.5,2.391,0.0,0.0,0.4666666666666668,1469.7900065979165,3.900000000000001,114.1393330891927,9.375866666666667
91,6.5,0.0,0.0,17.132666666666672,99.67818266666669,-3.900000000000001,1.0,2.2000000000000006,1549.8666666666666,9.5,2.4330000000000007,0.0,0.0,2.4000000000000004,1392.0926593906256,3.900000000000001,116.46133371988932,9.545999999999998
92,6.5,0.0,0.0,16.400533333333332,99.27108933333331,-3.900000000000001,1.0,2.2000000000000006,1540.2333333333333,9.5,2.478333333333333,0.0,0.0,2.4000000000000004,1342.6003336588542,3.900000000000001,115.4513338724772,9.545999999999998
93,5.5,-50.0,-1.0,17.604333333333333,98.78034233333334,-4.866666666666668,1.0,2.6833333333333345,1597.7333333333333,9.066666666666666,2.519333333333333,0.36666666666666664,0.0,-1.1766666666666665,1329.885677121875,4.190000000000001,110.00633290608724,9.500566666666668
94,5.0,-50.0,-1.0,17.4792,98.40565600000004,-4.900000000000001,1.0,2.700000000000001,1604.0,8.5,2.516,1.0,0.0,-1.2999999999999996,1234.3426798252606,4.26,112.45299962361653,9.499000000000002
95,4.0,-50.0,-1.0,16.87373333333333,98.23999066666671,-11.199999999999996,1.0,2.4000000000000004,1629.9333333333334,7.583333333333333,2.5900000000000007,1.0,1.0,2.5,1240.6570067911457,4.3566666666666665,115.49733327229818,9.459
96,3.75,-25.0,-1.0,17.366,98.20439666666668,-11.199999999999996,1.0,2.4000000000000004,1630.8333333333333,7.0,2.6566666666666667,1.0,1.0,2.5,1246.4266601625,4.466666666666667,118.8176668802897,9.459
97,3.5,-25.0,-1.0,16.39016666666667,98.11454166666663,-19.0,1.0,1.6000000000000005,1604.7666666666667,6.75,2.642666666666668,1.0,1.0,-1.6000000000000005,1195.2223347804688,4.790000000000002,115.8259999593099,9.098000000000004
98,2.5,-50.0,-1.0,16.365000000000002,98.04957999999998,-19.0,1.0,1.6000000000000005,1562.0,6.283333333333333,2.5300000000000002,1.0,1.0,-1.6000000000000005,1060.3559976838542,5.0,113.60866724650064,9.098000000000004
99,2.0,-50.0,-1.0,21.518466666666654,98.12305466666665,-13.199999999999996,1.0,1.2999999999999996,1548.2666666666667,5.5,2.496,1.0,1.0,1.1000000000000003,1082.8783283703126,5.326666666666667,114.4683334350586,9.086000000000004
100,1.75,-25.0,-1.0,17.561199999999996,98.34974000000001,-13.199999999999996,1.0,1.2999999999999996,1591.8,5.0,2.4400000000000004,1.0,0.7,1.1000000000000003,1143.2436727877605,5.559999999999998,116.36900024414062,9.086000000000004
101,1.75,0.0,0.0,16.51913333333334,98.82446599999997,7.52,1.0,1.2999999999999996,1689.3333333333333,4.75,2.248666666666667,1.0,0.0,3.246666666666668,1144.7550008606772,5.699999999999998,117.42100041707357,9.052400000000002
102,1.75,0.0,0.0,17.19236666666666,99.26272766666663,9.0,1.0,1.2999999999999996,1723.0333333333333,4.75,2.224333333333333,1.0,0.0,3.400000000000001,1130.9256795455728,5.699999999999998,118.40933405558268,9.050000000000002
103,1.75,0.0,0.0,17.422833333333333,99.440885,12.399999999999997,1.0,1.3999999999999995,1620.6666666666667,4.75,2.1599999999999997,1.0,0.0,2.5,1102.292000280729,5.883333333333336,116.20399983723958,9.15
104,1.75,0.0,0.0,16.801799999999993,99.23725799999998,12.399999999999997,1.0,1.3999999999999995,1726.4,4.75,2.0299999999999994,1.0,0.0,2.5,1032.4880086595313,5.800000000000002,110.7423329671224,9.15
105,1.75,0.0,0.0,18.25773333333333,98.80436833333336,1.2999999999999996,1.0,1.8999999999999995,1646.9333333333334,4.75,2.0189999999999997,1.0,0.0,1.6000000000000005,874.7913370724478,5.763333333333331,106.31099955240886,9.199000000000003
106,1.75,0.0,0.0,17.140733333333337,98.40691599999997,1.2999999999999996,1.0,1.8999999999999995,1758.4,4.75,2.0513333333333335,1.0,0.0,1.6000000000000005,896.2890034972656,5.699999999999998,107.26466649373373,9.199000000000003
107,1.25,-50.0,-1.0,16.293799999999997,98.09113599999999,-5.800000000000002,1.0,2.2999999999999994,1662.0,4.75,2.0773333333333337,1.0,0.0,0.5,866.9233418795052,5.7266666666666675,107.45800018310547,9.132000000000001
108,1.25,0.0,0.0,16.878933333333332,97.9380006666667,-5.800000000000002,1.0,2.2999999999999994,1762.3333333333333,4.25,2.070666666666667,1.0,0.0,0.5,915.017333984375,5.926666666666667,105.70733388264973,9.132000000000001
109,1.25,0.0,0.0,16.823799999999995,97.80138499999997,-1.6600000000000004,1.0,2.03,1846.5,4.25,2.082,1.0,0.0,1.9400000000000004,900.1413431840886,5.820000000000003,101.16000162760416,9.0564
110,1.25,0.0,0.0,16.30226666666666,97.77937733333331,-1.2000000000000002,1.0,2.0,1680.7333333333333,4.25,1.9993333333333336,1.0,0.0,2.1000000000000005,832.7180033345052,5.900000000000002,99.36599960287957,9.048
111,1.25,0.0,0.0,16.713533333333334,97.95908,0.6999999999999997,1.0,1.3999999999999995,1657.4,4.25,1.8373333333333337,1.0,0.0,3.599999999999999,895.8353332519531,6.013333333333333,99.01133371971353,8.931999999999999
112,1.0,-25.0,-1.0,16.8863,98.37450599999997,0.6999999999999997,1.0,1.3999999999999995,1839.9333333333334,4.25,1.7586666666666668,1.0,0.0,3.599999999999999,980.2753336640625,6.253333333333336,93.17600046809375,8.931999999999999
113,1.0,0.0,0.0,17.49866666666667,98.90533333333337,11.399999999999997,1.0,2.2999999999999994,1875.6666666666667,4.0,1.7799999999999996,1.0,0.0,6.800000000000002,987.1933390289063,6.166666666666666,96.09533411660286,8.940999999999999
114,1.0,0.0,0.0,17.806533333333338,99.34475399999997,11.399999999999997,1.0,2.2999999999999994,1882.4666666666667,4.0,1.7766666666666666,1.0,0.0,6.800000000000002,1008.8909993801042,6.099999999999998,97.6610000608776,8.940999999999999
115,1.0,0.0,0.0,16.595266666666664,99.91428933333336,18.16,1.0,2.4733333333333336,1963.2666666666667,4.0,1.732666666666666,1.0,0.0,4.979999999999999,1031.191330998203,6.013333333333334,92.25966695136003,9.033733333333334
116,1.0,0.0,0.0,17.514933333333325,100.42395666666667,19.200000000000003,1.0,2.5,2076.9333333333334,4.0,1.7400000000000004,1.0,0.0,4.7,1052.6986531325522,5.776666666666665,90.901332854,9.048
117,1.0,0.0,0.0,16.783266666666666,100.87685999999998,10.706666666666662,1.0,2.846666666666668,1930.4666666666667,4.0,1.800666666666667,1.0,0.0,2.619999999999999,1127.156664978646,5.699999999999998,86.52333297746418,9.042799999999998
118,1.0,0.0,0.0,17.132333333333335,101.08387333333329,9.4,1.0,2.900000000000001,1916.9333333333334,4.0,1.8800000000000003,1.0,0.0,2.2999999999999994,1143.0273234184895,5.693333333333336,87.51233266174219,9.041999999999998
119,1.0,0.0,0.0,16.983866666666668,101.11866000000003,8.599999999999998,1.0,3.299999999999999,2001.5333333333333,4.0,2.1166666666666667,1.0,0.0,3.099999999999999,1132.9089965955727,5.599999999999998,89.93066711405338,9.065
120,1.25,25.0,1.0,16.307199999999998,101.0064733333333,8.599999999999998,1.0,3.299999999999999,1838.2,4.0,2.322,1.0,0.0,3.099999999999999,1131.5176839911458,5.599999999999998,89.13733317053776,9.065
121,1.5,25.0,1.0,17.268466666666665,100.86306666666664,1.2999999999999996,1.0,2.599999999999999,2007.8666666666666,4.25,2.244,1.0,0.0,3.799999999999999,1096.4596557617188,5.4733333333333345,88.63199971516927,9.098000000000004
122,1.75,25.0,1.0,17.611733333333333,100.70974333333331,1.2999999999999996,1.0,2.599999999999999,1948.6333333333334,4.5,2.193666666666666,1.0,0.0,3.799999999999999,1113.8480103184895,5.400000000000002,89.04566701246549,9.098000000000004
123,2.0,25.0,1.0,17.473466666666674,100.5930733333333,9.800000000000002,1.0,3.099999999999999,1994.6666666666667,4.75,2.220666666666667,1.0,0.0,4.099999999999999,1123.4399983703124,5.4733333333333345,85.84033304805858,9.138
124,2.25,25.0,1.0,17.657999999999994,100.56677999999995,9.800000000000002,1.0,3.099999999999999,1886.0,5.0,2.2580000000000005,1.0,0.0,4.099999999999999,1182.6903361002603,5.400000000000002,82.4160006209681,9.138
125,2.5,25.0,1.0,16.889000000000003,100.52469999999998,7.699999999999998,1.0,3.200000000000001,2144.0,5.25,2.37,1.0,0.0,4.5,1181.4826619684895,5.300000000000002,83.10066680901171,9.321000000000002
126,2.75,25.0,1.0,17.237333333333336,100.4105333333333,7.699999999999998,1.0,3.200000000000001,1978.3333333333333,5.5,2.386666666666667,1.0,0.0,4.5,1204.2669922031248,5.266666666666665,82.39700012207031,9.321000000000002
127,3.0,25.0,1.0,17.744599999999995,100.32578333333335,9.199999999999998,1.0,2.900000000000001,2059.8,5.75,2.288666666666667,1.0,0.0,2.0,1163.049324528646,5.1966666666666645,84.26533330257618,9.444999999999999
128,3.25,25.0,1.0,18.410799999999995,100.34253999999997,9.199999999999998,1.0,2.900000000000001,2065.133333333333,6.0,2.1846666666666668,1.0,0.0,2.0,1201.7996541580728,5.006666666666666,88.27233352691798,9.444999999999999
129,3.5,25.0,1.0,20.2677,100.41031999999996,-0.10000000000000003,1.0,3.700000000000001,2063.5666666666666,6.25,2.259333333333333,1.0,0.0,3.200000000000001,1229.851684550521,4.976666666666668,89.23899968420442,9.557
130,3.75,25.0,1.0,17.123400000000004,100.52831999999998,-0.10000000000000003,1.0,3.700000000000001,2128.6,6.5,2.35,1.0,0.0,3.200000000000001,1223.8976643901042,4.96,87.50333429958594,9.557
131,4.0,25.0,1.0,15.336000000000004,100.72400000000003,13.0,1.0,3.299999999999999,2065.0,6.75,2.4500000000000006,1.0,0.0,2.2000000000000006,1193.4266683192707,5.0,89.66566543500196,9.685999999999998
132,4.25,25.0,1.0,16.76233333333333,100.97350666666662,13.0,1.0,3.299999999999999,2090.9,7.0,2.452666666666666,1.0,0.0,2.2000000000000006,1254.8173217815104,4.963333333333335,91.75033365943881,9.685999999999998
133,4.5,25.0,1.0,18.050766666666668,101.21637333333328,17.059999999999995,1.0,2.9133333333333344,2263.7,7.25,2.3916666666666666,1.0,0.0,5.39,1275.939998350521,4.706666666666666,89.22199935871873,9.846466666666663
134,4.75,25.0,1.0,16.9748,101.33142000000004,17.199999999999996,1.0,2.900000000000001,1989.0,7.5,2.374666666666666,1.0,0.0,5.5,1292.4796670747396,4.713333333333333,90.0169998163802,9.851999999999997
135,5.0,25.0,1.0,17.020866666666663,101.28836000000001,7.599999999999998,1.0,3.5,1853.2666666666667,7.75,2.5073333333333334,1.0,0.0,1.0,1305.6216634020834,4.673333333333333,87.49800084442187,9.956999999999999
136,5.25,25.0,1.0,16.882899999999996,101.18920999999997,7.599999999999998,1.0,3.5,1816.0,8.0,2.763,1.0,0.0,1.0,1255.4623372177084,4.599999999999999,85.61366678859962,9.956999999999999
137,5.25,0.0,0.0,17.421199999999995,101.15341999999995,-0.5,1.0,2.799999999999999,1719.6,8.25,2.8040000000000003,1.0,0.0,0.6000000000000001,1260.7250081296875,4.7,85.68200047821094,10.125999999999998
138,5.25,0.0,0.0,16.767599999999998,101.20496,-0.5,1.0,2.799999999999999,1692.0,8.25,2.8120000000000003,1.0,0.0,0.6000000000000001,1305.4530111104168,4.58,85.39999949133855,10.125999999999998
139,5.25,0.0,0.0,16.890433333333334,101.30777666666664,12.226666666666672,1.0,1.7266666666666663,1544.4333333333334,8.25,2.726333333333332,1.0,0.0,2.823333333333333,1351.3516561184892,4.423333333333335,86.30799967396811,10.224133333333334
140,5.25,0.0,0.0,16.806999999999995,101.48963333333334,16.100000000000005,1.0,1.3999999999999995,1596.3333333333333,8.25,2.6033333333333335,1.0,0.0,3.5,1399.6739827515626,4.466666666666668,83.98633397464648,10.254000000000003
141,5.25,0.0,0.0,16.903033333333337,101.68928666666665,8.463333333333331,1.0,3.8166666666666678,1417.0,8.25,2.7086666666666654,1.0,0.0,1.276666666666667,1422.9343301846354,4.593333333333332,84.76066614759311,10.394166666666667
142,5.25,0.0,0.0,16.70603333333333,101.88638999999998,8.199999999999998,1.0,3.900000000000001,1489.5,8.25,2.7883333333333327,1.0,0.0,1.2000000000000002,1411.9023315096354,4.436666666666667,83.85899988861327,10.399
143,5.25,0.0,0.0,16.625733333333333,102.06455999999999,6.199999999999998,1.0,2.799999999999999,1472.5,8.25,2.625000000000001,1.0,0.0,2.5,1478.1536620625,4.476666666666668,81.89366556775911,10.468999999999998
144,5.25,0.0,0.0,16.24326666666666,102.16945333333335,6.199999999999998,1.0,2.799999999999999,1443.6,8.25,2.423333333333333,1.0,0.0,2.5,1518.08433837474,4.573333333333332,82.49966634087109,10.468999999999998
145,5.25,0.0,0.0,15.927333333333335,102.14943333333336,13.100000000000003,1.0,2.2000000000000006,1350.0,8.25,2.341666666666667,1.0,0.0,2.2999999999999994,1507.4609945223963,4.683333333333334,80.64033304826303,10.595000000000006
146,4.75,-50.0,-1.0,16.460599999999996,102.02944666666663,13.100000000000003,1.0,2.2000000000000006,1251.6,8.25,2.3426666666666667,1.0,0.0,2.2999999999999994,1466.6033365708333,4.653333333333332,80.51333338433332,10.595000000000006
147,4.5,-25.0,-1.0,16.45756666666666,101.86251666666664,9.620000000000001,1.0,1.6200000000000006,1261.3,7.75,2.4669999999999996,1.0,0.0,2.493333333333333,1538.9699991705731,4.7,77.89699986799675,10.699399999999994
148,4.25,-25.0,-1.0,16.256799999999995,101.69409000000002,9.5,1.0,1.6000000000000005,1149.0,7.5,2.650999999999999,1.0,0.0,2.5,1460.4446655721356,4.79,75.68633397488932,10.702999999999994
149,3.0,-50.0,-1.0,15.726666666666665,101.48836000000001,6.7,1.0,1.5066666666666668,1080.8666666666666,7.075,2.564666666666667,1.0,0.9333333333333333,-1.4200000000000006,1384.4893188289063,5.0,76.0826667788711,10.643266666666669
150,2.25,-75.0,-1.0,15.289933333333328,101.2425666666667,6.5,1.0,1.5,1050.7333333333333,6.0,2.4613333333333336,1.0,1.0,-1.7000000000000004,1330.4083374158852,5.006666666666665,74.01933313943881,10.639000000000001
151,2.0,-25.0,-1.0,14.638933333333338,100.96942666666668,11.913333333333336,1.0,1.9666666666666666,1012.4666666666667,5.25,2.5080000000000005,1.0,1.0,2.126666666666666,1366.4836629346353,5.006666666666666,72.0636667885677,10.644599999999997
152,2.0,0.0,0.0,14.45166666666667,100.3727066666667,12.300000000000004,1.0,2.0,1028.9666666666667,5.0,2.588333333333332,1.0,1.0,2.4000000000000004,1363.107019042969,5.553333333333332,73.09199956285612,10.644999999999998
153,2.0,0.0,0.0,13.1173,99.67397200000002,-1.7999999999999996,1.0,3.0,915.1,5.0,2.685,1.0,1.0,-2.1000000000000005,1255.8146769455734,5.83,72.62399953189127,10.418000000000001
154,2.0,0.0,0.0,13.578600000000002,98.65287533333331,-1.7999999999999996,1.0,3.0,832.8,5.0,2.6073333333333317,1.0,1.0,-2.1000000000000005,1268.91232096875,6.099999999999998,77.89899927788801,10.418000000000001
155,1.0,-50.0,-1.0,11.135799999999998,97.36881900000002,-19.529999999999998,1.0,1.2,781.3,4.666666666666667,2.453,1.0,1.0,-7.86,986.8856668919531,6.46,82.24900054917904,9.635
156,0.12,-88.0,-1.0,10.459266666666663,96.04054200000002,-21.5,1.0,1.0,609.0666666666667,4.0,2.2846666666666664,1.0,1.0,-8.5,860.2806660946094,7.033333333333335,86.28700002014062,9.548
157,0.12,0.0,0.0,9.865599999999999,95.17340066666672,-27.393333333333324,1.0,-0.12666666666666662,499.3333333333333,3.25,2.2186666666666666,0.7333333333333333,1.0,-5.033333333333333,873.9536621091667,7.733333333333335,83.33366622904363,9.207399999999998
158,0.12,0.0,0.0,9.502999999999998,94.78207133333332,-28.299999999999994,1.0,-0.30000000000000004,540.9333333333333,3.25,2.177333333333334,0.0,1.0,-4.5,743.1436706532552,8.51333333333333,87.7386678060918,9.154999999999998
159,0.12,0.0,0.0,9.4159,94.95453800000004,-0.40000000000000024,1.0,-0.6599999999999998,480.7,3.25,2.086,0.0,1.0,-1.0799999999999998,844.5753275617969,8.97,85.31800028513736,8.8598
160,0.12,0.0,0.0,10.1562,95.73598066666662,2.700000000000001,1.0,-0.6999999999999997,573.0,3.25,1.8946666666666665,0.0,1.0,-0.6999999999999997,924.9826721220574,9.473333333333333,80.18800023410546,8.827
161,0.12,0.0,0.0,12.628666666666671,96.60273666666663,15.600000000000003,1.0,0.5,591.3333333333334,3.25,1.6133333333333335,0.0,0.0,1.3999999999999995,969.5729980054167,9.533333333333335,78.91166636042708,8.691
162,0.12,0.0,0.0,11.100700000000005,97.34218099999995,15.600000000000003,1.0,0.5,585.3,3.25,1.5159999999999993,0.0,0.0,1.3999999999999995,1034.8236754746094,9.740000000000002,77.51533330271354,8.691
163,0.12,0.0,0.0,10.607000000000003,98.01565466666668,23.89999999999999,1.0,1.2999999999999996,537.6,3.25,1.4920000000000002,0.0,0.0,4.400000000000001,1068.3849934531252,9.993333333333332,75.96533355692122,8.698000000000002
164,0.12,0.0,0.0,11.154399999999999,98.62048266666669,23.89999999999999,1.0,1.2999999999999996,584.7333333333333,3.25,1.3706666666666665,0.0,0.0,4.400000000000001,1101.9326659395836,9.899999999999999,75.44166692053582,8.698000000000002
165,0.12,0.0,0.0,10.95816666666667,99.13138166666671,11.733333333333338,1.0,1.216666666666667,608.5,3.25,1.2266666666666668,0.0,0.0,2.3166666666666673,1128.2943317611978,9.81666666666667,77.65366668697656,8.706333333333333
166,0.12,0.0,0.0,10.994933333333332,99.532186,9.300000000000002,1.0,1.2000000000000002,618.9333333333333,3.25,1.0426666666666666,0.0,0.0,1.8999999999999995,1116.535994466146,9.846666666666664,80.39099985744727,8.708
167,0.12,0.0,0.0,11.496400000000001,99.68538333333329,9.126666666666667,1.0,1.8933333333333333,680.2,3.25,0.9393333333333334,0.0,0.0,3.633333333333334,1193.3156656515625,9.899999999999999,81.06433308898504,8.737466666666666
168,0.12,0.0,0.0,11.727600000000002,99.61595199999995,9.1,1.0,2.0,550.1,3.25,0.8309999999999997,0.0,0.0,3.900000000000001,1088.7206624057292,9.459999999999999,86.81733449409376,8.741999999999999
169,0.12,0.0,0.0,11.965600000000002,99.52316933333334,11.899999999999997,1.0,1.2000000000000002,560.1333333333333,3.25,0.8500000000000002,0.0,0.0,3.099999999999999,1098.2623331591146,9.426666666666668,82.16733296684765,8.670999999999998
170,0.12,0.0,0.0,11.95573333333334,99.56114333333329,11.899999999999997,1.0,1.2000000000000002,595.8333333333334,3.25,0.8689999999999998,0.0,0.0,3.099999999999999,1091.288325979948,9.5,82.57266591379751,8.670999999999998
171,0.12,0.0,0.0,12.410199999999998,99.72060899999997,11.399999999999997,1.0,2.2999999999999994,543.0666666666667,3.25,0.801666666666667,0.0,0.0,2.1000000000000005,1173.4333292684896,9.413333333333334,77.40533294660807,8.434
172,0.12,0.0,0.0,12.422000000000002,99.97263000000002,11.399999999999997,1.0,2.2999999999999994,542.6,3.25,0.8660000000000001,0.0,0.0,2.1000000000000005,1206.3946573236979,9.600000000000001,79.57233327219596,8.434
173,0.12,0.0,0.0,12.765799999999995,100.21936000000002,5.079999999999999,1.0,2.14,611.8,3.25,0.9780000000000001,0.0,0.0,-0.3,1275.1793335252603,9.139999999999999,79.5660006202845,8.250800000000003
174,0.12,0.0,0.0,13.158133333333334,100.34999000000003,3.5,1.0,2.1000000000000005,552.9666666666667,3.25,1.2163333333333333,0.0,0.0,-0.8999999999999998,1321.7443318570315,9.0,77.29900054972852,8.205000000000004
175,0.12,0.0,0.0,13.314833333333338,100.26105000000001,6.333333333333335,1.0,2.600000000000001,561.6666666666666,3.25,1.3983333333333337,0.0,0.0,2.1000000000000005,1325.7763468309897,9.083333333333334,75.1706670124974,8.070833333333336
176,0.12,0.0,0.0,12.017333333333337,99.86877333333337,6.900000000000002,1.0,2.700000000000001,592.3333333333334,3.25,1.5999999999999994,0.0,0.0,2.700000000000001,1298.2959960354167,9.066666666666668,74.79433263105209,8.044000000000002
177,0.12,0.0,0.0,12.69293333333333,99.43718433333336,5.599999999999998,1.0,2.4000000000000004,614.1333333333333,3.25,1.7209999999999999,0.0,0.0,-0.10000000000000003,1299.4640055244793,9.0,74.64633280436199,7.532999999999998
178,0.12,0.0,0.0,13.080266666666665,99.17110933333335,5.599999999999998,1.0,2.4000000000000004,626.1666666666666,3.25,1.8216666666666674,0.0,0.0,-0.10000000000000003,1180.5553344570314,9.0,75.3596669515996,7.532999999999998
179,0.12,0.0,0.0,13.730000000000002,99.14287000000003,3.099999999999999,1.0,0.5,610.0,3.25,1.93,0.0,0.0,4.599999999999999,1209.6573241937501,8.800000000000002,77.07499999962305,7.339
180,0.12,0.0,0.0,13.763166666666667,99.36633366666666,3.099999999999999,1.0,0.5,704.7666666666667,3.25,2.015666666666667,0.0,0.0,4.599999999999999,1223.5496703497395,8.563333333333333,78.47933298736524,7.339
181,0.12,0.0,0.0,14.255699999999994,99.66996933333331,4.556666666666667,1.0,1.9566666666666663,716.2333333333333,3.25,2.0830000000000006,0.0,0.0,3.680000000000001,1283.4490031580726,8.34666666666667,80.59499994886262,7.281500000000002
182,0.12,0.0,0.0,14.835299999999998,99.89465933333334,5.0,1.0,2.4000000000000004,700.7,3.25,2.020000000000001,0.0,0.0,3.400000000000001,1361.3853311570313,8.26333333333333,79.19633356730144,7.264000000000002
183,0.12,0.0,0.0,14.728166666666668,99.91115133333336,4.233333333333333,1.0,1.863333333333334,739.4666666666667,3.25,1.9970000000000003,0.0,0.0,2.173333333333333,1390.561991375781,8.199999999999998,79.4723332725026,7.201899999999998
184,0.12,0.0,0.0,14.478599999999998,99.74185200000002,4.0,1.0,1.7000000000000004,737.4,3.25,1.908,0.0,0.0,1.7999999999999996,1315.0006673114583,8.199999999999998,82.26700083483398,7.182999999999998
185,0.12,0.0,0.0,14.379999999999999,99.60622999999997,2.5,1.0,2.2000000000000006,740.0,3.25,1.8400000000000007,0.0,0.0,0.6000000000000001,1361.0780152148436,8.199999999999998,83.02500025462305,6.938999999999998
186,0.12,0.0,0.0,14.684166666666666,99.58417800000002,2.5,1.0,2.2000000000000006,788.1,3.25,1.7899999999999998,0.0,0.0,0.6000000000000001,1414.5583332906251,7.990000000000001,81.51966679873698,6.938999999999998
187,0.12,0.0,0.0,14.90173333333333,99.65965800000002,0.9599999999999996,1.0,2.0533333333333332,896.8666666666667,3.25,1.782666666666667,0.0,0.0,0.5266666666666667,1444.7249999572914,7.800000000000002,79.62966664611719,6.784266666666668
188,0.12,0.0,0.0,15.457999999999997,99.81680333333331,0.40000000000000013,1.0,2.0,880.6666666666666,3.25,1.6733333333333327,0.0,0.0,0.5,1396.6406738145831,7.766666666666668,80.53700027510546,6.728000000000001
189,0.12,0.0,0.0,15.789599999999998,100.03053533333333,1.986666666666667,1.0,1.6266666666666671,893.8666666666667,3.25,1.5733333333333335,0.0,0.0,3.7666666666666666,1472.5366657986983,7.993333333333334,79.94266637132162,6.7289333333333365
190,0.12,0.0,0.0,15.777,100.25829999999999,2.1000000000000005,1.0,1.6000000000000005,990.8,3.25,1.5800000000000007,0.0,0.0,4.0,1532.2216552265625,7.579999999999999,81.99133351671028,6.729000000000003
191,0.12,0.0,0.0,15.807999999999996,100.41749333333334,3.646666666666668,1.0,0.9233333333333331,840.8333333333334,3.25,1.424666666666667,0.0,0.0,1.196666666666667,1569.5436604213542,7.596666666666665,82.56033350681248,6.650699999999999
192,0.12,0.0,0.0,16.034166666666668,100.58494666666665,3.700000000000001,1.0,0.8999999999999998,878.4333333333333,3.25,1.4566666666666668,0.0,0.0,1.1000000000000003,1641.0893391979168,7.5,82.57366587314257,6.647999999999999
193,0.12,0.0,0.0,16.02526666666667,100.67560666666667,3.506666666666667,1.0,1.9633333333333334,878.6333333333333,3.25,1.548333333333333,0.0,0.0,3.42,1665.0833251609374,7.306666666666668,82.92366739939517,6.623833333333332
194,0.12,0.0,0.0,15.842999999999995,100.71536666666665,3.5,1.0,2.0,881.2666666666667,3.25,1.5293333333333339,0.0,0.0,3.5,1658.0009969273437,7.199999999999998,81.67766545654817,6.622999999999998
195,0.12,0.0,0.0,15.735666666666662,100.72437333333333,11.433333333333334,1.0,2.0933333333333337,920.0,3.25,1.5200000000000007,0.0,0.0,3.5,1714.6016724351562,7.199999999999998,79.88133366892448,6.500733333333331
196,0.12,0.0,0.0,15.948866666666664,100.72436,12.0,1.0,2.1000000000000005,1047.7333333333333,3.25,1.6219999999999999,0.0,0.0,3.5,1795.8856689505205,6.793333333333331,80.52799911458139,6.491999999999998
197,0.12,0.0,0.0,15.636099999999995,100.71029,-2.2199999999999993,1.0,1.5599999999999998,899.4,3.25,1.6320000000000006,0.0,0.0,-0.9099999999999996,1831.6453287854167,6.6099999999999985,80.72100092583723,6.3317999999999985
198,0.12,0.0,0.0,16.555133333333337,100.75233666666664,-3.799999999999999,0.0,1.5,958.7333333333333,3.25,1.5813333333333341,0.0,0.0,-1.3999999999999995,1853.7330037330728,6.699999999999998,79.91633351647397,6.313999999999998
199,0.12,0.0,0.0,16.714333333333332,100.82615999999999,8.053333333333335,0.0,2.2466666666666657,1038.1333333333334,3.25,1.7113333333333332,0.0,0.0,4.853333333333334,1860.003995756771,6.233333333333332,79.88899993872526,6.274799999999999
200,0.12,0.0,0.0,17.339133333333336,100.90064666666665,8.9,0.0,2.2999999999999994,955.8,3.25,1.743333333333333,0.0,0.0,5.300000000000002,1920.6343302158855,6.193333333333332,80.43366750067644,6.271999999999999
201,0.12,0.0,0.0,17.292933333333334,100.93602000000001,2.18,0.0,1.7400000000000007,1073.4,3.25,1.7293333333333327,0.0,0.0,5.02,1975.4426431479171,6.193333333333332,80.39633254963998,6.276666666666663
202,0.12,0.0,0.0,17.099,100.93580000000001,1.7000000000000004,0.0,1.7000000000000004,1003.5,3.25,1.6950000000000005,0.0,0.0,5.0,1993.6136678059893,6.000000000000002,83.08033345588281,6.2769999999999975
203,0.12,0.0,0.0,16.776299999999996,100.90522,3.2300000000000013,0.0,0.53,1068.9,3.25,1.6819999999999997,0.0,0.0,2.3,1932.0313313802083,5.719999999999998,85.67466735860286,6.176199999999998
204,0.12,0.0,0.0,17.0635,100.82225000000001,3.400000000000001,0.0,0.40000000000000013,1037.0,3.25,1.6200000000000003,0.0,0.0,2.0,2052.6753499484375,5.699999999999998,88.33433329295312,6.164999999999998
205,0.12,0.0,0.0,16.94573333333334,100.70901999999998,-2.233333333333334,0.0,-0.12000000000000005,1083.4,3.25,1.5046666666666673,0.0,0.0,3.3866666666666654,2042.0343465658852,5.686666666666665,92.19399998919921,6.074000000000001
206,0.12,0.0,0.0,17.427000000000003,100.5311866666667,-3.099999999999999,0.0,-0.20000000000000007,925.4666666666667,3.25,1.5499999999999996,0.0,0.0,3.599999999999999,2089.8426553705726,5.446666666666668,96.33066660588608,6.0600000000000005
207,0.12,0.0,0.0,17.7133,100.37929999999999,0.6800000000000002,0.0,2.0499999999999994,1167.0,3.25,1.5680000000000003,0.0,0.0,2.61,2090.0963053260416,5.400000000000002,97.90766677825782,6.093300000000001
208,0.12,0.0,0.0,17.909,100.18669999999999,1.1000000000000003,0.0,2.2999999999999994,1142.0,3.25,1.5599999999999998,0.0,0.0,2.5,2108.7096923828126,5.450000000000002,95.75433400479884,6.097000000000002
209,0.12,0.0,0.0,18.2751,99.97887099999996,-2.770000000000001,0.0,1.2200000000000002,1151.9,3.25,1.5519999999999996,0.0,0.0,1.6900000000000004,2089.1756550523432,5.209999999999998,96.69433339417252,6.060999999999997
210,0.12,0.0,0.0,18.336,99.69701999999997,-3.200000000000001,0.0,1.1000000000000003,1177.0,3.25,1.5650000000000006,0.0,0.0,1.6000000000000005,1967.729337538021,5.05,95.65700073281054,6.056999999999998
211,0.12,0.0,0.0,18.27146666666666,99.48713933333335,-0.86,0.0,0.14666666666666667,1080.1333333333334,3.25,1.5253333333333339,0.0,0.0,0.8199999999999998,1999.570650199739,5.0,95.52766647295313,6.013666666666667
212,0.38,25.0,1.0,17.935533333333336,99.29980000000002,-0.5,0.0,0.0,1159.8666666666666,3.25,1.4853333333333327,0.0,0.0,0.6999999999999997,2068.98666981875,5.053333333333333,98.99199981611068,6.0070000000000014
213,0.38,0.0,0.0,17.962166666666665,99.17336666666667,-1.0000000000000004,0.0,-0.24999999999999994,1101.0,3.5,1.5800000000000003,0.0,0.0,2.0333333333333328,1952.2333292122396,4.833333333333334,98.83366622935026,5.940333333333331
214,0.38,0.0,0.0,17.720333333333336,99.09063533333331,-1.1000000000000003,0.0,-0.30000000000000004,1171.8,3.5,1.6039999999999996,0.0,0.0,2.2999999999999994,1958.4003295492184,4.946666666666667,97.11466623964843,5.926999999999998
215,0.38,0.0,0.0,17.605999999999998,99.07662999999998,2.3999999999999995,0.0,2.200000000000001,1154.3333333333333,3.5,1.6366666666666667,0.0,0.0,1.4666666666666661,2069.844999094531,5.083333333333332,94.69033304894141,5.819500000000001
216,0.4,3.0,1.0,17.712333333333337,99.07456600000002,3.099999999999999,0.0,2.700000000000001,1171.8333333333333,3.5,1.6713333333333324,0.0,0.0,1.2999999999999996,2084.2810140848956,4.843333333333335,94.8673324575814,5.798
217,0.4,0.0,0.0,18.046666666666667,99.08203499999995,6.099999999999998,0.0,1.2833333333333334,1233.0,3.5,1.6683333333333337,0.0,0.0,2.633333333333334,2126.1493082244792,4.816666666666667,96.4256673180384,5.742166666666665
218,0.4,0.0,0.0,17.94536666666667,99.17638666666663,6.699999999999998,0.0,1.0,1105.7666666666667,3.5,1.7290000000000005,0.0,0.0,2.900000000000001,2162.657665963541,4.963333333333334,95.43366572025653,5.730999999999998
219,0.4,0.0,0.0,17.954,99.33021999999997,-3.0,0.0,1.8999999999999995,1313.0,3.5,1.82,0.0,0.0,2.2000000000000006,2142.676310166146,4.900000000000001,97.6646652213685,5.708
220,0.65,25.0,1.0,17.986,99.54369800000003,-3.0,0.0,1.8999999999999995,1184.8,3.5,1.8739999999999994,0.0,0.0,2.2000000000000006,2206.0519856395836,4.7,100.95633290608724,5.708
221,0.65,0.0,0.0,17.651999999999997,99.76431,10.100000000000001,0.0,2.1000000000000005,1190.0,3.75,1.9500000000000004,0.4,0.0,2.0,2273.6996418,4.7,101.27433293660482,5.646999999999999
222,0.9,25.0,1.0,17.42253333333333,99.86601666666665,10.100000000000001,0.0,2.1000000000000005,1235.9,3.75,1.8796666666666675,1.0,0.0,2.0,2363.350683634375,4.5133333333333345,101.29333267211913,5.646999999999999
223,0.9,0.0,0.0,17.163166666666665,99.902982,1.3999999999999995,0.0,1.1000000000000003,1146.3666666666666,4.0,1.7766666666666668,1.0,0.0,2.2999999999999994,2358.054646753646,4.400000000000001,100.08166656507228,5.556000000000002
224,1.15,25.0,1.0,17.1006,99.91630799999997,1.3999999999999995,0.0,1.1000000000000003,1193.8,4.0,1.68,1.0,0.0,2.2999999999999994,2412.2016764635414,4.36,97.30199991923958,5.556000000000002
225,1.15,0.0,0.0,17.215600000000002,99.95069799999996,2.1999999999999997,0.0,1.9000000000000006,1214.6,4.25,1.648,1.0,0.0,3.020000000000001,2442.6543213119794,4.299999999999999,95.52333450315886,5.527200000000002
226,1.15,0.0,0.0,17.808199999999996,100.09115999999997,2.4000000000000004,0.0,2.1000000000000005,1172.2,4.25,1.6340000000000003,1.0,0.0,3.200000000000001,2466.6830321463544,4.34,92.40899988774545,5.520000000000001
227,1.15,0.0,0.0,18.481999999999992,100.25570000000003,10.800000000000004,0.0,2.5,1257.0,4.25,1.6300000000000003,1.0,0.0,4.599999999999999,2557.186669877083,4.200000000000001,93.71266581207227,5.5409999999999995
228,1.42,27.0,1.0,17.96046666666667,100.42609333333333,10.800000000000004,0.0,2.5,1237.8,4.25,1.653666666666666,1.0,0.0,4.599999999999999,2613.1310140078126,4.163333333333332,93.49533462620572,5.5409999999999995
229,1.42,0.0,0.0,17.199699999999996,100.62272333333334,2.8733333333333326,0.0,2.596666666666666,1294.9333333333334,4.5,1.7179999999999997,1.0,0.0,3.3433333333333324,2783.2740152932292,4.003333333333333,90.92166671743034,5.577733333333335
230,1.7,28.0,1.0,17.583166666666664,100.78493333333337,2.599999999999999,1.0,2.599999999999999,1302.9666666666667,4.5,1.7753333333333332,1.0,0.0,3.299999999999999,2736.855021161979,4.036666666666666,89.93466695180403,5.5790000000000015
231,1.7,0.0,0.0,17.584,100.83730000000001,2.2000000000000006,1.0,2.900000000000001,1276.0,4.75,1.7599999999999996,1.0,0.0,2.1000000000000005,2652.287971964584,4.0,90.32833328246224,5.628999999999999
232,1.9,20.0,1.0,17.79746666666667,100.80943333333335,2.2000000000000006,1.0,2.900000000000001,1296.5,4.75,1.8746666666666665,1.0,0.0,2.1000000000000005,2734.503360980729,3.873333333333333,93.7570009867318,5.628999999999999
233,1.92,0.0,0.0,17.629000000000005,100.71050000000001,-4.900000000000001,1.0,1.7000000000000004,1208.0,5.0,1.93,1.0,0.0,2.5,2788.179036464583,3.799999999999999,94.57133331298829,5.635999999999999
234,2.2,28.0,1.0,17.7336,100.50194000000002,-4.900000000000001,1.0,1.7000000000000004,1257.6,5.0,1.9379999999999995,1.0,0.0,2.5,2899.395312563541,3.7200000000000006,94.840334320293,5.635999999999999
235,2.2,0.0,0.0,18.005,100.24550000000004,1.7000000000000004,1.0,1.7000000000000004,1213.0,5.25,1.9720000000000006,1.0,0.0,0.6000000000000001,2743.1829915708327,3.799999999999999,95.99400024387761,5.604000000000003
236,2.4,20.0,1.0,18.070066666666666,99.9460386666667,1.7000000000000004,1.0,1.7000000000000004,1132.2666666666667,5.25,2.020000000000001,1.0,0.0,0.6000000000000001,2669.724332730208,3.856666666666668,96.96399993852084,5.604000000000003
237,2.4,0.0,0.0,16.987800000000007,99.655,4.2200000000000015,1.0,1.4199999999999995,1222.8666666666666,5.5,1.926666666666667,1.0,0.0,2.093333333333334,2594.2509928270833,3.993333333333333,96.03333282464844,5.633866666666666
238,2.4,0.0,0.0,17.417199999999994,99.38357199999997,4.400000000000001,1.0,1.3999999999999995,1168.2,5.5,1.9839999999999998,1.0,0.0,2.2000000000000006,2789.1049804104173,3.799999999999999,96.70866699157098,5.635999999999999
239,2.35,-5.0,-1.0,16.8968,99.20670466666664,-2.559999999999999,1.0,1.98,1264.6,5.5,2.1159999999999997,1.0,0.0,3.3600000000000008,2902.1173014458336,3.606666666666666,97.38333384229297,5.627300000000003
240,2.35,0.0,0.0,17.906866666666666,99.02574799999998,-2.799999999999999,1.0,2.0,1262.2333333333333,5.5,2.0086666666666666,1.0,0.0,3.400000000000001,2836.9746826734377,3.643333333333332,97.46833343492123,5.627000000000002
241,2.1,-25.0,-1.0,17.7338,98.893187,0.4866666666666666,1.0,1.2266666666666668,1244.4333333333334,5.5,2.0386666666666664,1.0,0.0,4.559999999999999,2995.7273519567707,3.6966666666666677,97.22733332351432,5.6038000000000014
242,1.8,-30.0,-1.0,17.798733333333328,98.83010066666667,0.6000000000000001,1.0,1.2000000000000002,1331.2666666666667,5.25,2.0239999999999996,1.0,0.0,4.599999999999999,2937.069303394792,3.5933333333333337,98.35099995950584,5.603000000000001
243,1.55,-25.0,-1.0,17.130933333333328,98.88150400000004,1.3466666666666665,1.0,1.2933333333333328,1329.8666666666666,5.0,2.019333333333334,1.0,0.0,2.7333333333333325,2972.1966553234374,3.5933333333333324,98.27400004057291,5.525533333333336
244,1.55,0.0,0.0,17.5811,98.99629600000002,1.3999999999999995,1.0,1.2999999999999996,1407.5,4.75,1.93,1.0,0.0,2.599999999999999,3120.812312802604,3.599999999999999,98.045665994901,5.520000000000001
245,1.6,5.0,1.0,16.912,99.09308899999996,-13.719999999999995,1.0,1.8399999999999996,1569.9,4.75,1.9749999999999992,1.0,0.0,-4.510000000000001,3276.2170329546875,3.51,97.2753328954323,5.347200000000001
246,0.1,-150.0,-1.0,14.733666666666664,98.46106899999995,-15.399999999999997,1.0,1.8999999999999995,1435.8666666666666,4.583333333333333,1.9366666666666672,1.0,0.43333333333333335,-5.300000000000002,3102.5336506348963,3.8900000000000015,98.0970003766966,5.328000000000001
247,0.1,0.0,0.0,9.1242,93.12759299999995,-56.89,1.0,-1.2500000000000004,959.2,3.25,1.7540000000000004,1.0,1.0,-25.73,2726.940665689063,13.669999999999996,99.87833302765493,1.9628999999999996
248,0.1,0.0,0.0,12.814600000000004,94.81490933333338,-61.5,1.0,-1.6000000000000005,1110.5333333333333,3.25,1.8146666666666662,1.0,0.0,-28.0,2999.6329915395827,12.613333333333333,98.90166702280729,1.5889999999999995
249,0.1,0.0,0.0,15.1056,97.56588000000005,49.65,1.0,3.0799999999999987,1502.7,3.25,1.8450000000000002,1.0,0.0,28.51999999999999,3179.227001947917,10.279999999999998,96.20766728758268,1.3090999999999997
250,0.1,0.0,0.0,16.28893333333333,98.57286133333336,62.0,1.0,3.599999999999999,1417.1333333333334,3.25,1.8653333333333333,1.0,0.0,34.79999999999999,3423.527001964583,8.166666666666668,92.90633366845377,1.2779999999999998
251,0.1,0.0,0.0,16.6372,99.122604,25.799999999999994,1.0,2.799999999999999,1537.8,3.25,1.783,1.0,0.0,4.200000000000001,3418.472648168229,6.88,93.40299987750586,1.2520000000000002
252,0.1,0.0,0.0,16.70693333333334,99.67209333333331,25.799999999999994,1.0,2.799999999999999,1600.0666666666666,3.25,1.7153333333333336,1.0,0.0,4.200000000000001,3637.379679354687,6.699999999999998,91.60066680966666,1.2520000000000002
253,0.1,0.0,0.0,16.699500000000004,100.20786333333335,5.050000000000001,1.0,4.883333333333335,1612.1666666666667,3.25,1.7016666666666673,0.7666666666666667,0.0,5.033333333333332,3784.601350903125,6.366666666666669,90.18433303791797,1.2345000000000004
254,0.1,0.0,0.0,17.181499999999993,100.81215000000002,0.8999999999999998,1.0,5.300000000000002,1561.0,3.25,1.7600000000000007,0.0,0.0,5.199999999999998,3884.4596760151044,6.1499999999999995,91.06900024476887,1.2310000000000005
255,0.1,0.0,0.0,18.473333333333333,101.21586666666663,1.8533333333333333,1.0,6.079999999999997,1512.8,3.25,1.922666666666666,0.0,0.0,6.066666666666665,4104.257332352604,6.099999999999998,92.00400009121941,1.2162666666666664
256,0.15,5.0,1.0,16.833866666666662,101.33696,2.0,1.0,6.199999999999998,1628.4666666666667,3.25,2.0426666666666664,0.0,0.0,6.199999999999998,4200.283317033333,5.846666666666668,90.10099945041212,1.2139999999999997
257,0.15,0.0,0.0,15.397999999999996,101.29720666666668,1.5666666666666667,1.0,6.026666666666667,1602.0666666666666,3.25,2.123333333333334,0.0,0.0,3.686666666666666,4348.5362793,5.466666666666669,92.48433456460286,1.2096666666666671
258,0.15,0.0,0.0,13.081000000000001,101.17516666666664,1.5,1.0,6.0,1565.3333333333333,3.25,2.3799999999999994,0.0,0.0,3.299999999999999,4486.0670408999995,4.933333333333335,92.67600021437173,1.2090000000000003
259,0.15,0.0,0.0,13.2601,101.10776666666666,24.200000000000006,1.0,7.099999999999998,1576.6666666666667,3.25,2.7603333333333335,0.0,0.0,7.0,4477.1499349,4.489999999999999,93.94466654437176,1.2169999999999999
260,0.15,0.0,0.0,13.419100000000007,101.05085333333335,24.200000000000006,1.0,7.099999999999998,1744.5,3.25,3.1769999999999996,0.0,0.0,7.0,4649.7957031999995,4.070000000000001,96.10466639167188,1.2169999999999999
261,0.15,0.0,0.0,14.487200000000001,100.95864000000002,1.1600000000000001,1.0,8.140000000000002,1692.6,3.25,3.6339999999999986,0.0,0.0,-0.2,4660.272314466666,3.98,95.71033248907227,1.2169999999999999
262,0.4,25.0,1.0,14.080999999999994,100.73966,-4.599999999999999,1.0,8.400000000000002,1743.9333333333334,3.25,3.9473333333333325,0.0,0.0,-2.0,4320.9036621,3.706666666666665,97.32733434082553,1.2169999999999999
263,0.9,50.0,1.0,14.413599999999997,100.39504000000005,10.600000000000003,1.0,9.1,1785.6666666666667,3.5,4.044,0.0,0.0,-0.6000000000000001,4364.768294233332,3.599999999999999,100.89433339405534,1.238
264,1.65,75.0,1.0,13.550799999999999,100.0017666666667,10.600000000000003,1.0,9.1,1550.8,4.0,4.409,0.0,0.0,-0.6000000000000001,4027.9263915255206,3.599999999999999,102.77133356730143,1.238
265,2.4,75.0,1.0,13.928833333333328,99.61987500000005,15.266666666666662,1.0,5.266666666666667,1402.6666666666667,4.75,4.705,0.0,0.0,2.150000000000001,3874.9716471406255,3.5166666666666666,106.5413340250651,1.2655
266,3.15,75.0,1.0,14.124633333333328,99.26487166666666,16.199999999999996,1.0,4.5,1478.4,5.5,4.9689999999999985,0.0,0.0,2.700000000000001,4005.013028905729,3.5733333333333333,109.22800013224284,1.2710000000000001
267,3.9,75.0,1.0,15.156999999999998,99.06163999999997,-3.5,1.0,3.900000000000001,1432.0,6.25,4.9799999999999995,0.0,0.0,2.599999999999999,3719.525675485937,3.700000000000001,112.01566645304362,1.323
268,4.4,50.0,1.0,14.4902,98.92170200000005,-3.5,1.0,3.900000000000001,1399.0,7.0,4.896000000000002,0.0,0.0,2.599999999999999,3991.80867511875,3.56,105.87800013224283,1.323
269,4.65,25.0,1.0,15.605000000000002,98.84711999999998,6.800000000000002,1.0,3.900000000000001,1340.0,7.5,4.78,0.0,0.0,2.2000000000000006,3956.3100424020827,3.400000000000001,102.71399892171225,1.3920000000000006
270,4.9,25.0,1.0,15.419999999999996,98.84154666666669,6.800000000000002,1.0,3.900000000000001,1398.6666666666667,7.75,4.796666666666666,0.0,0.0,2.2000000000000006,3964.9900064999997,3.533333333333333,104.48966623942057,1.3920000000000006
271,5.15,25.0,1.0,16.20563333333333,98.90112333333332,-9.300000000000002,1.0,1.7000000000000004,1355.8333333333333,8.0,4.873999999999999,0.0,0.0,2.1000000000000005,4126.046679813542,3.410000000000001,101.79066645304361,1.4590000000000007
272,5.15,0.0,0.0,16.290199999999995,99.04250600000003,-9.300000000000002,1.0,1.7000000000000004,1517.0,8.25,4.552000000000001,0.0,0.0,2.1000000000000005,4217.921028566667,3.659999999999999,103.6449981689453,1.4590000000000007
273,5.4,25.0,1.0,16.478200000000005,99.21826400000003,2.9399999999999995,1.0,3.1399999999999997,1444.4,8.25,4.202,0.0,0.0,4.58,4461.190299466666,3.52,101.72033335357618,1.5006000000000006
274,5.4,0.0,0.0,16.036000000000005,99.39215799999998,6.0,1.0,3.5,1329.6,8.5,3.8600000000000008,0.0,0.0,5.199999999999998,4457.177994833333,3.799999999999999,104.39399948120118,1.5110000000000003
275,5.4,0.0,0.0,15.971999999999996,99.47179000000001,6.0,1.0,3.5,1372.0,8.5,3.64,0.0,0.0,5.199999999999998,4265.889697166666,3.900000000000001,106.33666712443033,1.5110000000000003
