,0,1,2,3,4,5,6,7,8,9,10,11,target
1989-10-04,0.4898396123976476,-2.69595848824745,-1.3894200872463784,-0.6852769084047577,-1.5404075951322738,-0.4942140463854636,0.9382134948152261,0.9477482403736226,-1.4419708889477927,-1.733018316749283,-0.9505914946717541,-0.08770138353881192,1.0
1989-11-15,0.5724660762635245,-2.810873237321875,-1.054452759616346,-1.3278576327833338,-1.2091126273559605,-1.1447582670300627,0.16178218542560605,0.8659934320349412,-1.1799863427316668,-1.2344828624296853,-2.15891168195478,-0.5489995069812657,1.0
1989-12-20,1.1220953813159662,-2.4219199752767198,-1.5776626552057915,-1.264632554505079,-1.1571229458662082,-1.042357257940118,0.629548178509806,0.63016412643124,-1.3988501800032274,-1.6259899478496926,-0.9838306484499135,0.4770288694761573,0.0
1990-02-08,0.19926632115180593,-2.961907167679298,-5.116019130535508,-0.4560427328942011,2.0400982865562294,-1.418777432792672,0.9050735642132499,-0.623437179493462,0.4473038374504518,0.7127562200265254,-1.1999955184404087,0.1791004601417874,1.0
1990-03-28,0.17219178936435198,-2.889699022335364,-0.8557850233873774,-1.9649952306680358,-1.0732978965245998,-0.959664089651983,0.113933284488676,-0.44451903663434955,-0.7925682303980356,-3.1019657887187826,0.10744003439616759,0.5217908888657942,1.0
1990-05-16,0.9152063728468642,-2.5859614509052093,-0.6913000633271743,-1.357785371737868,-1.6216458345282483,-1.0397478759267338,0.4441872815650269,0.8592126114565318,-1.8270023363482633,-1.6738607476855274,-0.20459640613813387,0.7654313412185685,1.0
1990-07-05,0.1796545800606799,-2.552383345150121,-0.9421521135987878,-2.0101949744341687,-0.5816674599338199,-1.4604705876991375,0.020070448448295947,-0.07075672617406456,-1.5220733847677037,-1.196473044743369,-0.870785650166016,-0.49655822837422503,1.0
1990-08-22,3.16733319746118,-3.3522630379756824,-0.3816290766678119,-2.893794552384922,0.5099202372469042,-0.4313040826486707,-0.34265765181989055,-1.1095114594582562,-3.274162951184851,-0.1646900414592478,-3.1238578831037715,0.1111853891574285,1.0
1990-10-03,3.078909457281232,-2.7091382078723854,-1.3771440682564215,-2.9276240597495167,0.8625713852048704,0.2487553473772248,0.5748690250304072,-0.9285837536451003,-3.7906336499033775,-0.7146256221280551,-1.2468344561310065,0.18298213087264828,1.0
1990-11-14,4.000302161809618,-2.5921654265525205,-0.7191022624488209,-2.8522235583563478,0.08051875411882262,0.9450491437120644,0.4669963502375185,0.13579916627045127,-4.0465661335184135,-0.591406798324749,-2.0433238998574095,0.7676952017734608,0.0
1990-12-18,5.455072590715087,-2.9169938840516942,-2.305674518383749,-2.278674290108534,2.0876579450347146,0.897472492066765,0.9246689957252908,-1.5958291708625587,-1.9297403774332655,0.5313661084306486,-0.6743337973014806,1.5410661193344999,0.0
1991-02-07,5.848128002827832,-2.425758954550799,-3.0375518838455338,-2.2476652213594845,2.6839407242307587,0.5906249031874382,1.2534926990447162,-1.6481239373798926,-1.4293478688115164,-0.548124873573338,0.4398378107436813,1.7799620606156719,1.0
1991-03-27,4.161233151819762,-0.4577756887762085,-2.6831281753810745,-2.258688563915872,0.7931681542812289,1.0371649505434322,1.600715390429105,-0.03520855839396213,-3.7293081088183317,-1.1299849725930526,2.186677046013658,0.20212729571336738,1.0
1991-05-15,0.7266424471058495,-0.4106343819577011,-2.2247828472383344,-1.9406817201569604,-0.18823333995754934,0.3525373266627696,0.5186423847467212,0.47595167683166767,-0.6024298495170453,-1.831356568503823,0.45159125643909687,-0.9379136025463257,1.0
1991-07-05,0.6653634061313787,-0.44852539772014394,-1.6872198079587564,-1.7311408943859428,-0.814391277178152,0.02521859973318532,0.20715320572604476,0.6961428746299632,-1.1904364288123486,-1.4220977634332426,0.45609670172804617,-0.5147115304021547,1.0
1991-08-21,0.7483355479584914,-0.6044088809396259,-1.4991389292475295,-1.212174275442035,-1.2774205100267393,0.18609565708761378,-0.06975582347547352,1.9187177643460775,-1.6210964259970442,-0.9627932682714901,-0.9145790624007067,0.813032922619876,1.0
1991-10-02,1.1999796058250787,-0.48007699507157164,-1.8248957338410388,-1.1027690137916661,-0.6557876337563645,-0.6166099632534238,-0.09990297886040049,0.9380261245926473,-0.913710297465697,-1.1985222931750297,-0.3835972968067757,0.373847830627113,1.0
1991-11-06,1.5974915817618784,-0.31294958438207415,-1.1276275696932976,-1.3118375729422336,-0.9285157047919027,-0.43920536881831657,-0.45614113157809627,0.8543118706408254,-0.6244154442658102,-1.0369094809351522,-0.6330425075767491,-0.41523780906977165,0.0
1991-12-18,3.0188600559692578,-0.968579598920834,-2.9059360569795727,-0.07297189402442873,1.0439806111500318,-0.6594888368756666,-0.041250283645850955,-0.11563828117064587,1.4398222135852632,0.4078542948754329,-0.013844318071711688,1.3375522613347588,1.0
1992-02-06,2.048328238736899,0.6765131350458559,-2.235325785680995,-0.6845472496628454,-0.5419468394374998,-0.3748665627098212,-0.09213150203530256,1.020280748721391,-0.09291291687371002,-1.2799674173602438,0.31978706324922906,-0.25205998715042277,1.0
1992-04-01,0.6909784077689772,0.4558530014095304,-1.5372178514509782,-0.95299741919075,-0.45914686058394766,-0.3332287288182754,-0.41733225406280683,0.46340669511253973,-0.342871338310385,-0.9931307168221305,1.2345034573497458,-1.1636972191693176,1.0
1992-05-20,0.6937414916694815,0.17081083513108045,-1.0380661602693746,-0.9505085607558501,-0.9420268874944083,-0.1090252780300098,-0.9108941477547092,1.3984889553652058,-0.9974449043097753,-0.8734271343851013,-0.39381796119965984,0.11112100518051132,1.0
1992-07-02,0.8333715359024574,0.09623487473503123,-1.0536898861131139,-1.0406437155539776,-0.5802680415790394,-0.3143374543665979,-1.1329906931805966,0.9304512327406489,-0.7418623762249468,-0.650388030306124,-0.8031943100263603,0.13281853845900643,0.0
1992-08-19,2.5987813041966668,-0.2285911905883521,-2.9676833418220796,0.060179861999004915,1.1706768460629098,-0.0334942795998492,-0.5761050061913028,0.015659733943392467,1.7201009712966684,0.33327620488048093,0.11323084871717509,1.2676689971346444,1.0
1992-10-07,0.47326652603171204,0.6258073817353983,-0.9444777201245442,-1.2719130932274874,-0.894433312281076,0.26834299971268194,-1.101250383743633,0.4014516954785462,-0.6897540924817552,-1.0422151672790365,0.7392411453153409,-0.1943165663578703,1.0
1992-11-18,0.5807850128532955,0.6387469762417545,-0.8177613645219839,-1.2222586814098766,-0.3388731009817312,-0.5120401810673401,-0.9140011876500546,0.30157488093928,-0.4949307717086825,-1.3729519970512076,1.8184610979254492,-0.9631312706991195,1.0
1992-12-23,0.3330338185116034,0.4156240081356602,-0.8862367925888626,-0.7820153572432806,-0.7544933658144115,0.07501526246708443,-0.8365124271463068,0.8653291220797817,-0.6707496562997547,-1.0483449614907376,0.9310037047677987,-0.3783017772994281,1.0
1993-02-04,0.42492512304708774,0.9636859276457589,0.6195149493855812,-1.436652930486733,-1.3493587489703909,-0.5883793584596887,0.5578638491222606,0.057229167673600624,0.26620127389391574,0.23322564194576187,0.27134674777482015,-0.5681363711436545,1.0
1993-03-24,0.30618622532796247,0.9540174528443054,0.36629804447488656,-1.5858783115180741,-1.1287514123998617,-0.36028391095785806,0.6804757249514533,-0.09900563215685187,0.11945998293431939,-0.021324665269439234,-0.095179028934236,-0.37082399236733954,1.0
1993-05-19,-0.38735167763102,0.9904597163512248,-0.42875010605599767,-1.1679612097586574,-0.4557738868905385,-0.28275345079700076,0.8141597316046473,0.6928908543852118,0.2908461174824291,0.4838322682630155,-0.8874807191968638,-0.3004881229280341,1.0
1993-07-08,-0.15536841641962315,0.797621433189304,0.17391232339164642,-1.6795318874676177,-0.747567468609982,-0.7057398133903601,0.46734465901378675,-0.2783703799486041,0.2511561059782804,0.26310390918528337,-0.40873176594521304,-1.0008338822052518,1.0
1993-08-18,0.421672948676856,0.7312093102928419,0.5132328281789499,-1.3159399902716808,-1.01570644844217,-0.3692501839117386,0.9969522943211411,0.5130245294660404,0.15439088453070163,-0.17165329603498708,0.22713421485446733,-0.4810172658273991,1.0
1993-09-22,-0.1847093802209995,0.7105205945549371,-0.14270056480903578,-1.0437437755867658,-0.7380453092275404,-0.5319028492665576,0.6732592763760885,0.8850783062981425,0.025275391868706226,0.6539711950146506,-1.1891985078154317,-0.2717952815914408,1.0
1993-11-17,-1.0368030322056652,1.157068456381974,-1.0872510088487626,-1.1467566161371188,-0.616542417029111,0.5789871496611995,1.361136636152064,0.06310151550086242,0.6945798544894471,-0.7151463633776701,0.7085617736663036,-0.6171419636086812,1.0
1993-12-22,-1.0945011547822021,0.7900689990338843,-0.7957534021763667,-0.8457663706204959,-0.9112537369927985,-0.207110757750008,1.0796564314866328,0.431905003938757,0.3450371121159232,-0.08391227240907337,0.42865619527879645,-0.3292850741578883,1.0
1994-02-04,0.11589664230820597,0.5787964801710362,0.51756997728204,-0.6373766942306723,-1.7747840620880198,-0.5777418080034897,0.8167655397228027,-0.018901764615982076,0.3774222161108134,-0.3494699099789152,0.6791567589269103,0.5508023125807745,2.0
1994-03-22,-1.8475023907120383,-0.7865789986862639,0.35876499419678987,-0.2763228457333061,-0.6068610969683448,1.4102746836744715,-0.005924803886865477,0.41615645066076007,1.0478831683516217,2.118510465537825,-1.0048186463886717,-0.39926198018122533,2.0
1994-05-17,-2.428120817042384,-1.1607031813188187,0.7707599778896532,-0.8968341308810976,-1.2754701652352871,2.900273444245683,-0.08938870709754113,-0.10779782580686403,1.1162896220780882,0.6681549740586447,-0.9936630124452784,0.5591725007299752,2.0
1994-07-06,-2.2745621244157026,-1.4027568141283806,1.2616258222284724,-0.7199610261697067,-1.808804064584907,2.5381019144323265,0.11435267142967896,-0.07567563252419429,1.1323616884638514,0.6175912773964691,-0.37953663437958796,1.4169752909782698,1.0
1994-08-16,-0.8717238783159971,0.21914949835595368,-0.48182390612283343,-1.0562592244976794,-1.3467049494717098,-1.1451332602672863,0.4175376443156296,-0.3145440301451112,0.38151772396809835,0.12467056068983431,-0.8601412964405022,0.021902293151403036,2.0
1994-09-27,-2.3896047405716794,-1.5676285783671329,1.1190533581522601,-1.1763164095759815,-1.4944572005599621,1.9253890299402836,-0.3233405295528805,-0.30186165810328175,0.7253407095064177,1.4783481169679262,-1.4150304937090286,0.721670389995323,1.0
1994-11-15,-0.8891829226585168,-0.024687478147929782,-0.6908516365707834,-0.8005557574358163,-1.5346895350590455,-0.6525703159681816,1.0511650679366626,-0.2363627205017045,0.07523299544558695,0.011723930400910942,-0.29454223140297947,0.4841806198081954,2.0
1994-12-20,-2.619943841813856,-1.7830852504954486,1.9213004441333925,-1.2113180102984875,-2.1107841285358893,2.77247479469606,0.3161498872309955,-0.8619130789533682,0.8045283371759582,0.6102262059774729,0.4466102291995884,-0.10184630485280395,1.0
1995-02-01,-0.02890874285475152,-0.36296874375787896,0.031370230795143006,-1.0257876469718108,-1.8427805336294523,-1.1585511605971945,0.8183950852976297,-0.22357549730568058,0.3137684271980458,-0.14766441297707794,-0.9698462413577085,0.3172254729682008,2.0
1995-03-28,-0.9896108390150481,-1.8378960881047366,1.0819073672893265,-0.9352771955430175,-1.9544977567416293,2.163389138982411,0.39342459234178484,0.024649679683583208,0.4831395053172241,1.0042409987913867,-1.8207710498939602,1.6894574879921465,1.0
1995-05-23,0.36801708231521024,-0.007495854482367076,-0.14346450084398413,-1.1814939434681515,-1.8628212062527973,-0.4707953920746887,1.4002614518993675,-0.09410500822101181,0.11540892249011178,-0.17990445757746987,-0.45923471229932483,0.1376711471400459,1.0
1995-07-06,0.17469510956816892,0.2239854083951102,-0.5824609174202277,-1.006200704305746,-1.8484290509561845,-0.1990800124993415,1.5184297229779327,0.19617671788189572,-0.1464650942723028,-0.07355802376365808,-0.448859446463898,0.4734353138172026,0.0
1995-08-22,0.9528726131455403,-0.4234722115893745,-2.762853983824868,-0.37130138250734757,0.47752676410265255,-0.15364023114525902,1.7980023911262788,-1.4794552570738164,2.635044963735128,0.9069128924691525,-0.08815170337146763,0.4879526862740735,1.0
1995-09-26,-0.26489621866131,0.22810405591325048,-0.5149330919407408,-1.3546887590045509,-1.6553094991901236,-0.36264999182277086,1.492792021074522,-0.7344032622025413,0.5199021609049358,-0.8837755570488403,0.8714277403344598,-0.16514210945501553,1.0
1995-11-15,-0.06401377930713073,-0.008802275821601164,-0.43375533289634277,-0.7960325810883352,-1.8910253424449246,-0.8339949798865421,1.2436706192438256,0.22227130168689765,-0.20123940906319115,0.5849639377878624,-0.5633240606616584,0.03255224133681379,1.0
1995-12-19,-0.25760499549123306,0.3182552595117332,-0.831354095767945,-0.7174052998043465,-1.6113296187488568,-0.2734773270733505,1.783597662476883,0.20267681451455383,-0.05693932499889494,0.07836054706881432,0.43687898974139566,-0.06903319767974617,0.0
1996-01-31,1.7485705319229592,-0.6963360414425621,-1.9777713285883236,0.004829771371675178,-0.09918083764273294,-0.5542577999651175,1.6452390254383868,-1.1702520384766308,2.2819545331771636,1.2917583423023244,-0.14517076063625448,0.3853301301258185,0.0
1996-03-26,1.1730880323454063,-0.5803684527155835,-2.0931570775049813,0.2113748248474198,0.11268868335226766,-0.6160957763362239,1.5955096568234541,-0.9844167389593985,1.965134634630199,1.8708647357956834,-0.05906212431214049,1.0130052973967807,1.0
1996-05-21,-0.9114750733056887,0.19667380812112192,-1.1241647967206827,-0.8962732126420729,-1.3158867444562214,-0.24583138367402105,1.3068392698388542,-0.37534443968024817,0.35628035079701686,-0.019192919155005837,-0.36533155033168013,-0.7926802843618478,1.0
1996-07-03,-0.45006588982920404,0.02064676990340578,-0.6215697529594981,-0.8137204938588208,-1.585765559730457,-0.4176743767328644,1.2446026073336995,-0.14295344771920335,0.47038516675203157,-0.5379041381870358,-0.2680972556094234,0.03773339514496716,1.0
1996-08-20,-0.5257973835918434,-0.13877377040092967,-0.5835684375242433,-0.566857372893784,-1.8655697912560032,-0.9003319715154241,1.0083953537854788,-0.08564874788166454,-0.25380323533180493,1.0104206155480373,-0.8248889860636622,-0.2304255323711335,1.0
1996-09-24,-0.5081207890554857,0.09802413962259375,-0.6125848017532033,-0.8802342185950632,-1.5315486097055835,-0.7091198515445055,1.1088544361150001,-0.3562073567926884,0.03822454038580461,0.3288648215333633,-0.3660658389938006,-0.3580769195831604,1.0
1996-11-13,-1.598056832402985,0.08467439526543645,-1.9632953860790605,-1.247581182314167,-0.9150147984190888,0.06614432581722765,1.2579454702714155,-0.6085046983102086,0.6678684695219036,-1.1449272093908505,-0.5587080769862214,0.14038646475394875,1.0
1996-12-17,-0.7898574496968088,0.04270127629472035,-0.8544084359728753,-1.2646278520322165,-1.562859608612956,-0.6272947216632092,0.8531310243738477,-0.4270989213930255,0.6901382357410439,-0.8048685413876487,-0.47831630485584264,0.6513577083712655,1.0
1997-02-05,-0.3559144685555242,-0.06507972074853403,-0.12872197579826686,-0.8263788905652628,-2.062800802013636,-1.3257312916886852,1.1946945186239062,-0.4967179058204185,-0.28924547263639744,0.22121177133461453,0.9250574768638934,0.13877032392363273,1.0
1997-03-25,-0.7102917833514532,0.0006932981370653512,-0.7226968724369148,-0.5490756983193215,-1.5601205059405572,-0.6205153775985112,1.586613620393598,-0.1047400494518072,0.1718285232174794,-0.17509533864951804,0.6382590520304777,-0.6014998808066703,2.0
1997-05-20,-1.850005788864407,-1.554335109540377,-0.12520019238938448,-0.3021494416903956,-1.953708264533841,2.634635227287024,0.9023468636661224,-0.7606364837340845,1.354147280786362,0.7060498243897703,-0.44470284606780247,0.4216371369628929,1.0
1997-07-02,-0.8019405161710907,0.02214247505735537,-1.0617761803810624,-0.47693700711277537,-1.9564231762797022,-0.4907457950239413,1.2460191760334887,0.0181988909148366,0.7726775920614207,-0.5145279246135761,-0.7183208195951183,0.39416888914397297,1.0
1997-08-19,-0.9621853313810262,0.1193951960907236,-0.976116939205303,-0.2132174586422849,-2.150534617356019,-0.8074555428199847,1.8027943154008033,-0.501034141746726,-0.028261195694758115,-0.4527667426802782,1.5387550806686794,0.21577114828922808,1.0
1997-09-30,-0.8162272756035127,-0.29949155858171556,-0.9855007566020376,-0.14607517789008967,-1.8330228423588801,-0.6608828182966571,1.1976935428948712,0.2967932573267412,0.4696079499277356,0.019935144433090114,-1.2923083737857861,-0.247165554087103,1.0
1997-11-12,-0.2648891683588618,-0.27007663730467724,-0.45681966810434776,0.3073225659714698,-2.6614540839624787,-0.6592017169973962,1.4289398230985524,0.13934064277568198,-0.2957106738098254,0.6669104270793803,-0.2933349118074118,0.19928836748339732,1.0
1997-12-16,-0.5759440057234163,0.022180233602325825,-0.8397281414314773,0.36260341655917494,-2.1589833100630726,-0.5143981592648484,1.6275646255854643,0.11068120423709343,0.13536653238267551,0.2656663567054456,0.10970936721838803,-0.2871549814952576,1.0
1998-02-04,0.059060092746337514,-0.09992540340993902,-0.31489830606288943,0.36787529714851885,-2.606538989401193,0.04439682478056153,1.7019704215553006,-0.1488939152023118,0.865693155054034,-0.7467297282569362,0.29080812251522675,-0.563958639701886,1.0
1998-03-31,-0.5296121430945483,0.15983436010184426,-0.8162929061024152,0.4454856910854632,-2.1351664797180887,-0.748712952775779,1.3866687919192553,0.2964288997806993,0.5708552125362594,0.3864559075270966,-0.6350034479708359,-0.23507144754782455,1.0
1998-05-19,-0.6494896154219469,-0.2322011425426046,-0.6549601235531107,0.7578177157394407,-2.048777462207757,-1.0673817050896053,1.4490684499557358,0.040566663724177915,0.01682066579340162,0.8977281257180376,-0.5405279335654537,-0.29816877233514877,1.0
1998-07-01,-0.2848951619864834,-0.17478196334120624,-0.47505416839179215,0.6496096207204056,-2.0367202399176922,-0.6015255749097406,1.6220563488738222,0.06132953396466898,0.4935531149273868,0.2393260038394006,-0.236793414430994,-1.371851931623105,1.0
1998-08-18,-0.2641407464807186,-0.4600563278613485,-0.4787027167480393,0.12676312367840128,-1.6893071440951213,-0.5860178271098826,1.4644635972009203,-0.0933532483990564,0.8966145635591931,-0.7968309217438715,-0.6279235834028096,-1.0716825441628863,1.0
1998-09-29,-0.1731095817814284,-0.4518750774835169,-0.6468495168855718,0.6500895039222259,-2.0794897796996876,-0.23344244408571857,1.6269845522288537,0.39762874068457493,0.3404028938034942,0.10028016575813617,-0.8571542357954617,-0.22790270584790523,0.0
1998-11-17,0.6375024105419558,-0.5733994890859533,-3.373607612506171,1.382721012538305,0.21127255074851634,-0.5739475606682365,1.6268668551050365,-0.8873678763440196,3.2682271775188365,1.262135368152676,-0.8758363672637992,1.0990843056861055,0.0
1998-12-22,0.6253422038566224,-0.5985150557702839,-2.9193722621267693,1.6294344242214176,0.0702213173230599,-1.2483081957544597,1.5493674220557134,-1.0794006391118052,3.026659974752151,1.39258617371934,0.4010091907753531,0.9927150002106047,1.0
1999-02-03,-0.38322967147617565,-0.2820698894450176,-0.004862998413362802,0.5652155751480761,-2.216923499519179,-1.6522143712959532,0.6861201456747922,0.13081427900510717,0.2423334060860303,0.6092749713653874,-0.2852485096877033,0.037329950708240696,1.0
1999-03-30,-0.7049642839606013,0.011751103222762658,-0.5960714964207817,0.5905887431052339,-1.9301091149066307,-0.6239378348378795,1.4422217777884283,-0.04888821488374582,0.3614300888612795,0.034715317171397066,0.693158349877551,-0.6527560425310184,1.0
1999-05-18,-1.1410600471725538,-0.16753590541661492,-0.8060038116615286,0.5619438013745299,-1.629110333365491,-0.9007988708409873,1.1438628272741849,-0.2703110224945406,0.5124055731011329,0.042873838342551186,-0.08783745895514379,-0.21736766360722382,1.0
1999-06-30,-0.8620986406411729,-0.13283714712308006,-0.5454266674130064,0.6858679197476277,-1.8424360796166912,-0.6760232362635407,1.4549735399331705,-0.29128091959596425,0.573960450330139,-0.09757082230298986,0.6132699479621764,-0.8758950951195933,2.0
1999-08-24,-2.4907072795884924,-1.9409772238357368,-0.24474180393370198,0.8991983427595376,-1.431521976791493,1.779210193555361,0.38648686232952034,-0.38394831374551863,1.3022092261290994,1.5125386319584444,-1.5855242739692188,-0.19053659798422568,2.0
1999-10-05,-2.112614266100079,-1.9889840700446029,0.5583592514660191,0.7821464570983087,-1.8593823630897819,1.611401222347635,0.48548682701219076,-0.5730147944468328,1.5034936583147864,0.7739996637887478,-0.20865277514153546,0.2740753107845445,1.0
1999-11-16,-1.5978897044249905,-0.5494318004022567,-1.062084740335211,0.3695405168416708,-1.5286064177584386,-1.4284118152369563,0.9013115791668252,-0.44611172579829095,0.6330861338965211,-0.14773112333608496,-0.6605472159689986,-0.19560504816971191,2.0
1999-12-21,-2.745328406155783,-2.0506249960687333,0.335006464476591,0.6814667488993575,-1.459888030315598,1.0154743753854616,0.6008392093379548,-0.5846494613805368,1.3081244197480373,1.127489980602195,0.29899336533566706,0.2358069343280507,1.0
2000-02-02,-1.0597990672890767,-1.1545353158542841,-0.16307008811309906,0.5683603067653453,-1.801312035828413,-2.063379605432468,0.9366649561792424,-0.5267670326535544,0.24166990103876632,0.16102080748687364,-0.17592933619144557,-0.03082601075267662,2.0
2000-03-21,-1.9129436552642385,-2.8980999636008806,1.3258392091893512,0.29748799376620305,-1.315873830838916,0.6081172029503278,0.44222448832386035,-1.359150176870126,1.3487722623880587,0.8975177677748294,-0.15378693030792462,-0.9709287464152705,2.0
2000-05-16,-2.284469485024086,-2.711871406475089,0.16653199532170848,0.29347354097693923,-1.384841193551451,2.023822289090042,1.5403367610547656,-1.626142232545471,1.6126329376732145,-0.3516700136703424,0.8439127175396363,-1.0746968125320333,2.0
2000-06-28,-2.5062841652477976,-3.171312762699187,0.9136638103916934,0.5546031581195313,-1.9326804162339704,1.7796057246216388,0.8127373464917758,0.20743098755577546,1.239830978862867,0.4206546513659144,-1.6736968733869104,1.2284446836835379,1.0
2000-08-22,-0.3047718208709322,-1.4403730441700338,0.11104731007957194,0.4444425611797076,-2.3382411558057097,-1.6087568272522643,1.9423869027541933,-0.4609730041797546,0.2096260794327873,-0.2864828042584211,0.7131099975956805,-0.6834467060973032,1.0
2000-10-03,-0.8522019938350631,-1.3844140046004043,-0.43053935719777053,0.4271000969572052,-1.646164708270832,-1.3632873065285,2.135074826441968,-0.6280148133547777,0.21681204674218,-0.13159926894630974,0.33483868938809397,-1.5141139849959648,1.0
2000-11-15,0.1365941009282955,-1.8145813119710756,0.3126842090103119,0.4592540825823124,-1.9892070212863582,-1.3272655281799142,2.165660283572538,-0.19203983056105647,0.23680578717819953,-0.18038456384827029,-0.5814858515150583,-2.001015522019459,1.0
2000-12-19,0.31629760916153515,-1.7771162559637195,0.03443240353867544,0.5016504855332795,-1.7315032825534082,-0.7652744815839656,2.3774141897667143,0.4723720413519475,0.31046709027191927,-0.525186334620174,-1.2018061673109364,-1.330935483680338,1.0
2001-01-31,0.9112152312370618,-2.1228344287788765,-1.644967414676355,1.4944389859723786,-0.8703504687256505,-1.7476240002941819,0.43360032314857716,1.7636148546987762,-1.2553667500850527,0.15132683337390113,-1.4618857864887935,-0.918336288072472,0.0
2001-03-20,3.560694446759612,-2.692621040069946,-2.652976622438926,2.328298559711822,0.9481839899263909,-1.3459207624474256,1.1572914977843916,-0.43836870228123903,1.4486889059501638,0.311543860124604,0.8016777030737008,-1.4144537117518694,0.0
2001-05-15,4.6357405163137235,-2.7897518281164,-3.365762733175013,1.8020245983903922,2.719171032439662,-0.9018344572450532,0.8075276900634122,-0.6419444824991692,-0.36739694408752793,1.7505889759315811,-0.9645710172086555,0.005702275933349058,0.0
2001-06-27,4.9440534134400345,-2.5702362294559253,-3.2280571006085212,1.9584875808665991,2.9317216419604164,-0.6058478038850275,1.3135622856663087,-1.3466460482646292,-0.2777812108011721,1.1879588387458861,1.2103024721478481,-1.0389510293528414,0.0
2001-08-21,5.577954223583409,-2.813547470364654,-1.086284937223801,2.1887830966127,1.6115259700058226,0.4861191308809907,0.630015141159826,0.5079789204644768,-0.663729309245525,1.757444551803277,-0.7364672666397539,0.011546372169064081,0.0
2001-10-02,5.1517732121749304,-2.4169613274764896,-2.4193942637344414,1.9266653748019955,2.210187331910715,0.7482493901675558,0.8610479676940085,-0.5965179146217655,-0.9554501537881659,2.0796579241023383,-0.4177385185173142,-1.6011788765594324,0.0
2001-11-06,5.07436920201244,-0.8382562382578774,-4.908810252620903,4.426896233869444,2.5943888504478436,0.8933326387342782,3.0046511225907424,0.08875333934557424,-0.5136614371786328,1.3300387625564316,4.4133687343696995,0.8157586299382587,0.0
2001-12-11,3.582282717617015,-1.043413366499685,-2.0680905638687936,3.0975566298690818,0.8704384843855957,-1.0543808426295256,-0.5165214339472065,1.049063992159293,2.512524056997079,0.6626390586077884,-1.0157471420761206,-1.7098333512952775,0.0
2002-01-30,1.2733247966544896,-0.6773663041461768,-3.3227661337822956,2.5683584162668156,1.4165584967304068,0.28105640856545566,-0.6776800503358542,0.8364572131304417,2.4572029123183743,1.127711524896165,-1.692750070723578,-2.127576192087647,1.0
2002-03-19,-0.44702079557774677,-0.3420270012808127,-1.1763415039476488,1.4726816775913252,-0.44896016380295095,-0.5470214586455562,-1.0816929641651833,1.5794825961408498,-0.30560543363723613,0.1450553190852813,-0.9472465918469809,-1.6302722906834093,1.0
2002-05-07,-0.21566102488664526,-0.5364497066505933,-1.042653389449477,1.4987599623958268,-0.5911593212610746,-0.0484457961134391,-0.75852537545637,1.3225569991608102,-0.3383452840432552,-0.44879984961087926,-0.3724087823549004,-1.4403061124884675,1.0
2002-06-26,0.032910062907496276,-0.39876072101065385,-1.1455042505334256,1.626659699449701,-0.7170933273318245,0.2277193011793206,-0.8023728930564901,1.9822961780124617,-0.32453197248350374,-0.45025922605599616,-0.8639744326737336,-1.2340799531785804,1.0
2002-08-13,0.47092128247472764,-0.6136651012264351,-0.424370413130048,1.6695803621169323,-0.8978886376419205,-0.27378230849685065,-0.8681629532412313,1.0871770145399375,-0.7841481045112325,-0.09907455238929455,0.18230177589411528,-1.559587559678777,1.0
2002-09-24,0.4227014770877837,-0.3331887781870668,-0.5995308438447795,1.4075783544080454,-0.4976877577764552,-0.2600893636845388,-0.8743982876968666,1.6643039635218129,-0.13035451285800576,-0.5030065183589805,-0.029702378719270877,-1.869528064814135,1.0
2002-11-06,1.0299529806962615,-0.38209906179286807,-0.06961551542170459,1.2021674929169548,-0.7613485129098979,-0.40319236034159306,-0.9412105818482508,1.587989437292167,-0.5087879561305401,-0.5826202880542914,0.27014637291513416,-1.382604830141991,0.0
2002-12-10,2.483326635174533,-0.6290115262185564,-2.930804814064008,2.8907804955692793,1.6998899583449425,-1.0475629666219066,-0.20867672760597625,1.1707089998983387,1.4943485760170827,1.981373787921253,0.43660081340241214,-0.23230594958164455,1.0
2003-01-29,0.23385292331728758,-0.07224683498409647,-1.0637707972846464,1.4372480192649486,-0.1190436665787455,0.13588092892200107,-1.1379664828011573,2.305350859666791,-0.4128050080137786,0.21907069545303157,-1.1306357196651715,-1.4036575290562623,1.0
2003-03-18,0.686358775215835,-0.15434918171852105,-0.4336097250796663,0.7424340758879605,-0.4610078081919066,-0.06323971222026029,-1.5566868927983228,1.2339654426132858,-0.49013543107634305,-0.20085008002695057,-0.7552527452680344,-1.6444301280366485,1.0
2003-05-06,0.7258437467422976,0.5296037894272811,-0.8873926714180507,1.4327279011193927,-0.8447492570944061,0.969317509862336,-0.48614152663027943,2.140372914264483,-0.342365306780454,-0.9604124765803655,1.1369887742155291,-0.1835657050215117,1.0
2003-06-25,-0.14988160171239928,0.7996060973554863,-1.7384758234236763,1.788560605516446,-0.6317251093969598,0.34533288504171067,-1.1278675673541185,2.7611478395640967,-0.5321704486870811,0.3862406930683908,-0.14488766696235036,-0.3514689417052152,0.0
2003-08-12,0.2893665164223371,-0.18293893475919637,-3.4464644186795157,1.882861350251101,1.8868608861334035,-0.2650266084220345,-1.2196301474083138,-0.6548032486372982,2.254925169377401,0.7414214773820431,1.2348275851583717,-0.7744373235348311,1.0
2003-09-16,-1.0986099996072196,0.33718890480786984,-1.4143814611581673,0.8610871958220709,-0.23014013222314397,-0.8109273320758889,-2.2550883011741525,0.7475637790794615,0.12241811265662728,0.08675719372767225,-0.2172232609264094,-1.7158343751038734,1.0
2003-10-28,-1.1012050944895229,0.12060826263398688,-1.8745459738411676,1.0867323969010165,-0.35167730348263465,-0.2319250004286609,-2.2860829026170983,1.7356233942200592,0.010553979229340218,-0.34982167981856155,-1.3307852275547807,-0.19016537729090693,1.0
2003-12-09,-1.463596570747629,0.18982742051561877,-1.7090666370497816,1.0949924975552678,-0.41544751221330617,-0.5281234933374521,-2.0212239161924503,0.8406010859658288,-0.06853883566197945,-0.256984816254666,0.711412979270373,-0.5090594699371503,1.0
2004-01-28,-0.43191226519652065,-0.1485242172909545,-0.5424180513284845,0.8848293200903009,-0.8244561781756927,-1.285476939635494,-2.720399521268504,0.864995431188857,-0.14910118006696865,-0.5657173934107039,0.06063647165182414,0.7108265018654495,1.0
2004-03-16,-0.9284439357419445,0.0024233347182325534,-0.8770689043069154,0.7124510261630543,-0.3087549749895651,-0.9983417168928571,-2.301575738447514,0.2522384253504827,-0.038009775385745334,-0.25615508246978275,0.8400794846797711,-0.9768474816647172,1.0
2004-05-04,-1.041130750890415,-0.45071346602562573,-0.5414922883628588,0.2650060453939305,0.09032567546960645,-1.5066628857126427,-2.5413927638426332,-0.3661863531454007,0.16202391767279783,-0.6621560222019879,0.6675419533725577,-1.3570955069648356,1.0
2004-06-30,-0.42601973964870826,-0.7031367490943287,-0.13987273466072425,0.09794039595972674,-0.12545505945519356,-1.3128969397024077,-2.603862566205716,-0.01921314005149623,0.1507457721651264,-1.0487428419247975,-0.1427234244369366,-0.10455501205644126,2.0
2004-08-10,-1.4474836405929328,-1.77915977275826,0.5008053584941904,1.3627922597256557,-0.7409875847798942,2.286974753775839,-1.8577659874831578,0.7263236567850451,-0.07365699529972909,0.9802301414423377,1.7265909721288353,-0.23600248342291535,2.0
2004-09-21,-1.287355877986785,-1.8755736833985972,0.5749116533439058,1.2847402580712144,-0.7132453487379719,2.0562574396567337,-2.2038841381295997,0.490684453872816,0.28309250680019077,0.25030934644466774,1.0754151230516007,0.5193112067142891,2.0
2004-11-10,-1.5049490994852,-2.042423851678196,0.1771327413352286,0.789375320062547,-0.241992363554688,1.9139851488968254,-2.684315815240482,0.19128463369283394,0.7033000577892785,-0.19008501995014007,-0.30040729599651145,0.4849054822618911,2.0
2004-12-14,-1.9200525329096363,-2.1634959276769443,0.09072384805173737,1.0481854601115133,-0.40510197162180134,1.5608814517401515,-2.7390397053238273,0.802039279967545,0.28347161726752074,0.6162100895034881,-0.21576310811658364,1.4165969073596087,2.0
2005-02-02,-1.7558632510602292,-2.331738149703614,0.3304482029572159,0.5853259134140316,-0.4397049650941672,1.4654239434914744,-2.50562654447747,-0.3352988352726771,0.5442947432273058,0.15713790547830347,1.153501609025677,-0.6086287822252946,2.0
2005-03-22,-1.2763205212924384,-2.4468002322293456,0.5605141138020203,0.47320470713144186,-0.6558949742443377,1.5139378637506749,-2.7294221353991404,-0.12879070569843717,0.3729188049954166,-0.021117689430515327,-0.0021730476013179256,1.1086940052503815,2.0
2005-05-03,-1.654551720406679,-2.3224001396846843,0.2607952268820648,0.676284860751159,-0.7330034542079206,1.7788049861121091,-2.09213758582562,-0.15205858179514406,-0.07465539494534597,0.8252789356405279,1.2409721575541703,-0.809906390963628,2.0
2005-06-30,-1.4612625086758073,-2.264122251035241,-0.03091851492056659,1.0048507725767468,-0.7228955112758927,1.6280625606214807,-1.731892572894477,-0.012068903274150517,0.14432538962983982,0.13262124634733635,1.8586653742229993,-0.010353836091278679,2.0
2005-08-09,-1.7308751850924469,-2.813266928787714,0.40785676547505423,0.7953652418301016,-0.48959633319200074,0.9843767605263526,-2.2217261636042185,0.11126648500162734,0.1271089168878793,0.2966922445584014,0.7827010671762112,-0.3051503199520373,2.0
2005-09-20,-1.4938716721140552,-3.530514886884542,0.9799954364342799,-0.030874173450977666,-0.050649885025440856,0.2544726666441592,-3.6729261772472332,-0.2870941576483833,0.6427658951368139,0.7954046882676438,-2.772670656428815,-1.3994824408528168,2.0
2005-11-01,-1.5554974819091143,-3.374110848463485,0.704517892146516,-0.8262583341336802,-0.2983901055051028,1.478502856747829,-2.4917676577585914,-1.2651560762004614,0.4103395285408185,-0.38100410765881554,0.12341614222678514,-0.8969217405193889,2.0
2005-12-13,-1.8535469874230968,-2.672074585603745,-0.19542827990751593,0.7320149781623011,-0.9868475203827906,2.1594465640155054,-0.7996339485244836,0.33625935200065826,-0.21845085014533078,-0.6385056455132466,3.24109623730703,1.54439331461756,2.0
2006-01-31,-2.8331186666270614,-2.9188398229237134,-1.3038957383377243,1.2061192081849008,-0.6749028725394306,1.8207053642072624,-1.571109958387879,0.4227406108731104,0.13019128784149536,0.7344544570221001,0.1236739151417212,0.03657473274284743,2.0
2006-03-28,-1.261924915431005,-3.268480894822818,0.13559390472117638,0.6330689711427192,-1.4101842909876496,1.4557719250906536,-2.1304840623370014,-0.4830583792512493,0.88815963148248,-1.1700653734493056,0.2378998472863513,1.0476663512902857,2.0
2006-05-10,-1.7594819173678173,-3.7504989029299445,0.6743983153856955,-0.012978423269327093,-0.7468185307901526,-0.3572920366223529,-3.107706517496723,-0.595372465463948,-0.2447041887756407,1.3643940423846188,-1.6516111226988786,0.11738678301829955,2.0
2006-06-29,-1.4480779081834774,-3.5096501557714985,0.5618989754225667,-0.035582970157956875,-0.700578918080565,0.799287009740334,-2.124029567862548,-1.1564712696484327,0.2635486323005159,0.07367851173704637,0.40961134377896535,-0.5952957807709096,2.0
2006-08-08,-1.1076272722967908,-3.352321977056078,0.5204581283405645,0.6377132544698579,-1.6724462926502701,1.2957951656493565,-1.5260674491177637,-0.3446149759107131,-0.6109794389682097,0.7639224186514086,0.8405363774920676,0.6211208795242371,1.0
2006-09-20,-0.19772124070168606,-1.6576515589877148,-1.0771621597581642,0.32557276011931635,-1.3536661664168235,-1.0673592151697064,-0.9511335817632129,0.06290882689654975,-0.9456953906420302,-0.8915682846251701,0.2898917369612712,-0.1237158830987355,1.0
2006-10-25,-0.5130013211111534,-1.2019805219118764,-1.8337662519194822,0.20853669230770427,-1.7288145270059623,0.653368191416112,-0.09843938862652395,-0.4896117410157276,-0.6375135699631808,-1.9471534231603052,1.4646087992339234,0.8211541032443701,1.0
2006-12-12,-0.8950197138899267,-1.1760893969793675,-2.044873285486667,0.656888586679888,-1.513955599138183,-0.6126154558549567,-0.8713297070098817,0.3698560870354259,-0.7564090774144931,-0.6509158141077257,-0.2349342874656002,0.461855903617895,1.0
2007-01-31,-0.5252957763865787,-1.5495197050335547,-1.1290214239287892,-0.2970722320488376,-1.2072773766945561,-1.829691326166285,-1.425052518586741,-0.9042438741388281,-0.9068699658326722,-1.828361215436406,0.8137746093883732,0.33673410742688714,1.0
2007-03-21,-0.7200426484172547,-1.6549792241498016,-1.2564994253224957,-0.13429891279622572,-1.051370786021138,-1.2846867283732972,-1.271745304653191,-0.4397715592475552,-0.8373363774426361,-0.8698073440922893,0.10691657118684064,-0.4415123661060738,1.0
2007-05-09,-0.3005970142283481,-1.3257820100912987,-1.3296119245830407,0.20758896119140574,-1.9055267179494975,-0.7098358661182023,-1.1955819797126146,0.00365824341590824,-1.1157620277362883,-0.6371365109489742,-0.28265850565571354,1.204246210465759,1.0
2007-06-28,-0.19219940975859595,-1.2211971163037312,-1.199210990698823,-0.09079941135462652,-1.6876462997089585,-0.6617946095005974,-1.1089634149032863,-0.38902653309579127,-0.8636388561691226,-1.3353567155333852,0.44446975327626453,0.3378093808557804,1.0
2007-08-07,-0.2999848036930642,-1.2879331955149091,-1.2509060304328106,-0.22763947350772903,-1.6967560922782634,-0.5328521774596726,-1.413537916130678,-0.7615056683215756,-0.6176472325020367,-1.2041045155478056,-0.3245023012351141,0.679980484304148,1.0
2007-09-18,-0.10382212945930319,-1.0850151435781321,-0.9842489024229085,-0.19758408588582108,-1.7500824832273154,-0.5828398621358686,-1.1396718378527733,-1.1767452123683309,-0.5858999413940094,-1.613631313809405,0.9406406103698501,0.5438818925581685,0.0
2007-10-31,2.015446939502259,-1.6561029067245356,-2.7943097724353665,1.209101964831943,0.1848684188740959,-1.7656029107018247,-1.1346504252650909,-1.9749475035815023,1.6930220277031984,0.7001142924688633,0.4149767083776772,2.034349879779673,0.0
2007-12-11,2.1140586411776137,-1.8357951210325238,-1.8396722787385722,0.34311616088665897,0.17606990086411559,-1.0779447428844895,-1.6966929789120675,-2.703273283114796,1.7621367148433955,0.19132521123117258,-0.3410642228466693,1.0390571321817645,0.0
2008-01-30,4.682250206582152,-2.0577841931814276,-1.7913790936924603,0.026662803558643762,0.9628566154212692,0.3918353257562225,-1.0609166050776093,-3.3587067348927153,-0.5975342978174407,0.8225061729653903,0.5793565569729326,1.0720490922543122,0.0
2008-03-18,5.616860414376097,-1.2362080719601962,-3.3129687712305693,-0.17659841392561637,2.577936065523952,-1.1302423427473223,-1.6706349756258885,-3.5363938352533357,-0.2519124254721829,1.4219068211369843,-1.052020904509838,1.3787179820311313,0.0
2008-04-30,4.385726247915641,-1.1166392771187004,-3.3906681345303564,-1.0495481879909414,3.4153569672028143,-1.0083641425695564,-2.3182438555065197,-3.9653309367887957,0.19418245979721047,0.985820738265308,-1.6948945046448767,1.38352150283071,0.0
2008-06-25,3.8655403444353835,-1.4602525937832167,-1.583624522151517,-1.5616460723670313,2.7791113394125833,0.2838372379344897,-2.0008067889002557,-3.793194179542243,-0.401151973557839,1.0553480960403843,-0.13790129437026233,0.9308063002440132,1.0
2008-08-05,3.62577428010314,-0.8805553793338168,0.9625036353225982,-2.841459965091961,1.011162506849334,-0.14021067917538346,-2.502251389558425,-2.2063795307724345,-3.0644468516517627,-0.5111169029142829,-0.3034030219605682,-0.033712075147622964,1.0
2008-09-16,4.045821612719496,-0.15017936161567355,0.4907011643473901,-2.493509746262865,0.8168508774864345,1.618698607804133,-0.6727369047420851,-1.8906492787525457,-2.9867712683599468,-1.5524873358953464,2.376906937577897,0.0973005509899466,1.0
2008-10-29,8.29884267111267,-0.33464906828244073,3.373308665098085,-1.7743716205078217,-0.5094428824627542,1.741744140594259,-0.6243946871533969,-1.0467728260291331,-2.337867834386936,-1.375665906001691,1.7653558395478006,-2.4265113765015314,0.0
2008-12-16,9.318623053478667,0.7371635668589666,-1.1971895804361532,0.397776045941202,1.714882154769563,3.092848212111485,1.530738445035457,-0.6295945992454741,-0.7125111210151607,-0.4161808345122371,3.9233485038360874,0.8662784922642739,0.0
2009-01-28,9.42952533107392,2.1264125796249167,-0.42137295606020336,-0.3786284692632966,1.854363790389681,2.2261645821758296,1.920601796701753,-0.4725484493629278,0.8404552440460628,1.8732054093538923,0.09183558101032559,0.9846562607711354,1.0
2009-03-18,5.46042868547336,3.209592278556247,1.0516572750480389,-2.057052928700561,0.13910366879118644,3.256203711741444,1.3917552843716028,0.004813732114279784,-2.1318417109551473,1.5666194002286953,0.6959799460008128,-2.5580250642414675,1.0
2009-04-29,3.9491957600733594,3.7852535165674084,-0.8890090788292829,-2.851835740734641,1.2526777996085652,3.6645730817541833,0.24653512879791323,1.017352985125619,-1.1024288014719108,1.0406797011045505,-3.304766556602293,0.14994200094872462,1.0
2009-06-24,3.356374197132146,3.765419845932932,-0.9373533712376555,-2.5561046841254473,0.5456594140321653,2.88230596361407,0.17359288842466009,1.0032798603369157,-2.383451524046903,2.4768147911168943,-1.8866962046250617,0.6152083131742031,1.0
2009-08-12,-0.24978124568027898,4.573804061156089,-1.9667627143194741,-1.4527256351892748,-0.1735533109710624,2.1526685460844672,0.5714302803967442,1.5730849004646061,-0.46058023555973515,1.0251182627954751,0.6086773882584401,1.0568490987908439,1.0
2009-09-23,1.2967044667728924,4.2108823511898406,-0.2540409765451474,-2.11560223467889,-1.2230045939810121,1.953420308744335,-0.2337640118632804,1.314103800169293,0.6049120649898304,-0.16118009054730065,0.261970328909013,0.8212822062661633,1.0
2009-11-04,-0.049406656434648505,4.157746320113778,-0.9673420178493789,-2.914611507554064,-0.10940065046075229,1.0497734540530097,-1.1585529883716605,0.12676991828719558,0.8637238827082946,0.4015890496620642,-1.3349247524855108,0.3710778834958376,1.0
2009-12-16,0.034129991333626056,4.240194501815743,-0.8204332949526553,-2.214529029821967,-0.9653926471394784,1.4483493497645028,-0.47805539209206305,0.46907013863004504,0.5154672750065367,0.21184257694656647,0.8450408750515616,1.0686839388383047,1.0
2010-01-27,0.7833343018790435,4.03187928379426,0.29642158519223033,-2.1077877088810584,-1.4627288227246706,0.5095812838525239,-0.8530794488928939,0.2996159907231168,0.14835485290777142,1.0020229740641333,0.937013766982104,0.480329316887127,1.0
2010-03-16,0.5306956030401955,4.111769516338777,-0.11570983382415287,-1.8605876450011087,-1.2100348916079908,1.1614429389467402,-0.43837758676653504,0.044329417246394304,0.500852521577454,0.48141487683315065,1.2735031056628914,-0.015024002975623792,1.0
2010-04-28,-0.09983043112032611,4.090329810792867,-0.6359612046258662,-2.043865686475612,-0.5801493329178149,0.6728045031840045,-0.7445773031111353,0.35040901156105636,0.5330919051834274,0.6627533591721133,0.22323271458597266,0.3349710093311432,1.0
2010-06-23,0.7343020296237441,3.533745324304013,0.6235955442944896,-2.119809360880956,-1.147114271554007,1.0562182063967271,-0.41614914274011217,-1.1270306229495444,0.9080421135256302,-0.43912998069432946,1.8254900528848295,-1.0312518369519232,1.0
2010-08-10,0.5538202930560926,3.6241396464827016,0.12934558894822848,-1.4627565294200449,-1.0296603428458715,0.7708030377142642,-0.9259211565977403,0.494242457178873,0.9539384178214996,0.8864194842317872,-0.8676736754010183,0.5593844832677298,1.0
2010-09-21,0.5377222524266376,3.908240151486613,0.10724737426921221,-1.503066386868676,-1.1682626034226644,1.0141462518041033,-0.4487439771165317,-0.10192735378817502,1.0921137016494429,0.041034815673528825,1.1762108585466768,-0.15134898764682894,1.0
2010-11-03,0.27416159945523844,3.854536713343735,-0.23334440853963118,-1.675996028558683,-0.6276246685218905,0.14172459096776427,-1.5491429252959985,0.8794241750098936,0.731791329860471,0.7290490758282591,-1.7634894341911043,1.335900438552815,1.0
2010-12-14,-0.03937903831669097,3.696274283854836,0.31279279250366304,-2.2078869377888166,-0.5930518321246225,-0.016877927347620704,-1.2503892778356092,-0.8736208710266583,0.886797886502482,0.5520422634608138,0.6991572857770125,-0.26831901943951486,1.0
2011-01-26,0.12096500983115323,3.4686712751381905,0.7643222361022762,-1.9337663918755716,-0.4914294825696808,-0.8647255987508202,-1.5217130740097546,-0.055909372790080326,0.27829953908701255,1.804503339873582,-0.14126348358993315,0.16116037960906124,1.0
2011-03-15,-0.17161553901053175,2.7940819488234796,0.9537246787702718,-2.820662619140413,0.2524819361894649,-1.3678407722034054,-2.258599021470719,-1.2429930312139748,0.38646494245850527,1.910497994393658,-1.9020132420327285,-0.34413492159788084,1.0
2011-04-27,-0.40806843457228265,2.88160546979176,0.5729017218820049,-3.135600726484534,0.8213312230844452,-1.0146601430913582,-2.173428180665038,-1.219358504409435,0.8825129488581809,1.0419758296401609,-2.2430144807519006,-0.5955680893576168,1.0
2011-06-22,0.6039571220892814,2.700650927342507,1.268737466919184,-2.9027886973196284,-0.07847403662701011,0.15921388843582435,-0.7958335370162886,-1.117762743957719,0.8423670169774923,-0.5289963882387023,0.9982859353585322,-0.18467598275979236,1.0
2011-08-09,1.1661608475977987,3.0235655441468983,1.5701922762355252,-2.470895909860064,-0.13602673961222117,-0.17560402482436935,-0.8787152427319473,0.076224405254382,0.7319908314034465,0.13536037060632217,0.3370471612830151,0.7424712660962816,1.0
2011-09-21,0.5848187547457205,2.8076230144676053,1.0701231468741579,-2.4558177885215264,-0.15901674440934815,0.17689730788536612,-0.6211890549836574,-1.0376493372184163,0.44261520058897913,0.383589864986401,0.9298173857563686,-1.030566086500193,1.0
2011-11-02,0.6869109837371062,3.1753308971620813,0.8997373380294801,-1.8202313257302982,-0.6240542125229459,0.7802697973974196,-0.3147592601791863,-0.2541142731174257,0.8074712106140518,0.5009532843876695,0.5354186711220754,0.1794890949489795,1.0
2011-12-13,-0.08133490455130857,3.1609446344638537,0.35033242357438965,-1.824903253981623,-0.3045965262512038,0.28228653889400596,-0.3010245846249847,-0.6071031668506807,0.47041740415983735,0.664172653875298,0.9986374118575668,-0.6811352588849061,1.0
2012-01-25,-0.7222173992510313,2.9986022068199985,-0.11201955274667488,-2.0294544857416,0.4592768075416132,-0.5332231141601322,-0.5441349549940336,-0.16206723127154202,0.2473690163217144,0.3091469488432601,0.5905250385679149,0.13558317448374224,1.0
2012-03-13,-0.2772381165203974,2.530550098752119,0.4141110728260079,-2.027175412724822,0.018491305972591895,-0.42757642915419736,-0.9484115124830321,-0.08944438449737269,0.13690730891177508,0.8603045880617992,-0.9138071002769587,0.7026924171824703,1.0
2012-04-25,0.3079811149859475,2.6424423767930874,0.9131344294145621,-1.4443582692954937,-0.5317783217163076,0.027896533078331308,-0.3773326161556293,-0.03983402216434926,0.39759057339940024,0.5528386708308479,0.6094955508585079,0.19421073703626499,1.0
2012-06-20,0.49030474100652965,2.6238018015726756,0.9713642939856458,-1.613051411324202,-0.5391707032064003,0.4405044804188789,-0.06303494284630043,-0.713502811989881,0.553417392481491,-0.11227420112706321,1.3729823631747262,-0.992426898871897,1.0
2012-08-01,0.5326399837293566,2.817660670004824,0.8758421299906678,-1.414888127241152,-0.281095018883575,-0.040345815250127565,-0.27762071378286846,0.46540998541833317,0.5111895655299848,0.05853957120681722,0.524660759897771,0.3176683320215079,1.0
2012-09-13,-0.3260963694795946,2.6268155687263968,0.268440736661015,-1.2386370170265733,-0.012998764471764361,-0.2912905210657189,-0.4426530682011224,0.4325441490944372,-0.0368379039906543,1.3423367897086795,-0.3677930434287369,0.15492078137263796,1.0
2012-10-24,0.061885991068754545,2.720314582051039,0.578485287222049,-1.0826388629429864,-0.1102998335364607,0.05972529047545363,-0.07126396027359941,0.7695611051690521,0.16671441221972813,0.824279847380773,0.6228983307045813,0.2926295277473878,1.0
2012-12-12,-0.003398119760535821,2.619790967064839,0.5226286902044904,-1.079768101100008,-0.3819224965260884,0.1346013558241255,-0.22024174804681992,0.08914544786144951,0.16608085038320855,0.8030234335247857,0.6589600303872833,-0.45689225776629316,1.0
2013-01-30,-0.32419369248337687,2.851897521770477,0.16122279795413144,-1.0428430253742689,-0.24064668861638508,0.25401726875399827,-0.33277963896788887,0.23107127791590046,0.5591086798207439,0.6243828569243057,0.03867540908143427,0.2705445175178913,1.0
2013-03-20,-0.7078506592641978,2.7009702596649006,0.30213916287312886,-0.9690827035158884,-0.1769333731375149,-0.22276611288777326,-0.2306872104995041,-0.2506284193670124,0.4714327240384771,0.6348372652356037,1.239659844888265,-0.34263708087653566,1.0
2013-05-01,0.501353708026927,2.5799160112564326,1.1251721915119053,-0.6455147470477784,-1.0666669129412656,0.18440764416194783,-0.34037745776303463,0.02026085004684459,0.6039249377778507,0.24023770856697216,0.6539129330961033,0.839113001408182,1.0
2013-06-19,-0.3988853600227247,2.74799577519569,0.5403596838726586,-0.6340658621823865,-0.387999422232125,-0.32450647421301937,-0.39685436715431,-0.09358945936807594,0.5562631634440237,0.787906407097868,0.5835940167702995,0.3406938698765397,1.0
2013-07-31,-0.8578666551958799,2.54575585616511,0.33983262698080174,-1.042356471864973,0.23177866669542277,-0.6404135493589861,-0.5660372981745797,-0.4927943357440955,0.806503109965249,0.11667593946999014,0.5506034845832845,0.042460121930962,1.0
2013-09-18,-0.34243965441901014,2.2646355037003323,0.8120104800684858,-1.0437373316920568,-0.2623131261815507,-0.3138711153588233,-0.6059160381181212,-0.6067722409992928,0.6558356006291988,0.3483708484125118,0.1924065163507373,-0.25422592256451143,1.0
2013-10-30,-0.6355679163368327,2.5076829350578906,0.24298142013433444,-0.8971331118104992,-0.040419556821884986,-0.1213725194741688,-0.6183598311808889,0.17783933837335048,1.014856694068754,-0.0311625614019402,-0.3113627156399865,0.839764432548388,1.0
2013-12-18,-1.0862589030434224,2.3191653587980334,0.40933961004610464,-0.9528853478493251,0.05513710620669458,-0.7359763745501282,-0.5579692694285864,-0.49772811143231177,0.7785221262202855,0.43421445030406897,0.7317280368345673,0.18906206597010314,1.0
2014-01-29,0.7606580855518215,2.01125515272355,2.25758950707516,-0.6308875996876199,-1.0434691079991372,-1.2823328250474937,-0.8753337963476329,-0.21587636946473374,0.33485573218389647,0.859070433418857,0.6702929524022354,0.778303152729286,1.0
2014-03-19,-0.8163706736151458,3.5533790665421807,1.5807231959677754,1.8261455084944715,0.49498802053666274,-0.32008009561736805,0.33577667863078536,-1.4102926616712217,-1.381109587044415,0.391633080139989,-0.8737380519975938,0.8211262054237407,1.0
2014-04-30,-2.213249224975657,3.3794816937466146,0.5400371047151813,1.1206879808240058,1.7027520889094963,0.09525927218256272,0.3229300681799874,-2.449782584142276,-0.4222204687256038,-1.079278729668963,-0.942388224079085,-0.1601006494000769,1.0
2014-06-18,-1.3235781699864484,3.169263755588658,1.5603521946961791,1.5572184667783546,0.5157053990560198,-0.319898543265914,0.30507681509927354,-2.258406410503475,-0.674014548575909,-1.1992796109607715,-0.11386187798795079,1.5708803592762448,1.0
2014-07-30,-1.1138649778974652,3.0640822164464923,1.8069481919715256,1.8361566393229756,0.34197539272398025,-0.49121736088840234,0.2824916346824813,-1.8347610825890506,-0.9165122222574293,-0.2907352060298353,-0.5373453615013566,0.959231757357322,1.0
2014-09-17,-1.0293984366994413,3.128663834155417,1.7913300580495926,1.8002179085441468,0.385228035046398,-0.11999546448295637,0.6154076303151095,-2.199087075381383,-0.6492399141810008,-1.2800669884944906,0.32247982529424357,0.8129020311929,1.0
2014-10-29,-0.4608088841470543,2.99325232435275,2.3786691178607042,2.151416054752875,-0.08406817449322204,0.20271493445507988,0.7717317961210624,-2.3204583578597395,-0.6130816443138349,-0.5911967439968172,0.3193786451149181,-0.5671343341014883,1.0
2014-12-17,-0.9655396337727198,3.4334180376982233,1.5668422525559524,2.447504731842806,0.1705754826172193,-0.10085705273588105,0.9293303133000607,-1.5405119268478806,-0.7807287858698053,-0.6695203729483082,0.13110690559056537,0.9720496073685907,1.0
2015-01-28,-0.36767976562813454,3.419140914237899,2.0152074034745406,2.7973893625636626,-0.21591685880695863,0.5160105289802811,1.3725208334733165,-1.6017681390458038,-0.6001616529466148,-0.7398085971213636,0.6531967732281371,-0.41765564594824567,1.0
2015-03-18,-0.957115677042315,3.176332931407782,1.8778974230808951,2.634522723409409,0.36235303019871723,-0.4948824297732657,0.7480999908506782,-1.9525249644152585,-0.7109789039433938,-0.14461836725572913,-0.8040716024109695,0.17313861241884357,1.0
2015-04-29,-1.992279719898429,3.1081135373669144,0.6857411755334295,2.6611325312778424,1.509649107326154,-0.605773930316704,1.2913652497507953,-0.992144705966344,-0.9867099113476834,-0.48574597943838765,-0.43731829387203525,-0.7487119628089549,1.0
2015-06-17,-1.075827127841442,2.5463718078723443,1.7994035222703777,2.6875682144541027,0.7236849597858485,-0.4870448746037095,0.8198227623431148,-1.2717301521592466,-0.6837426682058829,-0.5388619742336336,-1.0263105411621616,0.0012967383915031192,1.0
2015-07-29,-0.653490319440203,2.6804062815230143,2.303716747155451,2.973040422993278,0.2532543543717356,-0.3399185443043263,1.1198563590838024,-1.4376943043212438,-0.9076470682311975,0.061937645092834816,-0.2484083698245163,-0.36684241235388837,1.0
2015-09-17,-0.6582323040607301,2.3542364142458188,2.0422316444007835,2.950473414271043,0.5924450165624401,-0.0007588815382084446,1.073145337904259,-1.5849153707452737,-0.8302508412057215,-0.2417011550270185,-1.2349892327589824,-1.4091468169651509,1.0
2015-10-28,-0.19390213871471132,2.867450347094832,2.154728583121707,3.200882000281266,-0.018204518809100637,0.22484507909010426,1.1773799515639563,-0.9734362480017271,-0.744897280906861,-0.35983828342550134,-1.058128063989021,0.6026251542703691,1.0
2015-12-16,-0.44355597720017587,3.072197061176249,1.9432563142538064,3.0329384318605284,0.3405184994806971,0.144515651733695,1.4772818778676233,-1.169053871865436,-0.652270567643743,-0.5821116132565295,-0.21292765415319836,-0.7744486835030224,2.0
2016-01-27,-1.2920398986635127,1.069053210980051,3.4855468436512185,3.254454470052412,0.31694100636403355,2.9568318463825847,0.7418939046089074,-1.882016393449632,0.13685782799617432,0.38923460036055857,-0.7308714270228176,-0.6932934728607039,1.0
2016-03-16,-0.4875679606223491,2.928961176818515,1.6579036870032544,3.036406823355834,0.3394138967721656,-0.08882492094120517,1.0644668393874182,-0.5997958628417425,-0.6818238987119081,-0.18011946351596664,-2.0727494720450186,0.2826119288821572,1.0
2016-04-27,-1.277732685067767,2.7197209883828517,1.065673194274166,2.3865187640302348,1.6164598622398325,-0.939591290443727,0.547017968313482,-0.35250401745989635,-0.7243286585815258,-1.1060351581331884,-2.63202589347642,0.7637637324791252,1.0
2016-06-15,-1.0244091669727875,2.518490604951526,1.7325129774867067,2.5212571215629596,0.9085248381928859,-0.306469819154695,1.2649922151203015,-1.1065674152357012,-0.8985078164633986,-0.7148044305792912,-0.3427010037755641,-0.1280307055245536,2.0
2016-07-27,-1.4146701783256548,1.3287234177885767,2.616168796413363,3.147891812549734,0.7962495379664221,2.1809346474667555,0.7362932550007263,-1.3805530957905017,0.306321385820659,0.8008951223506116,-0.7209329096211062,0.22004474347363154,1.0
2016-09-21,-0.636689745468214,2.577242551394062,1.8867615108601348,2.8070659963581304,0.4289000885902689,0.07921377486127049,1.2094331739897441,-1.2106585310565754,-0.4857386619157634,-1.2139371803377725,-0.8345023797446056,0.560037323173539,1.0
2016-11-02,-1.2692485230313053,2.6657271149207076,1.6533373366203468,2.8752493486485524,0.9879912940062396,-0.8470849688385159,1.3531095265893855,-1.0137375018631385,-0.9871128771387674,-0.08520768610843263,-0.07728466186874901,-1.250627695849643,1.0
2016-12-14,-1.1848456970391112,2.523080453385702,1.7396159941044598,3.0512997827381576,0.7338263493848703,-0.5155496075646516,1.5463547224529919,-1.0700972496088645,-0.7818939215379996,-0.7187196885519923,0.3155234415352288,-0.05035793197493178,2.0
2017-02-01,-1.8578933057194473,-0.03708031843269374,1.9684654263634873,3.427175576825574,1.6078425931277203,2.25812370879841,-1.3188287305028807,-0.5640199741081663,-0.5953148659713063,-0.8120067753668907,-1.5143697716208346,0.33651867382752376,1.0
2017-03-15,-0.8720009299412874,1.6411920316221655,0.7390830363980688,3.4218305920379337,1.0694931777118581,-0.15000517883486733,-0.20569137139574337,-0.0379405610974877,-1.7446006580794937,-1.855938455773629,-0.2798082735727488,0.6180073515597909,2.0
2017-05-03,-0.9836339164634159,-0.07563211549893319,2.7767150447709668,3.9217027118601644,0.5617598659294113,2.433450980910429,-0.8577787604498572,-0.37888914867270485,-1.1020690646571205,-0.1433365136041582,-0.5847808643516358,0.5996726540597289,1.0
2017-06-14,-0.7707904774363223,1.6881071619492403,0.6007526259265882,3.7867779098943606,0.9901147981401073,-0.13765658127943495,-0.2992838136157805,0.31489133999375335,-1.9532255901741646,-0.937111284748109,-1.418159211231785,0.41739090368701015,2.0
2017-07-26,-2.0157442436713335,0.10966730557170862,1.7681012292806995,3.575347263507311,1.4408581853881568,2.278649327719788,-0.9710075199539013,-0.2928591807963207,-1.181584483398691,-0.47363649621587806,-0.948677462897772,0.6665346430357438,1.0
2017-09-20,-1.0032359515447766,1.459203023758787,0.8033064752822253,3.4456852325655984,1.1056637461850358,-0.3742927638879376,-0.4693017732372655,-0.6666917563781741,-1.8795776267884874,-1.2678819723532224,-0.6062089694356019,0.23928201786913247,1.0
2017-11-01,-1.650397630561701,1.6998623904613543,0.16150921949659547,3.4541664451463556,1.4650488674398707,-0.14369481386639663,-0.14280062215788183,-0.6209710205341993,-1.3972907175365805,-2.2194247130647544,0.2806633225297769,0.4500887660483884,1.0
2017-12-13,-1.252038965497878,1.2817771122580652,0.8811113697471266,3.1994839131911914,1.1795905400212865,-0.754660889249157,-0.9161912690478015,-0.8892799900971226,-1.3627393221619601,-1.9094072889628468,-1.0142300929490755,0.6435796564558883,2.0
2018-01-31,-2.195174924805322,-0.22218236546450437,2.1086208193413967,3.646716605788413,1.2256288464105627,1.2042936389368284,-1.4414860114099002,-0.09545946385308798,-1.2500234229974163,0.07758523627858444,-1.1305147865991105,1.8944002597204326,1.0
2018-03-21,-0.821300559219019,-0.0927964893769945,0.14155479286180728,0.8980375430047874,0.6174445715389137,-0.9745714931547509,-1.2187843473911883,0.30630397629155015,-0.2878060355173324,-0.5045194975015527,1.0456161990702253,-1.0012190410047817,2.0
2018-05-02,-1.495005319438708,-1.729848218557617,1.5671756891217168,1.119895929893822,0.3256822047828397,1.7355687876966241,-1.7193344089945546,0.2716963279944499,0.19257059972952822,0.22522398767367988,1.248807339888282,-0.09921255727989196,1.0
2018-06-13,-0.6877335011902282,-0.15748610889458986,0.4824465166780385,0.6168787210701191,0.6718910175432621,-1.5247629542923782,-1.2284768641448327,0.05770424730837841,-0.17800833760402207,-0.8136947455582489,1.384107180861447,-0.5675027658116139,2.0
2018-08-01,-1.0609987944359316,-1.7285269569875452,1.8436706292719838,1.5099311052207345,0.11068348626483464,1.4600334482881254,-1.3343623985828936,0.6592219009481367,0.06453738848673578,0.976641540236261,1.2273753372658047,0.27960706499270976,1.0
2018-09-26,-0.4568438571786626,-0.10869476704631528,0.10330255351612948,1.4841704086510097,0.3834473068614831,-0.8519254256938397,-0.49411806095075606,1.281869393520872,-0.5913299876979391,-0.4064868024833169,0.893063177506841,-0.06837121285750698,2.0
2018-11-08,-1.054163120160758,-2.076319217263395,1.9219243399763553,1.1446780677238642,0.3625370158476852,2.0163739757289227,-1.3223169222737114,-0.21022576553334135,0.3118777867913077,0.3410033703386425,0.9395007624006811,-1.6883953870785797,1.0
2018-12-19,0.17422489944830316,-0.4159698854598728,0.6099679428167714,1.1541276125859843,0.17533201449187638,-0.6031850883453501,-0.42843362934468143,0.5354832993104889,-0.36697827698855856,-1.0849219048202852,1.0737987471644599,-0.6641656436934841,2.0
2019-01-30,-0.7536472896327217,-1.821809861001822,1.3436948718546473,1.337570921705813,0.11664936610563707,2.4863025297790013,-1.008415604058359,0.9563905021499206,0.4063399801592001,0.057166098244388515,0.13609719300185605,-0.3720868055270294,1.0
2019-03-20,-0.3912122935024899,0.0008722149335074452,-0.16910924737444816,1.3358022644731842,0.2999384754338321,-0.7408653376920368,-0.21048791526138047,1.3256410335385527,-0.5242029573289166,-0.6285617175007948,1.1215660938717074,0.30883925403716816,1.0
2019-05-01,-0.4389504450657327,-0.17912573900222684,-0.07119546097808861,1.2008654563970815,0.6713470264753929,-1.2457645125621877,-0.45832749288258606,1.630993839991204,-0.5090663663464503,-0.5037041688655144,0.44302985422790964,-0.2539337819985242,0.0
2019-06-19,1.2382309899812114,-1.35103657257787,-0.9473325063095887,2.138753781512305,1.785539345426523,-0.16626881949703431,0.13445060270606476,0.007138372031071687,1.171675798426477,1.0665240489458991,0.855836498651469,-0.2882531093676031,1.0
2019-07-31,-0.13477635511218305,-0.10425010834305007,-0.050672256699534915,1.502935240336345,0.3072509078174289,-0.37173341314798525,-0.06954680362214952,1.8231599425488472,-0.278280744568845,-0.9315692385774027,0.6840589651080171,0.7378694563682724,0.0
2019-09-18,1.3175479780382917,-1.0582885286021597,-1.4508448695292175,2.2981976356121825,2.1630648294389654,-0.6673396041517607,0.12117008149248852,-0.049439150606700046,1.5482902910525782,1.0641767725133295,0.9249076267145689,-0.40784773619542575,0.0
2019-10-30,1.8466626466935374,-0.9749673272257594,-1.2612501067949626,2.477948020643885,2.045027141863211,-0.723142363382084,0.06720259314024442,0.5397301665087887,1.7204127815198884,0.6198431940633848,0.9904483640059739,0.5062291490347851,0.0
2019-12-11,0.9597102424135808,-0.46671232504110194,-2.1110110403751974,2.964985408785851,2.277266185643633,-0.7713543561861228,0.3516860304514286,1.3731567995835503,1.4190517535549612,1.4941489114323578,1.451853537262042,0.8550839454213472,1.0
2020-01-29,0.42490258059797337,-0.08450553075670937,1.072263049938761,1.983253396521984,0.4409433129187043,-2.2205364266651966,-0.7638025161469907,3.030059739309401,-1.3660277445416484,1.1724708889742046,0.7075413930431821,-0.26744156599673885,2.0
2020-03-15,4.989317839453199,-2.5390383540690804,3.2910508551414113,0.26074177951529326,1.4375073493744237,3.6001041271243794,-0.7902784428204179,-0.1322974775738878,-0.5985982373358385,-1.168076996312806,-0.047383051775650796,-1.5055098888756127,0.0
2020-04-29,25.40707931633315,0.16047603426194626,12.025361915659378,1.7055151791557717,0.22709703922417815,-0.31633863592844036,-0.8683411958685194,5.571087517190643,7.116144380056657,-5.209457419526427,-2.530293061404739,-0.07411105846494191,1.0
2020-06-10,0.059386383153445174,4.126578374989352,-0.8165135321806066,0.5115074012982441,2.3842527874477266,-0.4700936115447105,-0.31600575608813697,5.75878454661692,-5.561342932823859,8.228077485461904,0.806020852251706,-3.0931512919870197,1.0
2020-07-29,-10.184073740533446,4.886852909172667,-11.998382005217545,-3.0442118158909826,10.18392082032172,7.012853607388207,1.1273718599340266,2.4285124261878646,3.1183474232667288,-5.878503608430926,-2.4683369609988266,-3.478111624955953,1.0
2020-09-16,-4.734603620809806,1.6605082506884798,-2.989194113690663,-0.4281197299598253,2.5443615923152056,-0.05810525776114225,-1.1057165331105776,2.1747204014503043,1.3185519092045035,-2.890215216101891,1.3918731471808177,3.9168649502919015,1.0
2020-11-05,-0.06064067090816555,0.44599951978015434,2.3432506434472566,1.026166244090749,-0.41686360890454727,-3.2902639434404755,-1.935325763439953,2.8619097887355025,-1.1258004034224578,1.0421936773944631,2.473962919075436,2.442241915268713,1.0
2020-12-16,-2.010284142257399,1.2790757420761962,-0.7597752511223339,0.8836654758509213,1.8813058024494071,-0.9242070624265375,-1.185614159756385,3.3681067747005926,-0.027614384461540173,-0.45752202915605067,0.6906546160087156,2.0531204783330934,1.0
2021-01-27,-2.3048269690338716,1.4371436733551832,0.8579506788340603,-0.41108476971194796,2.176908023752595,-2.620957567096738,0.038653226885238284,2.0451001710029555,0.1575605095618303,0.5242337408672506,0.5938733289701847,0.9744306108469989,1.0
2021-03-17,-2.639842390176764,1.0094350783125257,1.07693827254298,-0.20374336394412737,2.309010095623597,-2.1387754116114537,0.3364969725125116,1.1113009928177546,0.6294942824776882,0.6854325278455466,1.3336381912489088,0.02041611462599909,1.0
2021-04-28,-3.3278551669437637,1.2678941563519264,0.6384164841829809,-0.525033152773671,3.074653012792223,-2.9321402468258064,0.21631216596355185,1.5538432981468209,0.5539371363316177,0.5598582646993484,1.0626332515052006,1.7872458800385613,1.0
2021-06-16,-2.240183575333648,0.10096507812305126,2.0913729742128986,-1.4271688493829189,2.9343814534741535,-2.927945424127945,-0.742638637726029,0.5631618504335126,1.1518567236859418,0.1392770819750995,-1.1393036192071127,-0.6481268906943464,2.0
2021-07-28,-2.2350673389699893,-1.3818811934540798,3.6549949910389112,-1.3843166368100994,2.921440193965459,-0.8294408906439804,-0.7499917260781064,0.20514059228706968,1.5626497987996004,0.5703286984586857,0.7527106982030509,1.1729583110622623,1.0
2021-09-22,-1.73787422571275,-0.29019529476128586,2.8425176318216914,-2.264636951189487,3.200294698100494,-2.933144439652675,-0.20573629363798426,0.27088460456750096,0.8518306912355041,-0.6297815040608549,0.026540437217212484,0.3103778653983527,1.0
2021-11-03,-3.41409917013289,-0.22955866869901187,1.10596288593513,-3.0683284035710696,4.48259566815849,-2.1758488319082354,0.1888071731174359,-0.5045450153547606,1.2239088451373004,-1.5817000768650586,0.09019301539914032,-0.38895338138734326,1.0
2021-12-15,-3.4979155819607364,-0.8874986141103549,2.0596499366425287,-2.8551787080731352,4.334164056046918,-3.6959306123402453,0.08235290952135518,-0.3870903737269928,0.9723772822624297,-0.528894518752999,0.8853699499350288,-0.30050335786834076,1.0
2022-01-26,-1.9859241856594367,-1.6646679252743675,3.9893427681258413,-2.282308983865467,3.74673604520968,-5.755789382518512,-0.3070925854957379,0.4261946050711614,-0.6954506859497578,1.0510849131447526,0.9818521346191899,0.8669554879127808,1.0
2022-03-16,-1.6512099908190045,-2.147603768263533,3.6812158733436506,-3.0572628360682677,4.193706537504564,-3.4417599651140405,0.3105073748501138,-0.7786376960287128,-0.23654841011601846,-0.10981583486947466,0.22170427767867418,-2.6454038019818595,2.0
2022-05-04,-3.5621298910205472,-3.1456073777775324,3.2219195851969578,-2.719998648043823,4.715912239015315,-0.3143079965919335,0.5142281758618125,0.5437739408832458,0.4091468857484489,0.038203014539927894,0.6071177291667992,0.40215746833877825,2.0
2022-06-15,-2.8556968404881506,-4.720497389272145,5.828267427035358,-3.6797488172012582,4.078770823898375,-0.5381200360263162,-0.2053635287942883,-1.4051311273440095,0.8139753644320267,-0.43972574547531834,0.22488199306422868,-1.377239571808798,2.0
2022-07-27,-2.7370150619293465,-4.264259886405829,6.275610830667073,-3.174694368930364,2.160390526147945,1.766750792790015,0.9397413299838715,-1.8349137900994352,0.8770366917747227,0.47841442437617954,1.3084043990171847,-1.7489273780687666,2.0
2022-09-21,-3.0808091850126496,-3.642006674646876,3.9790073141558313,-2.424999099178842,2.896386746557366,0.93468362951209,1.8629795888610743,0.26956047295420743,0.27469952692022265,0.10494262204090699,0.9414958334230726,-0.4764737320500606,2.0
2022-11-02,-2.459544690478663,-4.33488056835157,5.251025047928478,-2.1774075004612063,1.5589378133733596,1.3182786099264678,1.8593858711026845,0.042285988611745734,-0.7839023995994456,1.4005084639860716,0.4182969914526184,-1.940049539555131,2.0
2022-12-14,-2.875965814320065,-3.507700411078876,3.356300170619526,-1.3312191524433525,1.6741590472218653,1.6874551146754004,2.146966420753984,3.724678560598139,-0.9164887122888792,0.8293164172645455,-1.9789148960408047,4.083470172965093,2.0
2023-02-01,-2.760244547929308,-3.4262107069923418,2.4237517023542416,-1.3661634725893976,1.9141788389519956,1.7892213396891297,2.6880213674841413,1.6430437360861494,-0.529946784112081,0.6472893165067851,-0.2802201332277711,1.2833429613340743,2.0
2023-03-22,-1.8317178520262833,-3.563324050323461,2.9033590594623977,-1.4053090000539799,1.8913873350127508,1.0694631002740147,2.711425962947005,0.6163673270367567,0.2406684137421418,0.0029009773103205517,0.8073901232263752,-0.5760029053432414,2.0
2023-05-03,-1.6622158349922467,-3.589597092580335,3.3748985432298655,-0.9111543917316218,1.212885658508343,-0.31617457613210814,1.6676602025993552,1.6944993255526477,-0.7371349416231574,3.07687705843728,-2.267292136064809,1.803454058945716,2.0
2023-06-14,-1.2939776629849544,-2.552565398448786,2.0512167066550924,0.20853134958088368,0.5606770223660266,2.695326090946731,4.310488552080323,2.7791710494309054,-0.7360223387725215,0.037169811750210814,2.29693571450793,1.9011804990111658,1.0
2023-07-26,-1.7969502939173514,-1.132085915623152,-0.7446064680570111,-0.49923750016069973,1.6925484497308492,-0.17872705341359044,4.084286306445735,3.2524978542553584,-0.9243840653550717,-1.94198270606143,-0.20103180512699356,3.070030577561724,2.0
2023-09-20,-1.5367228577745748,-3.0668087159274746,2.4068589839480494,-0.5820738771992905,0.9353545111123249,1.6717669472521877,2.9496049667361324,1.0257637067611387,0.5443083273143356,-0.6039015003671827,1.002508774383783,0.4284971483394816,1.0
2023-11-01,-1.087782099584991,-1.9722905282986294,1.4459983676899635,-1.46978542168417,1.4279848030485685,-1.5733412714013715,2.5638641698134785,0.3172940025312929,-0.1354243042442168,-0.48039301878544044,-1.1498676056561237,-2.0070512642279983,1.0
