,ffr,change,decision,loan,exports,pce,ue,rgdp,cars,recess,gdpd,veloc,house,mich,cli,spx,usd,fed_party,potus_party
1989-06-30,9.25,-25.0,-1.0,11.0,18.7,4.13,5.3,3.1,14.384,0.0,4.3,7.233,1397.0,3.8,99.79815,319.67999267578125,102.33999633789062,1.0,1.0
1989-08-16,9.0,0.0,0.0,10.5,4.1,3.95,5.2,3.0,16.547,0.0,3.0,7.307,1332.0,3.5,99.68832,344.7099914550781,100.98999786376952,1.0,1.0
1989-09-27,9.0,0.0,0.0,10.5,4.1,3.8,5.3,3.0,15.66,0.0,3.0,7.307,1279.0,3.4,99.69093,344.3299865722656,99.1999969482422,1.0,1.0
1989-11-08,8.5,0.0,0.0,10.5,6.2,3.92,5.4,0.8,13.37,0.0,2.9,7.283,1351.0,3.5,99.72887,334.8099975585937,98.12000274658205,1.0,1.0
1989-12-13,8.25,-25.0,-1.0,10.5,6.2,3.94,5.4,0.8,13.55,0.0,2.9,7.283,1251.0,3.5,99.75903,351.7300109863281,94.66000366210938,1.0,1.0
1990-02-01,8.25,0.0,0.0,10.0,18.5,3.85,5.4,4.4,16.308,0.0,4.4,7.356,1551.0,4.1,99.79324,329.0799865722656,92.41000366210938,1.0,1.0
1990-03-21,8.25,0.0,0.0,10.0,18.5,3.95,5.2,4.4,14.486,0.0,4.4,7.356,1289.0,3.7,99.82265,341.57000732421875,94.29000091552734,1.0,1.0
1990-05-09,8.25,0.0,0.0,10.0,5.1,3.8,5.4,1.5,14.022,0.0,4.6,7.391,1212.0,3.4,99.5741,342.010009765625,91.98999786376952,1.0,1.0
1990-06-28,8.25,0.0,0.0,10.0,5.1,3.94,5.2,1.5,14.149,0.0,4.6,7.391,1177.0,3.8,99.28502,355.1400146484375,91.44000244140624,1.0,1.0
1990-08-15,8.0,0.0,0.0,10.0,3.1,4.14,5.7,0.3,13.859,1.0,3.5,7.377,1115.0,4.6,98.40642,339.3900146484375,86.37999725341797,1.0,1.0
1990-09-26,8.0,0.0,0.0,10.0,3.1,4.13,5.9,0.3,14.298,1.0,3.5,7.377,1110.0,4.7,97.9221,308.260009765625,85.93000030517578,1.0,1.0
1990-11-07,7.5,-25.0,-1.0,10.0,3.6,3.88,6.2,-3.6,13.134,1.0,3.0,7.303,1145.0,4.7,97.21283,311.6199951171875,82.11000061035156,1.0,1.0
1990-12-11,7.0,-25.0,-1.0,10.0,3.6,3.84,6.3,-3.6,12.958,1.0,3.0,7.303,969.0,4.7,97.09945,328.8900146484375,82.0999984741211,1.0,1.0
1991-01-31,6.25,0.0,0.0,9.5,2.5,3.82,6.4,-1.9,11.829,1.0,4.0,7.247,798.0,3.9,97.16149,340.9100036621094,82.4800033569336,1.0,1.0
1991-03-20,6.0,0.0,0.0,9.0,2.5,3.43,6.8,-1.9,12.848,1.0,4.0,7.247,921.0,3.3,97.7066,366.5899963378906,89.63999938964844,1.0,1.0
1991-05-08,5.75,0.0,0.0,8.5,15.4,3.45,6.9,3.2,12.487,0.0,3.0,7.212,996.0,3.1,98.4444,377.3200073242188,92.06999969482422,1.0,1.0
1991-06-28,5.75,0.0,0.0,8.5,15.4,3.23,6.9,3.2,12.719,0.0,3.0,7.212,1036.0,3.3,98.7811,374.3999938964844,95.51000213623048,1.0,1.0
1991-08-14,5.5,0.0,0.0,8.5,9.8,2.91,6.9,2.0,12.565,0.0,3.2,7.166,1049.0,3.2,99.17667,389.6199951171875,92.97000122070312,1.0,1.0
1991-09-25,5.25,0.0,0.0,8.0,9.8,2.9,6.9,2.0,13.107,0.0,3.2,7.166,1015.0,3.0,99.20341,387.7099914550781,90.8499984741211,1.0,1.0
1991-10-30,4.75,-25.0,-1.0,8.0,9.3,2.83,7.0,1.4,12.217,0.0,2.4,7.058,1079.0,3.2,99.1512,391.4800109863281,90.4800033569336,1.0,1.0
1991-12-11,4.5,0.0,0.0,7.5,9.3,3.0,7.3,1.4,12.658,0.0,2.4,7.058,1079.0,2.7,99.03893,377.8999938964844,86.25,1.0,1.0
1992-01-30,4.0,0.0,0.0,6.5,7.4,2.88,7.3,4.9,12.591,0.0,1.5,6.886,1176.0,2.7,99.08805,410.3399963378906,86.9800033569336,1.0,1.0
1992-03-25,4.0,0.0,0.0,6.5,7.4,2.99,7.4,4.9,12.824,0.0,1.5,6.886,1297.0,2.6,99.38452,408.8800048828125,90.54000091552734,1.0,1.0
1992-05-13,3.75,0.0,0.0,6.5,0.2,2.8,7.6,4.4,13.098,0.0,2.4,6.814,1214.0,2.9,99.63816,416.2900085449219,88.29000091552734,1.0,1.0
1992-06-25,3.25,-50.0,-1.0,6.5,0.2,2.8,7.8,4.4,13.543,0.0,2.4,6.814,1145.0,3.1,99.66827,403.8399963378906,84.9000015258789,1.0,1.0
1992-08-12,3.25,0.0,0.0,6.0,8.8,2.75,7.6,4.0,12.873,0.0,2.0,6.735,1226.0,2.8,99.64877,418.8999938964844,81.75,1.0,1.0
1992-09-30,3.0,0.0,0.0,6.0,8.8,2.61,7.6,4.0,13.378,0.0,2.0,6.735,1186.0,3.0,99.68358,416.7999877929688,81.0,1.0,1.0
1992-11-11,3.0,0.0,0.0,6.0,2.0,2.61,7.4,4.2,13.218,0.0,2.8,6.584,1214.0,2.9,99.9353,418.6199951171875,89.80999755859375,1.0,1.0
1992-12-16,3.0,0.0,0.0,6.0,2.0,2.5,7.4,4.2,13.784,0.0,2.8,6.584,1227.0,2.8,100.0685,432.5700073242188,89.77999877929688,1.0,1.0
1993-01-28,3.0,0.0,0.0,6.0,0.9,2.5,7.3,0.7,13.457,0.0,2.3,6.508,1210.0,2.9,100.1335,438.1099853515625,91.36000061035156,1.0,0.0
1993-03-17,3.0,0.0,0.0,6.0,0.9,2.45,7.0,0.7,13.326,0.0,2.3,6.508,1083.0,3.1,100.0243,451.3699951171875,94.3000030517578,1.0,0.0
1993-05-12,3.0,0.0,0.0,6.0,4.9,2.57,7.1,2.3,14.519,0.0,2.4,6.406,1260.0,2.9,99.73032,444.3599853515625,90.51000213623048,1.0,0.0
1993-07-01,3.0,0.0,0.0,6.0,4.9,2.54,7.0,2.3,14.49,0.0,2.4,6.406,1280.0,3.5,99.59711,450.5299987792969,93.62999725341795,1.0,0.0
1993-08-11,3.0,0.0,0.0,6.0,-1.1,2.49,6.8,1.9,13.584,0.0,2.4,6.289,1300.0,3.2,99.53692,449.4500122070313,95.20999908447266,1.0,0.0
1993-09-15,3.0,0.0,0.0,6.0,-1.1,2.53,6.7,1.9,13.99,0.0,2.4,6.289,1343.0,3.0,99.64192,459.8999938964844,91.20999908447266,1.0,0.0
1993-11-10,3.0,0.0,0.0,6.0,13.5,2.43,6.6,5.6,14.882,0.0,2.2,6.25,1376.0,2.8,100.0666,460.3299865722656,95.0999984741211,1.0,0.0
1993-12-15,3.0,0.0,0.0,6.0,13.5,2.4,6.5,5.6,15.004,0.0,2.2,6.25,1533.0,3.0,100.3299,463.05999755859375,95.80999755859376,1.0,0.0
1994-01-28,3.25,25.0,1.0,6.0,4.0,2.36,6.6,3.9,15.379,0.0,1.9,6.264,1272.0,2.8,100.5764,477.0499877929688,95.4499969482422,1.0,0.0
1994-03-15,3.5,25.0,1.0,6.0,4.0,2.41,6.5,3.9,15.301,0.0,1.9,6.264,1564.0,3.0,100.9285,467.3900146484375,94.2300033569336,1.0,0.0
1994-05-10,4.25,50.0,1.0,6.75,14.2,2.27,6.1,5.5,14.577,0.0,1.9,6.339,1526.0,3.1,101.0682,442.3200073242188,92.47000122070312,1.0,0.0
1994-06-29,4.25,0.0,0.0,7.25,14.2,2.34,6.1,5.5,15.109,0.0,1.9,6.339,1409.0,2.7,101.0648,446.0700073242188,89.37999725341797,1.0,0.0
1994-08-09,4.75,50.0,1.0,7.25,15.8,2.34,6.0,2.4,15.359,0.0,2.3,6.369,1450.0,3.1,100.9774,457.8900146484375,89.91000366210938,1.0,0.0
1994-09-20,4.75,0.0,0.0,7.75,15.8,2.32,5.9,2.4,15.274,0.0,2.3,6.369,1474.0,3.4,100.9099,470.8500061035156,87.83999633789062,1.0,0.0
1994-11-08,5.5,75.0,1.0,7.75,9.6,2.28,5.6,4.7,15.89,0.0,2.2,6.479,1511.0,3.2,100.683,463.0700073242188,86.4800033569336,1.0,0.0
1994-12-13,5.5,0.0,0.0,8.5,9.6,2.25,5.5,4.7,15.584,0.0,2.2,6.479,1455.0,3.0,100.4894,449.4700012207031,89.54000091552734,1.0,0.0
1995-01-25,6.0,50.0,1.0,8.5,7.9,2.35,5.6,1.4,14.801,0.0,2.2,6.55,1407.0,3.0,100.233,465.8599853515625,87.41000366210938,1.0,0.0
1995-03-21,6.0,0.0,0.0,9.0,7.9,2.25,5.4,1.4,15.256,0.0,2.2,6.55,1249.0,3.2,99.5694,496.1400146484375,83.75,1.0,0.0
1995-05-16,6.0,0.0,0.0,9.0,5.7,2.27,5.6,1.2,14.806,0.0,1.9,6.614,1314.0,3.0,98.99206,527.739990234375,83.70999908447266,1.0,0.0
1995-06-29,5.75,-25.0,-1.0,9.0,5.7,2.19,5.6,1.2,15.407,0.0,1.9,6.614,1281.0,2.9,98.82222,544.72998046875,82.30000305175781,1.0,0.0
1995-08-15,5.75,0.0,0.0,8.75,18.5,2.21,5.7,3.5,15.368,0.0,2.0,6.714,1416.0,2.9,98.66234,559.739990234375,84.0199966430664,1.0,0.0
1995-09-19,5.75,0.0,0.0,8.75,18.5,2.23,5.6,3.5,15.338,0.0,2.0,6.714,1369.0,2.8,98.60894,582.77001953125,86.61000061035156,1.0,0.0
1995-11-08,5.75,0.0,0.0,8.75,5.8,2.27,5.6,2.7,15.38,0.0,1.9,6.86,1452.0,2.8,98.54256,586.3200073242188,84.11000061035156,1.0,0.0
1995-12-12,5.5,-25.0,-1.0,8.75,5.8,2.31,5.6,2.7,16.262,0.0,1.9,6.86,1431.0,2.7,98.5592,619.52001953125,85.20999908447266,1.0,0.0
1996-01-24,5.25,-25.0,-1.0,8.5,4.9,2.25,5.6,3.0,14.812,0.0,1.9,7.016,1467.0,2.8,98.62561,612.7899780273438,86.83000183105469,1.0,0.0
1996-03-19,5.25,0.0,0.0,8.25,4.9,2.26,5.5,3.0,16.044,0.0,1.9,7.016,1424.0,2.9,98.91733,652.6500244140625,86.30000305175781,1.0,0.0
1996-05-14,5.25,0.0,0.0,8.25,6.7,2.25,5.6,6.8,15.993,0.0,1.7,7.18,1504.0,3.1,99.26136,661.510009765625,88.02999877929688,1.0,0.0
1996-06-26,5.25,0.0,0.0,8.25,6.7,2.29,5.3,6.8,15.256,0.0,1.7,7.18,1467.0,2.9,99.39669,668.47998046875,88.05000305175781,1.0,0.0
1996-08-13,5.25,0.0,0.0,8.25,3.3,2.31,5.1,3.6,15.486,0.0,1.3,7.369,1557.0,3.1,99.56683,665.77001953125,86.36000061035156,1.0,0.0
1996-09-17,5.25,0.0,0.0,8.25,3.3,2.36,5.2,3.6,15.534,0.0,1.3,7.369,1475.0,3.2,99.63841,683.97998046875,87.51000213623047,1.0,0.0
1996-11-06,5.25,0.0,0.0,8.25,27.4,2.39,5.4,4.2,15.712,0.0,2.2,7.623,1489.0,3.0,99.79406,714.1400146484375,87.33999633789062,1.0,0.0
1996-12-10,5.25,0.0,0.0,8.25,27.4,2.38,5.4,4.2,15.183,0.0,2.2,7.623,1370.0,3.0,99.88283,749.760009765625,88.77999877929688,1.0,0.0
1997-01-29,5.25,0.0,0.0,8.25,7.8,2.35,5.3,2.6,15.682,0.0,2.4,7.761,1355.0,3.0,99.98691,765.02001953125,93.16000366210938,1.0,0.0
1997-03-18,5.5,25.0,1.0,8.25,7.8,2.31,5.2,2.6,15.816,0.0,2.4,7.761,1457.0,2.8,100.2525,795.7100219726562,95.68000030517578,1.0,0.0
1997-05-13,5.5,0.0,0.0,8.5,17.0,2.22,4.9,6.8,15.088,0.0,0.8,8.002,1442.0,2.9,100.5384,837.6599731445312,95.45999908447266,1.0,0.0
1997-06-25,5.5,0.0,0.0,8.5,17.0,2.22,5.0,6.8,14.524,0.0,0.8,8.002,1494.0,2.8,100.6752,896.3400268554688,95.18000030517578,1.0,0.0
1997-08-12,5.5,0.0,0.0,8.5,9.6,2.06,4.8,5.1,16.148,0.0,1.8,8.102,1390.0,2.7,100.8811,937.0,100.41000366210938,1.0,0.0
1997-09-23,5.5,0.0,0.0,8.5,9.6,2.05,4.9,5.1,15.096,0.0,1.8,8.102,1546.0,2.8,100.9387,955.4299926757812,98.43000030517578,1.0,0.0
1997-11-05,5.5,0.0,0.0,8.5,-0.6,1.8,4.6,3.5,15.825,0.0,1.3,8.196,1510.0,2.9,100.9668,940.760009765625,95.54000091552734,1.0,0.0
1997-12-09,5.5,0.0,0.0,8.5,-0.6,1.73,4.7,3.5,16.474,0.0,1.3,8.196,1566.0,2.8,100.9307,982.3699951171876,99.23999786376952,1.0,0.0
1998-01-28,5.5,0.0,0.0,8.5,1.9,1.66,4.6,4.1,14.789,0.0,0.6,8.238,1525.0,2.3,100.8789,969.02001953125,99.06999969482422,1.0,0.0
1998-03-24,5.5,0.0,0.0,8.5,1.9,1.65,4.7,4.1,15.405,0.0,0.6,8.238,1567.0,2.5,100.709,1095.550048828125,100.3499984741211,1.0,0.0
1998-05-12,5.5,0.0,0.0,8.5,-4.3,1.71,4.4,3.8,17.057,0.0,0.9,8.326,1536.0,2.6,100.395,1106.6400146484375,99.30999755859376,1.0,0.0
1998-06-24,5.5,0.0,0.0,8.5,-4.3,1.64,4.5,3.8,16.771,0.0,0.9,8.326,1641.0,2.7,100.1963,1119.489990234375,100.87000274658205,1.0,0.0
1998-08-11,5.5,0.0,0.0,8.5,-1.8,1.75,4.5,5.1,14.796,0.0,1.7,8.469,1614.0,2.4,99.84415,1083.1400146484375,101.37999725341795,1.0,0.0
1998-09-22,5.25,-25.0,-1.0,8.5,-1.8,1.7,4.6,5.1,16.313,0.0,1.7,8.469,1582.0,2.3,99.74725,1023.8900146484376,96.7699966430664,1.0,0.0
1998-11-10,4.75,-25.0,-1.0,8.0,15.7,1.78,4.4,6.6,16.118,0.0,1.1,8.511,1660.0,2.3,99.85159,1130.199951171875,95.61000061035156,1.0,0.0
1998-12-15,4.75,0.0,0.0,7.75,15.7,1.81,4.4,6.6,17.409,0.0,1.1,8.511,1792.0,2.5,100.0193,1141.199951171875,93.38999938964844,1.0,0.0
1999-01-27,4.75,0.0,0.0,7.75,-1.3,1.84,4.3,3.8,16.593,0.0,1.3,8.578,1748.0,2.7,100.2264,1252.31005859375,94.72000122070312,1.0,0.0
1999-03-23,4.75,0.0,0.0,7.75,-1.3,1.72,4.2,3.8,16.832,0.0,1.3,8.578,1710.0,2.7,100.6267,1297.010009765625,98.91999816894533,1.0,0.0
1999-05-11,4.75,0.0,0.0,7.75,5.1,1.73,4.2,3.4,17.564,0.0,1.5,8.647,1611.0,2.8,100.935,1340.300048828125,99.7300033569336,1.0,0.0
1999-06-23,5.0,25.0,1.0,7.75,5.1,1.76,4.3,3.4,17.346,0.0,1.5,8.647,1559.0,2.5,101.0431,1335.8800048828125,103.0,1.0,0.0
1999-08-17,5.25,25.0,1.0,8.0,12.6,1.75,4.2,5.4,17.641,0.0,1.4,8.82,1648.0,2.8,101.177,1330.77001953125,100.62999725341795,1.0,0.0
1999-09-28,5.25,0.0,0.0,8.25,12.6,1.8,4.2,5.4,17.662,0.0,1.4,8.82,1635.0,2.7,101.2266,1283.31005859375,99.69000244140624,1.0,0.0
1999-11-09,5.5,25.0,1.0,8.25,8.8,1.84,4.1,6.7,17.62,0.0,2.2,8.902,1648.0,2.9,101.3312,1377.010009765625,100.3499984741211,1.0,0.0
1999-12-14,5.5,0.0,0.0,8.5,8.8,1.88,4.0,6.7,18.322,0.0,2.2,8.902,1708.0,3.0,101.3688,1415.219970703125,101.66999816894533,1.0,0.0
2000-01-26,5.75,25.0,1.0,8.5,5.9,2.0,4.0,1.5,18.635,0.0,2.7,8.989,1636.0,3.0,101.3642,1410.030029296875,102.41000366210938,1.0,0.0
2000-03-14,6.0,25.0,1.0,8.75,5.9,2.24,4.0,1.5,18.343,0.0,2.7,8.989,1604.0,3.2,101.2057,1383.6199951171875,105.5,1.0,0.0
2000-05-09,6.5,50.0,1.0,9.0,12.8,2.22,4.0,7.5,17.943,0.0,2.5,9.251,1575.0,3.0,100.9432,1424.1700439453125,111.4499969482422,1.0,0.0
2000-06-21,6.5,0.0,0.0,9.5,12.8,2.27,4.0,7.5,17.596,0.0,2.5,9.251,1559.0,2.9,100.7791,1475.949951171875,106.33000183105467,1.0,0.0
2000-08-15,6.5,0.0,0.0,9.5,9.9,2.32,4.1,0.4,17.531,0.0,2.4,9.37,1541.0,2.7,100.3819,1491.56005859375,111.08000183105467,1.0,0.0
2000-09-26,6.5,0.0,0.0,9.5,9.9,2.39,3.9,0.4,18.654,0.0,2.4,9.37,1507.0,2.9,100.1312,1439.030029296875,114.05999755859376,1.0,0.0
2000-11-08,6.5,0.0,0.0,9.5,-3.9,2.45,3.9,2.4,16.634,0.0,2.2,9.546,1551.0,2.9,99.48232,1431.8699951171875,115.5199966430664,1.0,0.0
2000-12-12,6.5,0.0,0.0,9.5,-3.9,2.5,3.9,2.4,16.222,0.0,2.2,9.546,1532.0,2.8,99.10956,1380.199951171875,114.29000091552734,1.0,0.0
2001-01-24,5.5,-50.0,-1.0,9.0,-4.9,2.52,4.2,-1.3,17.652,0.0,2.7,9.499,1600.0,3.0,98.76899,1360.4000244140625,110.23999786376952,1.0,1.0
2001-03-13,5.0,-50.0,-1.0,8.5,-4.9,2.5,4.3,-1.3,17.248,0.0,2.7,9.499,1590.0,2.8,98.33782,1180.1600341796875,112.01000213623048,1.0,1.0
2001-05-08,4.0,-50.0,-1.0,7.5,-11.2,2.59,4.3,2.5,16.876,1.0,2.4,9.459,1605.0,3.2,98.22443,1263.510009765625,115.31999969482422,1.0,1.0
2001-06-20,3.75,-25.0,-1.0,7.0,-11.2,2.67,4.5,2.5,17.464,1.0,2.4,9.459,1636.0,3.0,98.20039,1212.5799560546875,119.04000091552734,1.0,1.0
2001-08-14,3.5,-25.0,-1.0,6.75,-19.0,2.65,4.9,-1.6,16.348,1.0,1.6,9.098,1567.0,2.7,98.09113,1191.2900390625,115.01000213623048,1.0,1.0
2001-09-25,2.5,-50.0,-1.0,6.0,-19.0,2.53,5.0,-1.6,16.365,1.0,1.6,9.098,1562.0,2.8,98.04958,1003.4500122070312,112.83999633789062,1.0,1.0
2001-10-30,2.0,-50.0,-1.0,5.5,-13.2,2.5,5.3,1.1,22.055,1.0,1.3,9.086,1540.0,1.0,98.10048,1078.300048828125,114.44000244140624,1.0,1.0
2001-12-04,1.75,-25.0,-1.0,5.0,-13.2,2.37,5.7,1.1,16.465,0.0,1.3,9.086,1568.0,1.8,98.53629,1129.9000244140625,115.95999908447266,1.0,1.0
2002-01-23,1.75,0.0,0.0,4.75,9.0,2.24,5.7,3.4,16.523,0.0,1.3,9.05,1698.0,1.9,98.84505,1119.31005859375,117.75,1.0,1.0
2002-03-12,1.75,0.0,0.0,4.75,9.0,2.22,5.7,3.4,17.107,0.0,1.3,9.05,1642.0,2.7,99.35823,1168.260009765625,117.7300033569336,1.0,1.0
2002-04-30,1.75,0.0,0.0,4.75,12.4,2.17,5.9,2.5,17.668,0.0,1.4,9.15,1592.0,2.8,99.45026,1065.449951171875,114.88999938964844,1.0,1.0
2002-06-19,1.75,0.0,0.0,4.75,12.4,2.01,5.8,2.5,16.953,0.0,1.4,9.15,1717.0,2.7,99.19807,1037.1400146484375,110.1999969482422,1.0,1.0
2002-08-06,1.75,0.0,0.0,4.75,1.3,2.0,5.7,1.6,18.449,0.0,1.9,9.199,1633.0,2.6,98.61288,834.5999755859375,107.2699966430664,1.0,1.0
2002-09-17,1.75,0.0,0.0,4.75,1.3,2.07,5.7,1.6,16.665,0.0,1.9,9.199,1804.0,2.5,98.33202,891.0999755859375,108.23999786376952,1.0,1.0
2002-10-30,1.25,-50.0,-1.0,4.75,-5.8,2.08,5.7,0.5,16.259,0.0,2.3,9.132,1648.0,2.5,98.11066,882.1500244140625,107.06999969482422,1.0,1.0
2002-12-03,1.25,0.0,0.0,4.25,-5.8,2.1,6.0,0.5,17.866,0.0,2.3,9.132,1788.0,2.5,97.86587,934.530029296875,106.3499984741211,1.0,1.0
2003-01-22,1.25,0.0,0.0,4.25,-1.2,2.08,5.8,2.1,16.708,0.0,2.0,9.048,1853.0,2.5,97.79422,887.6199951171875,100.2300033569336,1.0,1.0
2003-03-11,1.25,0.0,0.0,4.25,-1.2,1.99,5.9,2.1,16.467,0.0,2.0,9.048,1726.0,3.1,97.79614,807.47998046875,97.8499984741211,1.0,1.0
2003-04-29,1.25,0.0,0.0,4.25,0.7,1.84,6.0,3.6,16.751,0.0,1.4,8.932,1643.0,2.4,97.92918,914.8400268554688,98.66999816894533,1.0,1.0
2003-06-18,1.0,-25.0,-1.0,4.25,0.7,1.74,6.3,3.6,17.013,0.0,1.4,8.932,1867.0,2.1,98.44179,1011.6599731445312,92.61000061035156,1.0,1.0
2003-08-05,1.0,0.0,0.0,4.0,11.4,1.8,6.1,6.8,18.262,0.0,2.3,8.941,1833.0,2.5,99.15644,982.8200073242188,96.18000030517578,1.0,1.0
2003-09-09,1.0,0.0,0.0,4.0,11.4,1.75,6.1,6.8,17.286,0.0,2.3,8.941,1939.0,2.8,99.55997,1031.6400146484375,97.16000366210938,1.0,1.0
2003-10-21,1.0,0.0,0.0,4.0,19.2,1.73,6.0,4.7,16.489,0.0,2.5,9.048,1967.0,2.6,99.9688,1044.6800537109375,92.43000030517578,1.0,1.0
2003-12-02,1.0,0.0,0.0,4.0,19.2,1.74,5.7,4.7,17.357,0.0,2.5,9.048,2057.0,2.6,100.6686,1070.1199951171875,90.3499984741211,1.0,1.0
2004-01-21,1.0,0.0,0.0,4.0,9.4,1.81,5.7,2.3,16.695,0.0,2.9,9.042,1911.0,2.7,100.9089,1138.77001953125,86.70999908447266,1.0,1.0
2004-03-09,1.0,0.0,0.0,4.0,9.4,1.88,5.8,2.3,17.247,0.0,2.9,9.042,1998.0,2.9,101.1195,1147.199951171875,88.0,1.0,1.0
2004-04-27,1.0,0.0,0.0,4.0,8.6,2.11,5.6,3.1,16.898,0.0,3.3,9.065,2003.0,3.2,101.1215,1135.530029296875,90.62000274658205,1.0,1.0
2004-06-23,1.25,25.0,1.0,4.0,8.6,2.33,5.6,3.1,16.173,0.0,3.3,9.065,1828.0,3.3,101.0013,1134.4100341796875,89.43000030517578,1.0,1.0
2004-08-03,1.5,25.0,1.0,4.25,1.3,2.2,5.4,3.8,17.157,0.0,2.6,9.098,2024.0,2.8,100.7758,1106.6199951171875,89.75,1.0,1.0
2004-09-14,1.75,25.0,1.0,4.5,1.3,2.19,5.4,3.8,17.875,0.0,2.6,9.098,1905.0,2.8,100.6715,1125.8199462890625,88.55000305175781,1.0,1.0
2004-11-03,2.0,25.0,1.0,4.75,9.8,2.25,5.4,4.1,17.362,0.0,3.1,9.138,1782.0,2.8,100.5721,1130.56005859375,85.47000122070312,1.0,1.0
2004-12-07,2.25,25.0,1.0,5.0,9.8,2.27,5.4,4.1,18.102,0.0,3.1,9.138,2042.0,3.0,100.5588,1190.25,81.27999877929688,1.0,1.0
2005-01-26,2.5,25.0,1.0,5.25,7.7,2.37,5.3,4.5,16.889,0.0,3.2,9.321,2144.0,2.9,100.5247,1168.4100341796875,83.98999786376953,1.0,1.0
2005-03-15,2.75,25.0,1.0,5.5,7.7,2.39,5.2,4.5,17.413,0.0,3.2,9.321,1864.0,3.2,100.3844,1206.8299560546875,81.97000122070312,1.0,1.0
2005-04-26,3.0,25.0,1.0,5.75,9.2,2.29,5.2,2.0,17.756,0.0,2.9,9.445,2061.0,3.3,100.3262,1162.0999755859375,83.81999969482422,1.0,1.0
2005-06-23,3.25,25.0,1.0,6.0,9.2,2.18,5.0,2.0,18.482,0.0,2.9,9.445,2068.0,3.2,100.3446,1213.8800048828125,88.55999755859375,1.0,1.0
2005-08-02,3.5,25.0,1.0,6.25,-0.1,2.29,4.9,3.2,17.418,0.0,3.7,9.557,2095.0,3.1,100.4646,1235.3499755859375,88.80000305175781,1.0,1.0
2005-09-13,3.75,25.0,1.0,6.5,-0.1,2.39,5.0,3.2,16.927,0.0,3.7,9.557,2151.0,4.3,100.5708,1240.56005859375,87.70999908447266,1.0,1.0
2005-10-25,4.0,25.0,1.0,6.75,13.0,2.45,5.0,2.2,15.336,0.0,3.3,9.686,2065.0,4.6,100.724,1199.3800048828125,90.11000061035156,1.0,1.0
2005-12-06,4.25,25.0,1.0,7.0,13.0,2.44,4.9,2.2,17.174,0.0,3.3,9.686,1994.0,3.1,101.0851,1262.0899658203125,91.4800033569336,1.0,1.0
2006-01-24,4.5,25.0,1.0,7.25,17.2,2.39,4.7,5.5,18.081,0.0,2.9,9.852,2273.0,3.0,101.2209,1263.8199462890625,87.94999694824219,1.0,1.0
2006-03-21,4.75,25.0,1.0,7.5,17.2,2.38,4.7,5.5,16.96,0.0,2.9,9.852,1969.0,3.0,101.3353,1305.0799560546875,89.12999725341797,1.0,1.0
2006-05-03,5.0,25.0,1.0,7.75,7.6,2.61,4.6,1.0,16.729,0.0,3.5,9.957,1942.0,4.0,101.2415,1313.2099609375,85.79000091552734,1.0,1.0
2006-06-22,5.25,25.0,1.0,8.0,7.6,2.78,4.6,1.0,16.9,0.0,3.5,9.957,1802.0,3.3,101.1834,1252.199951171875,85.77999877929688,1.0,1.0
2006-08-01,5.25,0.0,0.0,8.25,-0.5,2.79,4.7,0.6,17.662,0.0,2.8,10.126,1737.0,3.2,101.1506,1276.6600341796875,85.30000305175781,1.0,1.0
2006-09-13,5.25,0.0,0.0,8.25,-0.5,2.78,4.5,0.6,16.974,0.0,2.8,10.126,1720.0,3.1,101.2318,1313.0,85.91999816894531,1.0,1.0
2006-10-18,5.25,0.0,0.0,8.25,16.1,2.71,4.4,3.5,16.865,0.0,1.4,10.254,1491.0,3.1,101.3309,1364.050048828125,86.87000274658203,1.0,1.0
2006-12-05,5.25,0.0,0.0,8.25,16.1,2.67,4.4,3.5,17.107,0.0,1.4,10.254,1649.0,2.9,101.5729,1409.1199951171875,82.48999786376953,1.0,1.0
2007-01-24,5.25,0.0,0.0,8.25,8.2,2.71,4.6,1.2,16.896,0.0,3.9,10.399,1409.0,3.0,101.6933,1427.989990234375,84.66999816894531,1.0,1.0
2007-03-14,5.25,0.0,0.0,8.25,8.2,2.77,4.4,1.2,16.438,0.0,3.9,10.399,1495.0,3.0,101.9305,1377.949951171875,83.7300033569336,1.0,1.0
2007-05-02,5.25,0.0,0.0,8.25,6.2,2.51,4.4,2.5,16.661,0.0,2.8,10.469,1415.0,3.3,102.1308,1486.300048828125,81.5999984741211,1.0,1.0
2007-06-21,5.25,0.0,0.0,8.25,6.2,2.41,4.6,2.5,16.179,0.0,2.8,10.469,1448.0,3.4,102.1754,1512.8399658203125,82.5199966430664,1.0,1.0
2007-07-31,5.25,0.0,0.0,8.25,13.1,2.35,4.7,2.3,15.837,0.0,2.2,10.595,1354.0,3.4,102.1619,1473.9100341796875,80.8499984741211,1.0,1.0
2007-09-11,4.75,-50.0,-1.0,8.25,13.1,2.38,4.7,2.3,16.532,0.0,2.2,10.595,1183.0,3.1,101.979,1451.699951171875,79.81999969482422,1.0,1.0
2007-10-24,4.5,-25.0,-1.0,7.75,9.5,2.47,4.7,2.5,16.455,0.0,1.6,10.703,1264.0,3.1,101.8585,1519.5899658203125,77.58999633789062,1.0,1.0
2007-12-04,4.25,-25.0,-1.0,7.5,9.5,2.63,5.0,2.5,16.03,0.0,1.6,10.703,1037.0,3.4,101.6082,1472.4200439453125,75.93000030517578,1.0,1.0
2008-01-23,3.0,-50.0,-1.0,6.5,6.5,2.56,5.0,-1.7,15.705,1.0,1.5,10.639,1084.0,3.4,101.4798,1310.5,76.3499984741211,1.0,1.0
2008-03-11,2.25,-75.0,-1.0,6.0,6.5,2.48,5.1,-1.7,15.114,1.0,1.5,10.639,1005.0,4.3,101.1644,1273.3699951171875,72.98999786376953,1.0,1.0
2008-04-23,2.0,-25.0,-1.0,5.25,12.3,2.51,5.0,2.4,14.605,1.0,2.0,10.645,1013.0,4.8,100.9555,1375.93994140625,71.33000183105469,1.0,1.0
2008-06-18,2.0,0.0,0.0,5.0,12.3,2.6,5.6,2.4,14.377,1.0,2.0,10.645,1046.0,5.1,100.2811,1350.9300537109375,73.51000213623047,1.0,1.0
2008-07-29,2.0,0.0,0.0,5.0,-1.8,2.69,5.8,-2.1,13.006,1.0,3.0,10.418,923.0,5.1,99.7437,1234.3699951171875,72.6500015258789,1.0,1.0
2008-09-09,2.0,0.0,0.0,5.0,-1.8,2.57,6.1,-2.1,12.961,1.0,3.0,10.418,820.0,4.3,98.20311,1267.7900390625,79.58999633789062,1.0,1.0
2008-10-22,1.0,-50.0,-1.0,4.5,-21.5,2.44,6.5,-8.5,10.933,1.0,1.0,9.548,777.0,3.9,97.27612,955.0499877929688,83.98999786376953,1.0,1.0
2008-12-09,0.12,-88.0,-1.0,4.0,-21.5,2.21,7.3,-8.5,10.383,1.0,1.0,9.548,560.0,1.7,95.64251,909.7000122070312,85.55999755859375,1.0,1.0
2009-01-21,0.12,0.0,0.0,3.25,-28.3,2.22,7.8,-4.5,9.786,1.0,-0.3,9.155,490.0,2.2,95.10123,805.219970703125,86.22000122070312,1.0,0.0
2009-03-11,0.12,0.0,0.0,3.25,-28.3,2.14,8.7,-4.5,9.748,1.0,-0.3,9.155,505.0,2.0,94.76417,719.5999755859375,88.93000030517578,1.0,0.0
2009-04-22,0.12,0.0,0.0,3.25,2.7,2.08,9.0,-0.7,9.379,1.0,-0.7,8.827,478.0,2.8,94.97569,850.0800170898438,86.58000183105469,1.0,0.0
2009-06-17,0.12,0.0,0.0,3.25,2.7,1.86,9.5,-0.7,10.149,1.0,-0.7,8.827,585.0,3.1,95.86977,911.969970703125,80.70999908447266,1.0,0.0
2009-08-05,0.12,0.0,0.0,3.25,15.6,1.6,9.6,1.4,14.754,0.0,0.5,8.691,586.0,2.8,96.97207,1005.6500244140624,77.7699966430664,1.0,0.0
2009-09-16,0.12,0.0,0.0,3.25,15.6,1.48,9.8,1.4,9.535,0.0,0.5,8.691,585.0,2.2,97.5008,1052.6300048828125,76.54000091552734,1.0,0.0
2009-10-28,0.12,0.0,0.0,3.25,23.9,1.5,10.0,4.4,10.576,0.0,1.3,8.698,534.0,2.9,97.98605,1063.4100341796875,76.13999938964844,1.0,0.0
2009-12-09,0.12,0.0,0.0,3.25,23.9,1.36,9.9,4.4,11.284,0.0,1.3,8.698,581.0,2.5,98.83804,1091.93994140625,76.30999755859375,1.0,0.0
2010-01-20,0.12,0.0,0.0,3.25,9.3,1.2,9.8,1.9,10.893,0.0,1.2,8.708,614.0,2.8,99.19005,1150.22998046875,77.5,1.0,0.0
2010-03-09,0.12,0.0,0.0,3.25,9.3,1.0,9.9,1.9,11.772,0.0,1.2,8.708,636.0,2.7,99.62489,1138.5,80.43000030517578,1.0,0.0
2010-04-21,0.12,0.0,0.0,3.25,9.1,0.93,9.9,3.9,11.454,0.0,2.0,8.742,687.0,2.9,99.69469,1207.1700439453125,81.05000305175781,1.0,0.0
2010-06-16,0.12,0.0,0.0,3.25,9.1,0.81,9.4,3.9,11.598,0.0,2.0,8.742,536.0,2.8,99.59248,1115.22998046875,85.9800033569336,1.0,0.0
2010-08-03,0.12,0.0,0.0,3.25,11.9,0.85,9.5,3.1,12.014,0.0,1.2,8.671,599.0,2.7,99.51852,1125.8599853515625,80.94000244140625,1.0,0.0
2010-09-14,0.12,0.0,0.0,3.25,11.9,0.88,9.5,3.1,11.922,0.0,1.2,8.671,594.0,2.2,99.58582,1121.9000244140625,81.91000366210938,1.0,0.0
2010-10-27,0.12,0.0,0.0,3.25,11.4,0.8,9.4,2.1,12.414,0.0,2.3,8.434,543.0,2.7,99.71458,1185.6400146484375,77.70999908447266,1.0,0.0
2010-12-07,0.12,0.0,0.0,3.25,11.4,0.89,9.3,2.1,12.605,0.0,2.3,8.434,539.0,3.0,100.0884,1223.1199951171875,79.56999969482422,1.0,0.0
2011-01-19,0.12,0.0,0.0,3.25,3.5,1.0,9.1,-0.9,12.806,0.0,2.1,8.205,630.0,3.4,100.2521,1295.02001953125,78.95999908447266,1.0,0.0
2011-03-08,0.12,0.0,0.0,3.25,3.5,1.29,9.0,-0.9,13.259,0.0,2.1,8.205,600.0,4.6,100.3488,1310.1300048828125,76.5,1.0,0.0
2011-04-20,0.12,0.0,0.0,3.25,6.9,1.42,9.1,2.7,13.326,0.0,2.7,8.044,554.0,4.6,100.2435,1312.6199951171875,75.02999877929688,1.0,0.0
2011-06-15,0.12,0.0,0.0,3.25,6.9,1.62,9.1,2.7,11.886,0.0,2.7,8.044,608.0,3.8,99.77991,1287.8699951171875,74.33000183105469,1.0,0.0
2011-08-02,0.12,0.0,0.0,3.25,5.6,1.79,9.0,-0.1,12.604,0.0,2.4,7.533,585.0,3.5,99.25172,1286.93994140625,74.26000213623047,1.0,0.0
2011-09-14,0.12,0.0,0.0,3.25,5.6,1.84,9.0,-0.1,13.356,0.0,2.4,7.533,650.0,3.3,99.12444,1172.8699951171875,76.91000366210938,1.0,0.0
2011-10-26,0.12,0.0,0.0,3.25,3.1,1.93,8.8,4.6,13.73,0.0,0.5,7.339,610.0,3.2,99.14287,1229.050048828125,76.25,1.0,0.0
2011-12-06,0.12,0.0,0.0,3.25,3.1,2.06,8.5,4.6,13.798,0.0,0.5,7.339,694.0,3.1,99.50371,1257.0799560546875,78.61000061035156,1.0,0.0
2012-01-18,0.12,0.0,0.0,3.25,5.0,2.09,8.3,3.4,14.395,0.0,2.4,7.264,723.0,3.3,99.72057,1293.6700439453125,81.18000030517578,1.0,0.0
2012-03-06,0.12,0.0,0.0,3.25,5.0,2.02,8.2,3.4,14.594,0.0,2.4,7.264,695.0,3.9,99.93271,1364.3299560546875,79.31999969482422,1.0,0.0
2012-04-18,0.12,0.0,0.0,3.25,4.0,1.99,8.2,1.8,14.769,0.0,1.7,7.183,753.0,3.2,99.90459,1390.780029296875,79.47000122070312,1.0,0.0
2012-06-13,0.12,0.0,0.0,3.25,4.0,1.9,8.2,1.8,14.467,0.0,1.7,7.183,757.0,3.1,99.69522,1324.1800537109375,82.41000366210938,1.0,0.0
2012-07-25,0.12,0.0,0.0,3.25,2.5,1.84,8.2,0.6,14.38,0.0,2.2,6.939,740.0,3.0,99.60623,1338.31005859375,84.01000213623047,1.0,0.0
2012-09-06,0.12,0.0,0.0,3.25,2.5,1.79,7.8,0.6,15.099,0.0,2.2,6.939,847.0,3.3,99.60523,1403.43994140625,81.23999786376953,1.0,0.0
2012-10-17,0.12,0.0,0.0,3.25,0.4,1.78,7.8,0.5,14.83,0.0,2.0,6.728,915.0,3.1,99.67945,1454.9200439453125,79.37000274658203,1.0,0.0
2012-12-05,0.12,0.0,0.0,3.25,0.4,1.62,7.9,0.5,15.462,0.0,2.0,6.728,976.0,3.2,99.89803,1407.050048828125,79.63999938964844,1.0,0.0
2013-01-23,0.12,0.0,0.0,3.25,2.1,1.57,8.0,4.0,15.813,0.0,1.6,6.729,888.0,3.3,100.04,1492.56005859375,79.87000274658203,1.0,0.0
2013-03-13,0.12,0.0,0.0,3.25,2.1,1.56,7.5,4.0,15.721,0.0,1.6,6.729,1010.0,3.2,100.3071,1552.47998046875,82.58000183105469,1.0,0.0
2013-04-24,0.12,0.0,0.0,3.25,3.7,1.42,7.6,1.1,15.811,0.0,0.9,6.648,835.0,3.1,100.4213,1578.780029296875,83.02999877929688,1.0,0.0
2013-06-12,0.12,0.0,0.0,3.25,3.7,1.5,7.5,1.1,16.149,0.0,0.9,6.648,839.0,3.0,100.6236,1626.1300048828125,81.05999755859375,1.0,0.0
2013-07-24,0.12,0.0,0.0,3.25,3.5,1.55,7.3,3.5,16.021,0.0,2.0,6.623,880.0,3.1,100.6774,1692.3900146484375,82.01000213623047,1.0,0.0
2013-09-11,0.12,0.0,0.0,3.25,3.5,1.52,7.2,3.5,15.857,0.0,2.0,6.623,850.0,3.3,100.7212,1683.989990234375,81.81999969482422,1.0,0.0
2013-10-23,0.12,0.0,0.0,3.25,12.0,1.52,7.2,3.5,15.727,0.0,2.1,6.492,925.0,3.0,100.7246,1754.6700439453125,79.23999786376953,1.0,0.0
2013-12-11,0.12,0.0,0.0,3.25,12.0,1.65,6.7,3.5,15.835,0.0,2.1,6.492,1002.0,3.0,100.721,1802.6199951171875,79.97000122070312,1.0,0.0
2014-01-22,0.12,0.0,0.0,3.25,-3.8,1.63,6.6,-1.4,15.614,0.0,1.5,6.314,888.0,3.1,100.7091,1843.800048828125,81.0999984741211,1.0,0.0
2014-03-12,0.12,0.0,0.0,3.25,-3.8,1.59,6.7,-1.4,16.985,0.0,1.5,6.314,970.0,3.2,100.7724,1867.6300048828125,79.7699966430664,0.0,0.0
2014-04-23,0.12,0.0,0.0,3.25,8.9,1.72,6.2,5.3,16.695,0.0,2.3,6.272,1043.0,3.2,100.83,1879.550048828125,79.91000366210938,0.0,0.0
2014-06-11,0.12,0.0,0.0,3.25,8.9,1.72,6.1,5.3,17.516,0.0,2.3,6.272,911.0,3.1,100.9181,1950.7900390625,80.81999969482422,0.0,0.0
2014-07-23,0.12,0.0,0.0,3.25,1.7,1.73,6.2,5.0,17.277,0.0,1.7,6.277,1085.0,3.3,100.9373,1983.530029296875,80.77999877929688,0.0,0.0
2014-09-10,0.12,0.0,0.0,3.25,1.7,1.7,5.9,5.0,16.959,0.0,1.7,6.277,1023.0,3.0,100.9306,1988.43994140625,84.27999877929688,0.0,0.0
2014-10-22,0.12,0.0,0.0,3.25,3.4,1.68,5.7,2.0,16.756,0.0,0.4,6.165,1074.0,2.9,100.9024,1941.280029296875,85.30999755859375,0.0,0.0
2014-12-10,0.12,0.0,0.0,3.25,3.4,1.6,5.6,2.0,17.178,0.0,0.4,6.165,1073.0,2.8,100.7878,2059.820068359375,88.69000244140625,0.0,0.0
2015-01-21,0.12,0.0,0.0,3.25,-3.1,1.49,5.7,3.6,16.91,0.0,-0.2,6.06,1085.0,2.5,100.6969,2022.550048828125,93.0500030517578,0.0,0.0
2015-03-11,0.12,0.0,0.0,3.25,-3.1,1.55,5.4,3.6,17.896,0.0,-0.2,6.06,960.0,3.0,100.4792,2044.1600341796875,98.62000274658205,0.0,0.0
2015-04-22,0.12,0.0,0.0,3.25,1.1,1.57,5.4,2.5,17.693,0.0,2.3,6.097,1190.0,2.6,100.3682,2097.2900390625,97.9800033569336,0.0,0.0
2015-06-10,0.12,0.0,0.0,3.25,1.1,1.57,5.3,2.5,17.889,0.0,2.3,6.097,1205.0,2.7,100.1227,2080.14990234375,95.16999816894533,0.0,0.0
2015-07-22,0.12,0.0,0.0,3.25,-3.2,1.55,5.2,1.6,18.318,0.0,1.1,6.057,1146.0,2.8,99.96289,2119.2099609375,97.33000183105467,0.0,0.0
2015-09-10,0.12,0.0,0.0,3.25,-3.2,1.56,5.0,1.6,18.281,0.0,1.1,6.057,1224.0,2.8,99.61057,1942.0400390625,96.01000213623048,0.0,0.0
2015-10-21,0.12,0.0,0.0,3.25,-0.5,1.52,5.0,0.7,18.27,0.0,0.0,6.007,1058.0,2.7,99.46815,2030.77001953125,94.8499984741211,0.0,0.0
2015-12-09,0.38,25.0,1.0,3.25,-0.5,1.48,5.0,0.7,17.503,0.0,0.0,6.007,1146.0,2.6,99.2442,2063.590087890625,98.47000122070312,0.0,0.0
2016-01-20,0.38,0.0,0.0,3.5,-1.1,1.6,4.8,2.3,18.054,0.0,-0.3,5.927,1092.0,2.5,99.1592,1881.3299560546875,98.98999786376952,0.0,0.0
2016-03-09,0.38,0.0,0.0,3.5,-1.1,1.62,5.0,2.3,17.291,0.0,-0.3,5.927,1111.0,2.7,99.07903,1979.260009765625,97.20999908447266,0.0,0.0
2016-04-20,0.38,0.0,0.0,3.5,3.1,1.64,5.1,1.3,17.669,0.0,2.7,5.798,1163.0,2.8,99.07615,2100.800048828125,93.9800033569336,0.0,0.0
2016-06-08,0.4,3.0,1.0,3.5,3.1,1.66,4.9,1.3,17.735,0.0,2.7,5.798,1203.0,2.6,99.07256,2112.1298828125,93.83000183105467,0.0,0.0
2016-07-20,0.4,0.0,0.0,3.5,6.7,1.67,4.8,2.9,18.109,0.0,1.0,5.731,1239.0,2.7,99.08393,2163.780029296875,97.0500030517578,0.0,0.0
2016-09-14,0.4,0.0,0.0,3.5,6.7,1.74,5.0,2.9,17.956,0.0,1.0,5.731,1068.0,2.4,99.20682,2127.02001953125,95.62999725341795,0.0,0.0
2016-10-26,0.4,0.0,0.0,3.5,-3.0,1.82,4.9,2.2,17.954,0.0,1.9,5.708,1313.0,2.4,99.33022,2143.159912109375,98.72000122070312,0.0,0.0
2016-12-07,0.65,25.0,1.0,3.5,-3.0,1.91,4.7,2.2,18.277,0.0,1.9,5.708,1252.0,2.2,99.63734,2212.22998046875,100.48999786376952,0.0,0.0
2017-01-25,0.65,0.0,0.0,3.75,10.1,1.95,4.7,2.0,17.652,0.0,2.1,5.647,1190.0,2.6,99.76431,2280.070068359375,100.3499984741211,0.0,1.0
2017-03-08,0.9,25.0,1.0,3.75,10.1,1.84,4.4,2.0,17.061,0.0,2.1,5.647,1190.0,2.5,99.88908,2368.389892578125,101.80999755859376,0.0,1.0
2017-04-26,0.9,0.0,0.0,4.0,1.4,1.78,4.4,2.3,17.166,0.0,1.1,5.556,1146.0,2.5,99.90274,2388.610107421875,98.81999969482422,0.0,1.0
2017-06-07,1.15,25.0,1.0,4.0,1.4,1.68,4.3,2.3,17.13,0.0,1.1,5.556,1249.0,2.6,99.92577,2429.330078125,96.63999938964844,0.0,1.0
2017-07-19,1.15,0.0,0.0,4.25,2.4,1.64,4.3,3.2,17.237,0.0,2.1,5.52,1206.0,2.6,99.95693,2460.610107421875,94.66000366210938,0.0,1.0
2017-09-13,1.15,0.0,0.0,4.25,2.4,1.63,4.3,3.2,18.313,0.0,2.1,5.52,1181.0,2.7,100.1326,2496.47998046875,91.91000366210938,0.0,1.0
2017-10-25,1.15,0.0,0.0,4.25,10.8,1.63,4.2,4.6,18.482,0.0,2.5,5.541,1257.0,2.4,100.2557,2569.1298828125,93.95999908447266,0.0,1.0
2017-12-06,1.42,27.0,1.0,4.25,10.8,1.66,4.1,4.6,17.887,0.0,2.5,5.541,1177.0,2.7,100.5045,2629.570068359375,93.37999725341795,0.0,1.0
2018-01-24,1.42,0.0,0.0,4.5,2.6,1.72,4.0,3.3,17.176,0.0,2.6,5.579,1299.0,2.7,100.6268,2839.1298828125,90.12000274658205,0.0,1.0
2018-03-14,1.7,28.0,1.0,4.5,2.6,1.79,4.0,3.3,17.662,0.0,2.6,5.579,1318.0,2.8,100.8117,2765.31005859375,89.66000366210938,1.0,1.0
2018-04-25,1.7,0.0,0.0,4.75,2.2,1.76,4.0,2.1,17.584,0.0,2.9,5.629,1276.0,2.7,100.8373,2634.56005859375,90.7699966430664,1.0,1.0
2018-06-06,1.9,20.0,1.0,4.75,2.2,1.9,4.0,2.1,17.743,0.0,2.9,5.629,1192.0,3.0,100.7822,2748.800048828125,93.88999938964844,1.0,1.0
2018-07-25,1.92,0.0,0.0,5.0,-4.9,1.93,3.8,2.5,17.629,0.0,1.7,5.636,1208.0,2.9,100.7105,2820.39990234375,94.61000061035156,1.0,1.0
2018-09-19,2.2,28.0,1.0,5.0,-4.9,1.94,3.7,2.5,17.776,0.0,1.7,5.636,1250.0,2.7,100.4742,2904.31005859375,94.62000274658205,1.0,1.0
2018-11-01,2.2,0.0,0.0,5.25,1.7,1.96,3.8,0.6,17.991,0.0,1.7,5.604,1221.0,2.9,100.2887,2711.739990234375,97.12999725341795,1.0,1.0
2018-12-12,2.4,20.0,1.0,5.25,1.7,2.02,3.9,0.6,18.077,0.0,1.7,5.604,1095.0,2.7,99.84918,2636.780029296875,97.38999938964844,1.0,1.0
2019-01-23,2.4,0.0,0.0,5.5,4.4,1.92,4.0,2.2,16.91,0.0,1.4,5.636,1232.0,2.7,99.64113,2632.89990234375,96.3000030517578,1.0,1.0
2019-03-13,2.4,0.0,0.0,5.5,4.4,2.0,3.8,2.2,17.732,0.0,1.4,5.636,1195.0,2.5,99.32806,2791.52001953125,96.94000244140624,1.0,1.0
2019-04-24,2.35,-5.0,-1.0,5.5,-2.8,2.12,3.6,3.4,16.868,0.0,2.0,5.627,1267.0,2.5,99.20252,2933.679931640625,97.56999969482422,1.0,1.0
2019-06-12,2.35,0.0,0.0,5.5,-2.8,2.0,3.6,3.4,17.815,0.0,2.0,5.627,1228.0,2.7,98.97952,2885.719970703125,96.69000244140624,1.0,1.0
2019-07-24,2.1,-25.0,-1.0,5.5,0.6,2.04,3.7,4.6,17.731,0.0,1.2,5.603,1245.0,2.6,98.89021,3005.469970703125,97.70999908447266,1.0,1.0
2019-09-11,1.8,-30.0,-1.0,5.25,0.6,2.01,3.5,4.6,17.746,0.0,1.2,5.603,1300.0,2.8,98.82976,2979.389892578125,98.33000183105467,1.0,1.0
2019-10-23,1.55,-25.0,-1.0,5.0,1.4,2.02,3.6,2.6,17.087,0.0,1.3,5.52,1332.0,2.5,98.8852,2995.989990234375,97.52999877929688,1.0,1.0
2019-12-04,1.55,0.0,0.0,4.75,1.4,1.93,3.6,2.6,17.551,0.0,1.3,5.52,1551.0,2.3,99.05483,3093.199951171875,97.73999786376952,1.0,1.0
2020-01-22,1.6,5.0,1.0,4.75,-15.4,1.98,3.5,-5.3,16.841,0.0,1.9,5.328,1572.0,2.5,99.09734,3320.7900390625,97.52999877929688,1.0,1.0
2020-03-08,0.1,-150.0,-1.0,4.25,-15.4,1.88,4.4,-5.3,11.736,1.0,1.9,5.328,1267.0,2.2,97.66722,2972.3701171875,95.9499969482422,1.0,1.0
2020-04-22,0.1,0.0,0.0,3.25,-61.5,1.74,14.7,-28.0,8.834,1.0,-1.6,1.589,925.0,2.1,92.62319,2736.56005859375,100.26000213623048,1.0,1.0
2020-06-03,0.1,0.0,0.0,3.25,-61.5,1.8,11.0,-28.0,13.545,0.0,-1.6,1.589,1266.0,3.0,96.17052,3080.820068359375,97.66999816894533,1.0,1.0
2020-07-22,0.1,0.0,0.0,3.25,62.0,1.85,10.2,34.8,15.279,0.0,3.6,1.278,1529.0,3.0,97.72092,3257.300048828125,95.12000274658205,1.0,1.0
2020-09-09,0.1,0.0,0.0,3.25,62.0,1.86,7.9,34.8,16.77,0.0,3.6,1.278,1463.0,2.6,98.72652,3331.840087890625,93.4800033569336,1.0,1.0
2020-10-29,0.1,0.0,0.0,3.25,25.8,1.79,6.9,4.2,16.663,0.0,2.8,1.252,1537.0,2.6,99.08319,3271.030029296875,93.41000366210938,1.0,1.0
2020-12-09,0.1,0.0,0.0,3.25,25.8,1.71,6.7,4.2,17.052,0.0,2.8,1.252,1663.0,2.5,99.89468,3702.25,90.97000122070312,1.0,1.0
2021-01-20,0.1,0.0,0.0,3.25,0.9,1.7,6.3,5.2,16.629,0.0,5.3,1.231,1602.0,3.0,100.2705,3798.909912109375,90.5,1.0,0.0
2021-03-10,0.1,0.0,0.0,3.25,0.9,1.81,6.1,5.2,18.287,0.0,5.3,1.231,1700.0,3.1,100.9771,3875.43994140625,91.95999908447266,1.0,0.0
2021-04-21,0.1,0.0,0.0,3.25,2.0,1.94,6.1,6.2,18.502,0.0,6.2,1.214,1484.0,3.4,101.2526,4134.93994140625,91.23999786376952,1.0,0.0
2021-06-09,0.15,5.0,1.0,3.25,2.0,2.08,5.9,6.2,15.996,0.0,6.2,1.214,1661.0,4.2,101.3408,4227.259765625,90.08000183105467,1.0,0.0
2021-07-21,0.15,0.0,0.0,3.25,1.5,2.13,5.4,3.3,15.306,0.0,6.0,1.209,1593.0,4.7,101.2905,4323.06005859375,92.97000122070312,1.0,0.0
2021-09-15,0.15,0.0,0.0,3.25,1.5,2.46,4.8,3.3,12.747,0.0,6.0,1.209,1560.0,4.6,101.1544,4443.0498046875,92.6500015258789,1.0,0.0
2021-10-27,0.15,0.0,0.0,3.25,24.2,2.75,4.5,7.0,13.25,0.0,7.1,1.217,1572.0,4.8,101.109,4574.7900390625,93.9499969482422,1.0,0.0
2021-12-08,0.15,0.0,0.0,3.25,24.2,3.33,3.9,7.0,13.244,0.0,7.1,1.217,1787.0,4.8,101.0232,4686.75,96.37000274658205,1.0,0.0
2022-01-19,0.15,0.0,0.0,3.25,-4.6,3.71,4.0,-2.0,14.798,0.0,8.4,1.217,1669.0,4.9,100.9425,4577.10986328125,95.7300033569336,1.0,0.0
2022-03-09,0.4,25.0,1.0,3.25,-4.6,3.99,3.6,-2.0,14.049,0.0,8.4,1.217,1713.0,5.4,100.6459,4170.7001953125,99.05999755859376,1.0,0.0
2022-04-27,0.9,50.0,1.0,3.5,10.6,4.03,3.6,-0.6,14.486,0.0,9.1,1.238,1803.0,5.4,100.414,4175.2001953125,102.3000030517578,1.0,0.0
2022-06-08,1.65,75.0,1.0,4.0,10.6,4.63,3.6,-0.6,13.748,0.0,9.1,1.238,1561.0,5.3,99.8346,4160.68017578125,102.31999969482422,1.0,0.0
2022-07-20,2.4,75.0,1.0,4.75,16.2,4.72,3.5,2.7,13.965,0.0,4.5,1.271,1371.0,5.2,99.57693,3936.68994140625,106.68000030517578,1.0,0.0
2022-09-14,3.15,75.0,1.0,5.5,16.2,4.98,3.5,2.7,14.191,0.0,4.5,1.271,1463.0,4.7,99.20307,3932.68994140625,109.81999969482422,1.0,0.0
2022-10-26,3.9,75.0,1.0,6.25,-3.5,4.98,3.7,2.6,15.157,0.0,3.9,1.323,1432.0,5.0,99.06164,3859.110107421875,110.9499969482422,1.0,0.0
2022-12-07,4.4,50.0,1.0,7.0,-3.5,4.86,3.5,2.6,14.048,0.0,3.9,1.323,1357.0,4.3,98.87978,3941.260009765625,105.58000183105467,1.0,0.0
2023-01-25,4.65,25.0,1.0,7.5,6.8,4.78,3.4,2.2,15.605,0.0,3.9,1.392,1340.0,3.9,98.84712,4016.949951171875,101.91999816894533,1.0,0.0
2023-03-15,4.9,25.0,1.0,7.75,6.8,4.82,3.5,2.2,15.441,0.0,3.9,1.392,1380.0,3.6,98.84515,3919.2900390625,103.5999984741211,1.0,0.0
2023-04-26,5.15,25.0,1.0,8.0,-9.3,4.88,3.4,2.1,16.21,0.0,1.7,1.459,1348.0,4.7,98.89799,4071.6298828125,101.86000061035156,1.0,0.0
2023-06-07,5.15,0.0,0.0,8.25,-9.3,4.33,3.6,2.1,16.607,0.0,1.7,1.459,1418.0,3.3,99.11828,4283.85009765625,104.12999725341795,1.0,0.0
2023-07-19,5.4,25.0,1.0,8.25,6.0,4.17,3.5,5.2,16.446,0.0,3.5,1.511,1451.0,3.4,99.24326,4554.97998046875,99.94000244140624,1.0,0.0
2023-09-13,5.4,0.0,0.0,8.5,6.0,3.84,3.8,5.2,16.183,0.0,3.5,1.511,1346.0,3.2,99.42249,4461.89990234375,104.70999908447266,1.0,0.0
2023-10-25,5.4,0.0,0.0,8.5,6.0,3.64,3.9,5.2,15.91,0.0,3.5,1.511,1372.0,4.2,99.47179,4247.68017578125,106.2699966430664,1.0,0.0
