,fed_party,potus_party,recess,mom,pce,ue,cars,house,cli,loan,exports,rgdp,gdpg,veloc,ffr,d_pce,d_ue,d_cars,d_house,d_cli,d_loan,d_exports,d_rgdp,d_gdpg,d_veloc,d_ffr,b0_spx,b0_usd,b1_spx,b1_usd
1989-10-04,1.0,1.0,0.0,0.0,3.8,5.3,15.66,1279.0,99.69093,10.5,4.1,3.0,3.0,7.307,9.0,-0.15000000000000036,0.09999999999999964,-0.8870000000000005,-53.0,0.002609999999990009,0.0,0.0,0.0,0.0,0.0,0.0,352.0147633885175,102.61128474635044,-0.20510371015635967,-0.02301672926634693
1989-11-15,1.0,1.0,0.0,0.0,3.92,5.4,13.37,1351.0,99.72887,10.5,6.2,0.8,2.9,7.283,9.0,0.1200000000000001,0.10000000000000053,-2.290000000000001,72.0,0.03794000000000608,0.0,2.1000000000000005,-2.2,-0.10000000000000009,-0.02400000000000002,0.0,351.8460653280926,101.2806813460984,-0.2489151631850343,-0.07228286247384756
1989-12-20,1.0,1.0,0.0,0.0,3.94,5.4,13.55,1251.0,99.75903,10.5,6.2,0.8,2.9,7.283,8.5,0.0,0.10000000000000053,-0.030999999999998806,-159.0,0.05375999999999692,0.0,0.0,0.0,0.0,0.0,-0.5,337.15442975453544,98.88117782160327,0.20349455637912156,-0.05078517360740941
1990-02-08,1.0,1.0,0.0,-1.0,3.85,5.4,16.308,1551.0,99.79324,10.0,18.5,4.4,4.4,7.356,8.25,-0.08999999999999986,0.0,2.757999999999999,300.0,0.03421000000000163,-0.5,12.3,3.6000000000000005,1.5000000000000004,0.07299999999999951,-0.25,355.82780465793036,94.59843788102317,-0.45146848115153587,-0.04372861476135174
1990-03-28,1.0,1.0,0.0,0.0,3.95,5.2,14.486,1289.0,99.82265,10.0,18.5,4.4,4.4,7.356,8.25,0.10000000000000009,-0.20000000000000018,-1.8219999999999992,-262.0,0.029409999999998604,0.0,0.0,0.0,0.0,0.0,0.0,326.24384533475455,91.701826019482,0.24745800957605238,0.043299410608049975
1990-05-16,1.0,1.0,0.0,0.0,3.8,5.4,14.022,1212.0,99.5741,10.0,5.1,1.5,4.6,7.391,8.25,-0.15000000000000036,0.20000000000000018,-0.4640000000000004,-77.0,-0.2485499999999945,0.0,-13.4,-2.9000000000000004,0.1999999999999993,0.03500000000000014,0.0,342.0311388383762,94.30192824341847,-0.1291484990842089,-0.03244870686197023
1990-07-05,1.0,1.0,0.0,0.0,3.94,5.2,14.149,1177.0,99.28502,10.0,5.1,1.5,4.6,7.391,8.25,0.14000000000000012,-0.20000000000000018,0.1269999999999989,-35.0,-0.28907999999999845,0.0,0.0,0.0,0.0,0.0,0.0,349.5702516315167,91.6705263030876,0.2618493444671358,0.017317674879637732
1990-08-22,1.0,1.0,1.0,0.0,4.14,5.7,13.859,1115.0,98.40642,10.0,3.1,0.3,3.5,7.377,8.25,0.19999999999999973,0.5,-0.28999999999999915,-62.0,-0.8786000000000058,0.0,-1.9999999999999996,-1.2,-1.0999999999999996,-0.014000000000000234,0.0,364.4433403439568,91.96960162546078,-0.38166352333966125,-0.0968682668878019
1990-10-03,1.0,1.0,1.0,0.0,4.13,5.9,14.298,1110.0,97.9221,10.0,3.1,0.3,3.5,7.377,8.0,-0.009999999999999787,0.20000000000000018,0.43900000000000006,-5.0,-0.48431999999999675,0.0,0.0,0.0,0.0,0.0,-0.25,338.11137342136897,86.9513952385908,-0.5359708442399971,-0.025692041751026642
1990-11-14,1.0,1.0,1.0,0.0,3.88,6.2,13.134,1145.0,97.21283,10.0,3.6,-3.6,3.0,7.303,8.0,-0.25,0.2999999999999998,-1.1639999999999997,35.0,-0.7092700000000036,0.0,0.5,-3.9,-0.5,-0.07399999999999984,0.0,311.5315270025871,86.20793214014037,-0.1025034511109026,-0.08459003696289843
1990-12-18,1.0,1.0,1.0,-1.0,3.84,6.3,12.958,969.0,97.09945,10.0,3.6,-3.6,3.0,7.303,7.5,-0.16999999999999993,0.39999999999999947,-0.7910000000000004,-45.0,-0.402709999999999,0.0,0.0,0.0,0.0,0.0,-0.5,305.4806246444702,82.44157606463791,0.3773349710881367,-0.004776453780885198
1991-02-07,1.0,1.0,1.0,-1.0,3.82,6.4,11.829,798.0,97.16149,9.5,2.5,-1.9,4.0,7.247,7.0,-0.020000000000000018,0.10000000000000053,-1.1289999999999996,-171.0,0.0620399999999961,-0.5,-1.1,1.7000000000000002,1.0,-0.05600000000000005,-0.5,326.2398934205358,83.21512307771692,0.025755328337680915,0.004635456700396494
1991-03-27,1.0,1.0,1.0,0.0,3.43,6.8,12.848,921.0,97.7066,9.0,2.5,-1.9,4.0,7.247,6.25,-0.3899999999999997,0.39999999999999947,1.0190000000000001,123.0,0.545109999999994,-0.5,0.0,0.0,0.0,0.0,-0.75,344.0878715559343,80.12896924310007,0.6955799658498312,0.1316950637184157
1991-05-15,1.0,1.0,0.0,0.0,3.45,6.9,12.487,996.0,98.4444,8.5,15.4,3.2,3.0,7.212,6.0,0.020000000000000018,0.10000000000000053,-0.36100000000000065,75.0,0.7378000000000071,-0.5,12.9,5.1,-1.0,-0.03500000000000014,-0.25,371.14242276225167,89.04181826834075,0.22961500235366686,0.07995234917715548
1991-07-05,1.0,1.0,0.0,0.0,3.23,6.9,12.719,1036.0,98.7811,8.5,15.4,3.2,3.0,7.212,5.75,-0.2200000000000002,0.0,0.23199999999999932,40.0,0.33669999999999334,0.0,0.0,0.0,0.0,0.0,-0.25,377.8341598907157,91.24791171441876,0.02376330709497669,0.08784259688125157
1991-08-21,1.0,1.0,0.0,0.0,2.91,6.9,12.565,1049.0,99.17667,8.5,9.8,2.0,3.2,7.166,5.75,-0.31999999999999984,0.0,-0.15399999999999991,13.0,0.3955700000000064,0.0,-5.6,-1.2000000000000002,0.20000000000000018,-0.045999999999999375,0.0,371.81619412598644,96.87944739235999,0.33314842253713467,-0.08361996155265826
1991-10-02,1.0,1.0,0.0,0.0,2.9,6.9,13.107,1015.0,99.20341,8.0,9.8,2.0,3.2,7.166,5.5,-0.010000000000000231,0.0,0.5419999999999998,-34.0,0.02674000000000376,-0.5,0.0,0.0,0.0,0.0,-0.25,389.22607417764885,94.10039004991727,-0.01817474103505601,-0.05937184443485262
1991-11-06,1.0,1.0,0.0,0.0,2.83,7.0,12.217,1079.0,99.1512,8.0,9.3,1.4,2.4,7.058,5.25,-0.06999999999999984,0.09999999999999964,-0.8899999999999988,64.0,-0.05221000000000231,-0.5,-0.5,-0.6000000000000001,-0.8000000000000003,-0.10800000000000054,-0.25,385.8076978477906,90.79572999959213,0.016648784240265807,-0.002515337360514117
1991-12-18,1.0,1.0,0.0,-1.0,3.0,7.3,12.658,1079.0,99.03893,7.5,9.3,1.4,2.4,7.058,4.75,0.16999999999999993,0.2999999999999998,0.44099999999999895,0.0,-0.11227000000000942,-0.5,0.0,0.0,0.0,0.0,-0.5,393.5007358310685,90.98102333778543,-0.31940575970554647,-0.09451800071044235
1992-02-06,1.0,1.0,0.0,0.0,2.88,7.3,12.591,1176.0,99.08805,6.5,7.4,4.9,1.5,6.886,4.5,-0.1200000000000001,0.0,-0.06700000000000017,97.0,0.04912000000000205,-1.0,-1.9000000000000004,3.5000000000000004,-0.8999999999999999,-0.1719999999999997,-0.25,382.3841891841493,84.75849829748108,0.8472562585121856,0.026332015521165358
1992-04-01,1.0,1.0,0.0,0.0,2.99,7.4,12.824,1297.0,99.38452,6.5,7.4,4.9,1.5,6.886,4.0,0.11000000000000032,0.10000000000000053,0.23300000000000054,121.0,0.29646999999999935,0.0,0.0,0.0,0.0,0.0,-0.5,412.75668992877394,86.54756132159169,-0.09536772249102125,0.09413116206260563
1992-05-20,1.0,1.0,0.0,0.0,2.8,7.6,13.098,1214.0,99.63816,6.5,0.2,4.4,2.4,6.814,4.0,-0.1900000000000004,0.1999999999999993,0.2740000000000009,-83.0,0.2536400000000043,0.0,-7.2,-0.5,0.8999999999999999,-0.07200000000000006,0.0,403.1646442671257,90.17788568797347,0.2338708218718731,-0.017998466662013626
1992-07-02,1.0,1.0,0.0,0.0,2.8,7.8,13.543,1145.0,99.66827,6.5,0.2,4.4,2.4,6.814,3.75,0.0,0.20000000000000018,0.4449999999999985,-69.0,0.03011000000000763,0.0,0.0,0.0,0.0,0.0,-0.25,417.68038798193345,89.22135971045152,-0.215702922824531,-0.0723853240468363
1992-08-19,1.0,1.0,0.0,-1.0,2.75,7.6,12.873,1226.0,99.64877,6.0,8.8,4.0,2.0,6.735,3.25,-0.04999999999999982,-0.20000000000000018,-0.6699999999999999,81.0,-0.019500000000007844,-0.5,8.600000000000001,-0.40000000000000036,-0.3999999999999999,-0.07899999999999974,-0.5,404.2769527964457,84.56033668814551,0.3547271746108339,-0.06480652601113139
1992-10-07,1.0,1.0,0.0,0.0,2.61,7.6,13.378,1186.0,99.68358,6.0,8.8,4.0,2.0,6.735,3.25,-0.14000000000000012,0.0,0.5050000000000008,-40.0,0.034810000000007335,0.0,0.0,0.0,0.0,0.0,0.0,417.333753387681,79.73916035275688,0.014225919961451665,0.05776055086204768
1992-11-18,1.0,1.0,0.0,0.0,2.61,7.4,13.218,1214.0,99.9353,6.0,2.0,4.2,2.8,6.584,3.0,0.0,-0.1999999999999993,-0.16000000000000014,28.0,0.25171999999999173,0.0,-6.800000000000001,0.20000000000000018,0.7999999999999998,-0.1510000000000007,-0.25,413.3619160561356,81.87206624772796,0.052492338641797864,0.13398210467409347
1992-12-23,1.0,1.0,0.0,0.0,2.5,7.4,13.784,1227.0,100.0685,6.0,2.0,4.2,2.8,6.584,3.0,-0.14000000000000012,0.10000000000000053,0.12900000000000134,-17.0,0.2818900000000042,0.0,0.0,0.0,0.0,0.0,0.0,414.53953664098486,87.95703817594588,0.3958804643003292,0.05836474542694191
1993-02-04,1.0,0.0,0.0,0.0,2.5,7.3,13.457,1210.0,100.1335,6.0,0.9,0.7,2.3,6.508,3.0,0.0,-0.10000000000000053,-0.32699999999999996,-17.0,0.06499999999999773,0.0,-1.1,-3.5,-0.5,-0.07599999999999962,0.0,435.79535400958014,89.94102265296625,0.0005735502387525949,0.05544010728187982
1993-03-24,1.0,0.0,0.0,0.0,2.45,7.0,13.326,1083.0,100.0243,6.0,0.9,0.7,2.3,6.508,3.0,-0.04999999999999982,-0.2999999999999998,-0.13100000000000023,-127.0,-0.1092000000000013,0.0,0.0,0.0,0.0,0.0,0.0,438.2298353216427,92.35008103125817,0.20436662048286497,0.043560898010315395
1993-05-19,1.0,0.0,0.0,0.0,2.57,7.1,14.519,1260.0,99.73032,6.0,4.9,2.3,2.4,6.406,3.0,0.11999999999999966,0.09999999999999964,1.1929999999999996,177.0,-0.2939799999999906,0.0,4.0,1.5999999999999999,0.10000000000000009,-0.10200000000000031,0.0,449.03928917376214,93.03688884680702,-0.17443159015681586,-0.08185325812770251
1993-07-08,1.0,0.0,0.0,0.0,2.54,7.0,14.49,1280.0,99.59711,6.0,4.9,2.3,2.4,6.406,3.0,-0.029999999999999805,-0.09999999999999964,-0.028999999999999915,20.0,-0.13321000000000538,0.0,0.0,0.0,0.0,0.0,0.0,444.50748539624135,89.21091539852229,0.08764901797792196,0.06901508938043972
1993-08-18,1.0,0.0,0.0,0.0,2.49,6.8,13.584,1300.0,99.53692,6.0,-1.1,1.9,2.4,6.289,3.0,-0.04999999999999982,-0.20000000000000018,-0.9060000000000006,20.0,-0.06019000000000574,0.0,-6.0,-0.3999999999999999,0.0,-0.11699999999999999,0.0,445.81110118590937,93.3543994946308,0.06015405259021515,0.031664893353583745
1993-09-22,1.0,0.0,0.0,0.0,2.53,6.7,13.99,1343.0,99.64192,6.0,-1.1,1.9,2.4,6.289,3.0,0.029999999999999805,-0.20000000000000018,-0.4610000000000003,89.0,0.1179300000000012,0.0,0.0,0.0,0.0,0.0,0.0,445.8104332467075,95.66187120976913,0.3341276233564713,-0.07614327300365985
1993-11-17,1.0,0.0,0.0,0.0,2.43,6.6,14.882,1376.0,100.0666,6.0,13.5,5.6,2.2,6.25,3.0,-0.09999999999999964,-0.10000000000000053,0.8919999999999995,33.0,0.42467999999999506,0.0,14.6,3.6999999999999997,-0.19999999999999973,-0.0389999999999997,0.0,458.50369348704413,91.2890917404801,0.13841394652013947,0.07309506996306137
1993-12-22,1.0,0.0,0.0,0.0,2.4,6.5,15.004,1533.0,100.3299,6.0,13.5,5.6,2.2,6.25,3.0,-0.0900000000000003,-0.2999999999999998,0.09299999999999997,141.0,0.5009799999999984,0.0,0.0,0.0,0.0,0.0,0.0,463.91839995931895,94.7201949865147,-0.006480517841340767,0.021865463752239536
1994-02-04,1.0,0.0,0.0,0.0,2.36,6.6,15.379,1272.0,100.5764,6.0,4.0,3.9,1.9,6.264,3.0,-0.040000000000000036,0.09999999999999964,0.375,-261.0,0.2465000000000117,0.0,-9.5,-1.6999999999999997,-0.30000000000000027,0.014000000000000234,0.0,463.17151033269226,95.20923355559037,0.22487668146772835,0.029295181332925302
1994-03-22,1.0,0.0,0.0,1.0,2.41,6.5,15.301,1564.0,100.9285,6.0,4.0,3.9,1.9,6.264,3.25,0.050000000000000266,-0.09999999999999964,-0.0779999999999994,292.0,0.352099999999993,0.0,0.0,0.0,0.0,0.0,0.25,477.05674831249155,96.75892842657588,-0.2508206594748634,-0.04782118569793822
1994-05-17,1.0,0.0,0.0,1.0,2.27,6.1,14.577,1526.0,101.0682,6.75,14.2,5.5,1.9,6.339,3.5,-0.14000000000000012,-0.40000000000000036,-0.7240000000000002,-38.0,0.13970000000000482,0.75,10.2,1.6,0.0,0.07500000000000018,0.25,460.5795647521209,94.77197918624947,-0.325846622873591,-0.035106124272505486
1994-07-06,1.0,0.0,0.0,1.0,2.34,6.1,15.109,1409.0,101.0648,7.25,14.2,5.5,1.9,6.339,4.25,0.06999999999999984,0.0,0.532,-117.0,-0.0033999999999991815,0.5,0.0,0.0,0.0,0.0,0.75,450.1366180505545,93.66297681931636,0.12051901685975332,-0.0558845294884725
1994-08-16,1.0,0.0,0.0,0.0,2.34,6.0,15.359,1450.0,100.9774,7.25,15.8,2.4,2.3,6.369,4.25,0.0,-0.09999999999999964,0.25,41.0,-0.08740000000000236,0.0,1.6000000000000014,-3.1,0.3999999999999999,0.02999999999999936,0.0,448.07975899337623,89.9109158181084,0.16181204076166944,-0.01339584734796894
1994-09-27,1.0,0.0,0.0,1.0,2.32,5.9,15.274,1474.0,100.9099,7.75,15.8,2.4,2.3,6.369,4.75,-0.03000000000000025,-0.1999999999999993,0.39899999999999913,35.0,-0.11960000000000548,0.5,0.0,0.0,0.0,0.0,0.5,457.45110164173553,89.88733373590989,0.3191338150759071,-0.04052832902259996
1994-11-15,1.0,0.0,0.0,0.0,2.28,5.6,15.89,1511.0,100.683,7.75,9.6,4.7,2.2,6.479,4.75,-0.040000000000000036,-0.3000000000000007,0.6160000000000014,37.0,-0.22689999999998633,0.0,-6.200000000000001,2.3000000000000003,-0.09999999999999964,0.11000000000000032,0.0,462.98473921394543,88.16449079942882,0.05576108605929542,-0.047220495093039765
1994-12-20,1.0,0.0,0.0,1.0,2.25,5.5,15.584,1455.0,100.4894,8.5,9.6,4.7,2.2,6.479,5.5,-0.009999999999999787,-0.2999999999999998,-0.3100000000000005,5.0,-0.3301000000000016,0.75,0.0,0.0,0.0,0.0,0.75,470.5744743799608,85.1025780676742,-0.4155846112101403,0.0952346179264446
1995-02-01,1.0,0.0,0.0,0.0,2.35,5.6,14.801,1407.0,100.233,8.5,7.9,1.4,2.2,6.55,5.5,0.10000000000000009,0.09999999999999964,-0.7829999999999995,-48.0,-0.2563999999999993,0.0,-1.6999999999999993,-3.3000000000000003,0.0,0.07099999999999973,0.0,450.38792551984693,90.08959459456291,0.33018990878902493,-0.04057172596364441
1995-03-28,1.0,0.0,0.0,1.0,2.25,5.4,15.256,1249.0,99.5694,9.0,7.9,1.4,2.2,6.55,6.0,-0.10000000000000009,-0.1999999999999993,0.45500000000000007,-158.0,-0.6636000000000024,0.5,0.0,0.0,0.0,0.0,0.5,472.367188200918,88.81751631373909,0.41386578341142866,-0.10862740946627984
1995-05-23,1.0,0.0,0.0,0.0,2.27,5.6,14.806,1314.0,98.99206,9.0,5.7,1.2,1.9,6.614,6.0,0.020000000000000018,0.1999999999999993,-0.45000000000000107,65.0,-0.5773400000000066,0.0,-2.2,-0.19999999999999996,-0.30000000000000027,0.06400000000000006,0.0,497.4820791934893,82.36512511394932,0.5015218133716138,-0.011947395434970257
1995-07-06,1.0,0.0,0.0,0.0,2.19,5.6,15.407,1281.0,98.82222,9.0,5.7,1.2,1.9,6.614,6.0,-0.08000000000000007,0.0,0.6010000000000009,-33.0,-0.16983999999999355,0.0,0.0,0.0,0.0,0.0,0.0,518.3361521268362,83.13989937500226,0.5040586508146024,-0.025635597915768835
1995-08-22,1.0,0.0,0.0,-1.0,2.21,5.7,15.368,1416.0,98.66234,8.75,18.5,3.5,2.0,6.714,5.75,0.020000000000000018,0.10000000000000053,-0.0389999999999997,135.0,-0.15988000000000113,-0.25,12.8,2.3,0.10000000000000009,0.10000000000000053,-0.25,548.1957104446601,81.28767792685778,0.2681633086025347,0.02633503236786125
1995-09-26,1.0,0.0,0.0,0.0,2.23,5.6,15.338,1369.0,98.60894,8.75,18.5,3.5,2.0,6.714,5.75,0.06999999999999984,-0.10000000000000053,0.6379999999999999,-92.0,-0.11493999999999005,0.0,0.0,0.0,0.0,0.0,0.0,554.0372129899921,81.9794954395824,0.38641537953285815,0.10509243575082189
1995-11-15,1.0,0.0,0.0,0.0,2.27,5.6,15.38,1452.0,98.54256,8.75,5.8,2.7,1.9,6.86,5.75,0.040000000000000036,0.0,0.04200000000000159,83.0,-0.06638000000000943,0.0,-12.7,-0.7999999999999998,-0.10000000000000009,0.1459999999999999,0.0,581.9494154165977,85.36724528787285,0.07197861901738489,-0.038253826919724974
1995-12-19,1.0,0.0,0.0,0.0,2.31,5.6,16.262,1431.0,98.5592,8.75,5.8,2.7,1.9,6.86,5.75,-0.009999999999999787,0.09999999999999964,1.4009999999999998,62.0,-0.0048799999999999955,0.0,0.0,0.0,0.0,0.0,0.0,578.3346914340694,83.30733386720314,0.691437106297021,0.03102306048886491
1996-01-31,1.0,0.0,0.0,-1.0,2.25,5.6,14.812,1467.0,98.62561,8.5,4.9,3.0,1.9,7.016,5.5,-0.06000000000000005,0.0,-1.450000000000001,36.0,0.06640999999999053,-0.25,-0.8999999999999995,0.2999999999999998,0.0,0.1559999999999997,-0.25,616.1819070114566,84.66653194738475,-0.13153241146482525,0.02081569950677321
1996-03-26,1.0,0.0,0.0,-1.0,2.26,5.5,16.044,1424.0,98.91733,8.25,4.9,3.0,1.9,7.016,5.25,0.009999999999999787,-0.09999999999999964,1.232000000000001,-43.0,0.2917200000000122,-0.25,0.0,0.0,0.0,0.0,-0.25,639.0432928762448,87.03383958142993,0.19610925126057155,-0.020207759052489054
1996-05-21,1.0,0.0,0.0,0.0,2.25,5.6,15.993,1504.0,99.26136,8.25,6.7,6.8,1.7,7.18,5.25,-0.009999999999999787,0.09999999999999964,-0.051000000000000156,80.0,0.3440299999999894,0.0,1.7999999999999998,3.8,-0.19999999999999996,0.1639999999999997,0.0,648.2984265258294,86.38498329107314,-0.02173652100822481,0.034913263027152405
1996-07-03,1.0,0.0,0.0,0.0,2.29,5.3,15.256,1467.0,99.39669,8.25,6.7,6.8,1.7,7.18,5.25,0.040000000000000036,-0.2999999999999998,-0.7370000000000001,-37.0,0.1353300000000104,0.0,0.0,0.0,0.0,0.0,0.0,655.6398694858386,88.11486649348049,0.3647777175117028,0.0019966345370114563
1996-08-20,1.0,0.0,0.0,0.0,2.31,5.1,15.486,1557.0,99.56683,8.25,3.3,3.6,1.3,7.369,5.25,0.020000000000000018,-0.20000000000000018,0.23000000000000043,90.0,0.1701399999999893,0.0,-3.4000000000000004,-3.1999999999999997,-0.3999999999999999,0.18900000000000006,0.0,662.2735324486312,88.36087610017975,-0.3358495942153553,-0.0458052352852024
1996-09-24,1.0,0.0,0.0,0.0,2.36,5.2,15.534,1475.0,99.63841,8.25,3.3,3.6,1.3,7.369,5.25,0.040000000000000036,-0.2999999999999998,0.46000000000000085,3.0,0.14684999999998638,0.0,0.0,0.0,0.0,0.0,0.0,647.6529152961625,86.04835016526913,0.446389010444093,0.020453590713728535
1996-11-13,1.0,0.0,0.0,0.0,2.39,5.4,15.712,1489.0,99.79406,8.25,27.4,4.2,2.2,7.623,5.25,0.03000000000000025,0.20000000000000018,0.17799999999999905,14.0,0.1556500000000085,0.0,24.099999999999998,0.6000000000000001,0.9000000000000001,0.25400000000000045,0.0,682.4144554743335,87.84218179665135,0.5358346879892081,-0.0030383247115167095
1996-12-17,1.0,0.0,0.0,0.0,2.38,5.4,15.183,1370.0,99.88283,8.25,27.4,4.2,2.2,7.623,5.25,0.040000000000000036,0.20000000000000018,-0.125,-22.0,0.17146999999999935,0.0,0.0,0.0,0.0,0.0,0.0,698.6939837763279,87.29863815573748,1.1396401019049276,0.0048801498457303
1997-02-05,1.0,0.0,0.0,0.0,2.35,5.3,15.682,1355.0,99.98691,8.25,7.8,2.6,2.4,7.761,5.25,-0.029999999999999805,-0.10000000000000053,0.49900000000000055,-15.0,0.10407999999999618,0.0,-19.599999999999998,-1.6,0.19999999999999973,0.1379999999999999,0.0,731.2187373931487,87.5749431527759,0.8316198770798192,0.07644520969659238
1997-03-25,1.0,0.0,0.0,0.0,2.31,5.2,15.816,1457.0,100.2525,8.25,7.8,2.6,2.4,7.761,5.25,-0.040000000000000036,-0.09999999999999964,0.13400000000000034,102.0,0.2655900000000031,0.0,0.0,0.0,0.0,0.0,0.0,780.420757536029,92.61243123218482,0.5215787068836656,0.07029961015977651
1997-05-20,1.0,0.0,0.0,1.0,2.22,4.9,15.088,1442.0,100.5384,8.5,17.0,6.8,0.8,8.002,5.5,-0.08999999999999986,-0.2999999999999998,-0.7280000000000015,-15.0,0.28589999999999804,0.25,9.2,4.199999999999999,-1.5999999999999999,0.24100000000000055,0.25,753.6362127113659,95.1847410720118,0.9545805332986111,0.030289322125367855
1997-07-02,1.0,0.0,0.0,0.0,2.22,5.0,14.524,1494.0,100.6752,8.5,17.0,6.8,0.8,8.002,5.5,0.0,0.09999999999999964,-0.5640000000000001,52.0,0.13680000000000803,0.0,0.0,0.0,0.0,0.0,0.0,810.587700332861,95.3643507274097,1.5752372121695133,-0.0069845674943412655
1997-08-19,1.0,0.0,0.0,0.0,2.06,4.8,16.148,1390.0,100.8811,8.5,9.6,5.1,1.8,8.102,5.5,-0.16000000000000014,-0.20000000000000018,1.6240000000000006,-104.0,0.20589999999999975,0.0,-7.4,-1.7000000000000002,1.0,0.09999999999999964,0.0,888.0041240825989,94.17224941478482,1.2428631210384806,0.125400796089858
1997-09-30,1.0,0.0,0.0,0.0,2.05,4.9,15.096,1546.0,100.9387,8.5,9.6,5.1,1.8,8.102,5.5,-0.08000000000000007,0.0,-0.47199999999999953,109.0,0.1436999999999955,0.0,0.0,0.0,0.0,0.0,0.0,930.9085494780633,100.67062562829366,-0.08353731408310738,-0.05541145056829433
1997-11-12,1.0,0.0,0.0,0.0,1.8,4.6,15.825,1510.0,100.9668,8.5,-0.6,3.5,1.3,8.196,5.5,-0.24999999999999978,-0.3000000000000007,0.7289999999999992,-36.0,0.028100000000009118,0.0,-10.2,-1.5999999999999996,-0.5,0.09399999999999942,0.0,953.2891265839409,97.93396721106431,-0.2455227533248158,-0.029821246932946095
1997-12-16,1.0,0.0,0.0,0.0,1.73,4.7,16.474,1566.0,100.9307,8.5,-0.6,3.5,1.3,8.196,5.5,-0.16999999999999993,0.0,1.043000000000001,46.0,-0.03829999999999245,0.0,0.0,0.0,0.0,0.0,0.0,924.8267364417928,96.14789899789581,0.7369435738602114,0.02676690409002533
1998-02-04,1.0,0.0,0.0,0.0,1.66,4.6,14.789,1525.0,100.8789,8.5,1.9,4.1,0.6,8.238,5.5,-0.07000000000000006,-0.10000000000000053,-1.6850000000000005,-41.0,-0.05180000000000007,0.0,2.5,0.5999999999999996,-0.7000000000000001,0.041999999999999815,0.0,961.7438107877225,98.5698457359435,-0.12952872237802593,0.03649779562140209
1998-03-31,1.0,0.0,0.0,0.0,1.65,4.7,15.405,1567.0,100.709,8.5,1.9,4.1,0.6,8.238,5.5,-0.010000000000000009,0.10000000000000053,0.6159999999999997,42.0,-0.16989999999999839,0.0,0.0,0.0,0.0,0.0,0.0,988.1809792483399,99.86814913746575,1.9608017456339328,0.008888877142072886
1998-05-19,1.0,0.0,0.0,0.0,1.71,4.4,17.057,1536.0,100.395,8.5,-4.3,3.8,0.9,8.326,5.5,0.06000000000000005,-0.2999999999999998,1.6519999999999992,-31.0,-0.31400000000000716,0.0,-6.199999999999999,-0.2999999999999998,0.30000000000000004,0.08800000000000097,0.0,1103.9887386312132,101.170557303377,0.19838461607406568,-0.041879892472167154
1998-07-01,1.0,0.0,0.0,0.0,1.64,4.5,16.771,1641.0,100.1963,8.5,-4.3,3.8,0.9,8.326,5.5,-0.07000000000000006,0.09999999999999964,-0.2859999999999978,105.0,-0.19870000000000232,0.0,0.0,0.0,0.0,0.0,0.0,1113.3019650870474,98.90324572884694,-0.2918215538176578,0.04143588091144426
1998-08-18,1.0,0.0,0.0,0.0,1.75,4.5,14.796,1614.0,99.84415,8.5,-1.8,5.1,1.7,8.469,5.5,0.1100000000000001,0.0,-1.9750000000000014,-27.0,-0.35214999999999463,0.0,2.5,1.2999999999999998,0.7999999999999999,0.1429999999999989,0.0,1146.6878470132629,101.21238526623658,-0.3772633336754927,-0.00021580964559757236
1998-09-29,1.0,0.0,0.0,0.0,1.7,4.6,16.313,1582.0,99.74725,8.5,-1.8,5.1,1.7,8.469,5.5,0.010000000000000009,0.09999999999999964,1.6449999999999996,-116.0,-0.2573500000000024,0.0,0.0,0.0,0.0,0.0,0.0,1112.0714607934444,103.09001224416951,-2.3362744924090837,-0.11821152672950465
1998-11-17,1.0,0.0,0.0,-1.0,1.78,4.4,16.118,1660.0,99.85159,8.0,15.7,6.6,1.1,8.511,5.25,0.08000000000000007,-0.1999999999999993,-0.19500000000000028,78.0,0.10434000000000765,-0.5,17.5,1.5,-0.5999999999999999,0.041999999999999815,-0.25,989.72552453397,95.9055147161644,2.2454871227872766,-0.05507184204720996
1998-12-22,1.0,0.0,0.0,-1.0,1.81,4.4,17.409,1792.0,100.0193,7.75,15.7,6.6,1.1,8.511,4.75,0.040000000000000036,-0.09999999999999964,0.2779999999999987,77.0,0.2706699999999955,-0.25,0.0,0.0,0.0,0.0,-0.5,1083.6812210750263,94.23298194422583,2.142008172685284,0.023374544943868834
1999-02-03,1.0,0.0,0.0,0.0,1.84,4.3,16.593,1748.0,100.2264,7.75,-1.3,3.8,1.3,8.578,4.75,0.030000000000000027,-0.10000000000000053,-0.815999999999999,-44.0,0.20709999999999695,0.0,-17.0,-2.8,0.19999999999999996,0.06700000000000017,0.0,1172.183301262442,94.26176517457047,1.7361224881747908,0.004999804081110366
1999-03-30,1.0,0.0,0.0,0.0,1.72,4.2,16.832,1710.0,100.6267,7.75,-1.3,3.8,1.3,8.578,4.75,-0.1200000000000001,-0.09999999999999964,0.23900000000000077,-38.0,0.40030000000000143,0.0,0.0,0.0,0.0,0.0,0.0,1235.0652928576335,95.81713098075531,1.003685698626596,0.08023404207773346
1999-05-18,1.0,0.0,0.0,0.0,1.73,4.2,17.564,1611.0,100.935,7.75,5.1,3.4,1.5,8.647,4.75,0.010000000000000009,0.0,0.7319999999999993,-99.0,0.3083000000000027,0.0,6.3999999999999995,-0.3999999999999999,0.19999999999999996,0.06900000000000084,0.0,1289.487896085622,99.54109812997768,1.2694576644347364,0.023662276779810098
1999-06-30,1.0,0.0,0.0,0.0,1.76,4.3,17.346,1559.0,101.0431,7.75,5.1,3.4,1.5,8.647,4.75,-0.010000000000000009,0.0,0.4170000000000016,6.0,0.25039999999999907,0.0,0.0,0.0,0.0,0.0,0.0,1340.2605206750684,100.31873321559638,-0.5523323364729248,0.04670748919900225
1999-08-24,1.0,0.0,0.0,1.0,1.75,4.2,17.641,1648.0,101.177,8.0,12.6,5.4,1.4,8.82,5.0,-0.010000000000000009,-0.09999999999999964,0.29499999999999815,89.0,0.13390000000001123,0.25,7.5,2.0000000000000004,-0.10000000000000009,0.17300000000000004,0.25,1390.03618294849,104.28049930864826,-1.3218542174995827,-0.08890075305424147
1999-10-05,1.0,0.0,0.0,1.0,1.8,4.2,17.662,1635.0,101.2266,8.25,12.6,5.4,1.4,8.82,5.25,0.050000000000000044,0.0,0.021000000000000796,-13.0,0.04959999999999809,0.25,0.0,0.0,0.0,0.0,0.25,1330.6202229511046,100.22696752559052,-0.09061590399543772,-0.001374073292396287
1999-11-16,1.0,0.0,0.0,0.0,1.84,4.1,17.62,1648.0,101.3312,8.25,8.8,6.7,2.2,8.902,5.25,0.040000000000000036,-0.10000000000000053,-0.04199999999999804,13.0,0.1045999999999907,0.0,-3.799999999999999,1.2999999999999998,0.8000000000000003,0.08199999999999896,0.0,1285.5941556254263,99.10133383358433,0.9464264510124839,-0.006528322684584564
1999-12-21,1.0,0.0,0.0,1.0,1.88,4.0,18.322,1708.0,101.3688,8.5,8.8,6.7,2.2,8.902,5.5,0.06999999999999984,-0.09999999999999964,0.6379999999999981,100.0,0.09099999999999397,0.25,0.0,0.0,0.0,0.0,0.25,1323.0663684769413,98.70761644834069,2.3074118345310417,0.06870630203147701
2000-02-02,1.0,0.0,0.0,0.0,2.0,4.0,18.635,1636.0,101.3642,8.5,5.9,1.5,2.7,8.989,5.5,0.1200000000000001,0.0,0.3130000000000024,-72.0,-0.004599999999996385,0.0,-2.9000000000000004,-5.2,0.5,0.08700000000000152,0.0,1422.731372962542,101.74878169101497,0.5371111670374142,-0.006781379840749734
2000-03-21,1.0,0.0,0.0,1.0,2.24,4.0,18.343,1604.0,101.2057,8.75,5.9,1.5,2.7,8.989,5.75,0.2400000000000002,0.0,-0.2920000000000016,-32.0,-0.15850000000000364,0.25,0.0,0.0,0.0,0.0,0.25,1413.8108901853325,102.77786654077396,-0.9147088395681457,0.0628827585954995
2000-05-16,1.0,0.0,0.0,1.0,2.22,4.0,17.943,1575.0,100.9432,9.0,12.8,7.5,2.5,9.251,6.0,-0.020000000000000018,0.0,-0.3999999999999986,-29.0,-0.26249999999998863,0.25,6.9,6.0,-0.20000000000000018,0.2619999999999987,0.25,1506.9837646595065,103.78271991973774,-1.5788144290624404,0.12229426307452843
2000-06-28,1.0,0.0,0.0,1.0,2.27,4.0,17.596,1559.0,100.7791,9.5,12.8,7.5,2.5,9.251,6.5,0.08999999999999986,0.20000000000000018,-0.34299999999999997,-67.0,-0.30929999999999325,0.5,0.0,0.0,0.0,0.0,0.5,1413.969163959507,112.12316478896223,0.8348183001992211,-0.10877071880081046
2000-08-22,1.0,0.0,0.0,0.0,2.32,4.1,17.531,1541.0,100.3819,9.5,9.9,0.4,2.4,9.37,6.5,0.04999999999999982,0.09999999999999964,-0.06500000000000128,-18.0,-0.397199999999998,0.0,-2.9000000000000004,-7.1,-0.10000000000000009,0.11899999999999977,0.0,1463.0550927554502,106.61419479935259,0.11634867819885127,0.08439794576392957
2000-10-03,1.0,0.0,0.0,0.0,2.39,3.9,18.654,1507.0,100.1312,9.5,9.9,0.4,2.4,9.37,6.5,0.07000000000000028,-0.19999999999999973,1.123000000000001,-34.0,-0.2506999999999948,0.0,0.0,0.0,0.0,0.0,0.0,1491.4202835264887,109.88705796264237,-0.27198126784204074,0.10295518221163591
2000-11-15,1.0,0.0,0.0,0.0,2.45,3.9,16.634,1551.0,99.48232,9.5,-3.9,2.4,2.2,9.546,6.5,0.06000000000000005,0.0,-2.0199999999999996,44.0,-0.6488800000000055,0.0,-13.8,2.0,-0.19999999999999973,0.17600000000000016,0.0,1443.341056448438,114.24013456607908,-1.1427093625393068,0.0472765451979814
2000-12-19,1.0,0.0,0.0,0.0,2.5,3.9,16.222,1532.0,99.10956,9.5,-3.9,2.4,2.2,9.546,6.5,0.08000000000000007,0.0,-1.291999999999998,-17.0,-0.7184000000000026,0.0,0.0,0.0,0.0,0.0,0.0,1408.8742295051347,117.47220891573613,-1.380194870842565,-0.046002278401553166
2001-01-31,1.0,1.0,0.0,0.0,2.52,4.2,17.652,1600.0,98.76899,9.0,-4.9,-1.3,2.7,9.499,6.5,0.020000000000000018,0.30000000000000027,1.4299999999999997,68.0,-0.3405699999999996,-0.5,-1.0000000000000004,-3.7,0.5,-0.04699999999999882,0.0,1332.4708867466068,114.17567086267954,-0.24907591951948796,-0.10821538902996648
2001-03-20,1.0,1.0,0.0,-1.0,2.5,4.3,17.248,1590.0,98.33782,8.5,-4.9,-1.3,2.7,9.499,5.5,-0.020000000000000018,0.09999999999999964,-0.4039999999999999,-10.0,-0.4311700000000087,-0.5,0.0,0.0,0.0,0.0,-1.0,1382.3926542456754,110.7694814970999,-3.004656046810081,0.02609223150766219
2001-05-15,1.0,1.0,1.0,-1.0,2.59,4.3,16.876,1605.0,98.22443,7.5,-11.2,2.5,2.4,9.459,5.0,0.08999999999999986,0.0,-0.3719999999999999,15.0,-0.11338999999999544,-1.0,-6.299999999999999,3.8,-0.30000000000000027,-0.040000000000000924,-0.5,1114.6258187638678,115.82195298422867,2.772212258228213,-0.012079283749009814
2001-06-27,1.0,1.0,1.0,-1.0,2.67,4.5,17.464,1636.0,98.20039,7.0,-11.2,2.5,2.4,9.459,4.0,0.08000000000000007,0.09999999999999964,0.5919999999999987,-13.0,-0.05150000000000432,-0.5,0.0,0.0,0.0,0.0,-1.0,1273.334058565988,115.18752293442235,-0.45479327915415957,0.08501312593198711
2001-08-21,1.0,1.0,1.0,-1.0,2.65,4.9,16.348,1567.0,98.09113,6.75,-19.0,-1.6,1.6,9.098,3.75,-0.020000000000000018,0.40000000000000036,-1.1159999999999997,-69.0,-0.10925999999999192,-0.25,-7.800000000000001,-4.1,-0.7999999999999998,-0.3609999999999989,-0.25,1222.5727951141887,120.17008829341593,-0.5401544986257028,-0.08434992957983055
2001-10-02,1.0,1.0,1.0,-1.0,2.53,5.0,16.365,1562.0,98.04958,6.0,-19.0,-1.6,1.6,9.098,3.5,-0.1200000000000001,0.09999999999999964,0.01699999999999946,-5.0,-0.041550000000000864,-0.75,0.0,0.0,0.0,0.0,-0.25,1238.0264060500472,115.31613452025134,-4.06080045810091,-0.04674441913934066
2001-11-06,1.0,1.0,1.0,-1.0,2.5,5.3,22.055,1540.0,98.10048,5.5,-13.2,1.1,1.3,9.086,2.5,-0.029999999999999805,0.2999999999999998,5.690000000000001,-22.0,0.05089999999999861,-1.0,5.800000000000001,2.7,-0.30000000000000004,-0.012000000000000455,-1.0,1045.6994055204543,113.07723341405593,0.7000295112990166,0.029727066996803202
2001-12-11,1.0,1.0,0.0,-1.0,2.37,5.7,16.465,1568.0,98.53629,5.0,-13.2,1.1,1.3,9.086,2.0,-0.1299999999999999,0.40000000000000036,-5.59,28.0,0.4358099999999894,-0.5,0.0,0.0,0.0,0.0,-0.5,1072.5798780962332,114.11564990727588,1.4958606551681308,0.052686865406534306
2002-01-30,1.0,1.0,0.0,-1.0,2.24,5.7,16.523,1698.0,98.84505,4.75,9.0,3.4,1.3,9.05,1.75,-0.22999999999999998,0.20000000000000018,-1.5079999999999991,96.0,0.5752600000000001,-0.25,22.2,2.3,0.0,-0.03599999999999959,-0.25,1146.7348324693603,115.66954947834465,-0.03294263502477575,0.03272842194935443
2002-03-19,1.0,1.0,0.0,0.0,2.22,5.7,17.107,1642.0,99.35823,4.75,9.0,3.4,1.3,9.05,1.75,-0.020000000000000018,0.0,0.5839999999999996,-56.0,0.5131800000000055,0.0,0.0,0.0,0.0,0.0,0.0,1110.165621123848,118.96502475417424,0.3324923635949706,-0.006262256759722236
2002-05-07,1.0,1.0,0.0,0.0,2.17,5.9,17.668,1592.0,99.45026,4.75,12.4,2.5,1.4,9.15,1.75,-0.050000000000000266,0.20000000000000018,0.5609999999999999,-50.0,0.09202999999999406,0.0,3.4000000000000004,-0.8999999999999999,0.09999999999999987,0.09999999999999964,0.0,1173.892277575963,118.37344192350753,-1.5723850557851502,-0.03917249501807936
2002-06-26,1.0,1.0,0.0,0.0,2.01,5.8,16.953,1717.0,99.19807,4.75,12.4,2.5,1.4,9.15,1.75,-0.16000000000000014,-0.10000000000000053,-0.7149999999999999,125.0,-0.2521899999999988,0.0,0.0,0.0,0.0,0.0,0.0,1094.2862653634706,115.18505713979805,-1.1937094737607492,-0.09227330807801633
2002-08-13,1.0,1.0,0.0,0.0,2.0,5.7,18.449,1633.0,98.61288,4.75,1.3,1.6,1.9,9.199,1.75,-0.009999999999999787,-0.09999999999999964,1.4960000000000022,-84.0,-0.5851899999999972,0.0,-11.1,-0.8999999999999999,0.5,0.04899999999999949,0.0,1030.9250305534329,108.90299767388238,-3.7052490238995204,-0.07427104893970285
2002-09-24,1.0,1.0,0.0,0.0,2.07,5.7,16.665,1804.0,98.33202,4.75,1.3,1.6,1.9,9.199,1.75,0.040000000000000036,-0.09999999999999964,-1.4819999999999993,149.0,-0.583209999999994,0.0,0.0,0.0,0.0,0.0,0.0,885.819268687157,107.02681541057548,0.6201674954226221,0.00661213407521935
2002-11-06,1.0,1.0,0.0,0.0,2.08,5.7,16.259,1648.0,98.11066,4.75,-5.8,0.5,2.3,9.132,1.75,0.010000000000000231,0.0,-0.4059999999999988,-156.0,-0.22136000000000422,0.0,-7.1,-1.1,0.3999999999999999,-0.06700000000000017,0.0,860.9962195998579,107.37670584527731,-0.11126181566877506,0.00842617958960178
2002-12-10,1.0,1.0,0.0,-1.0,2.1,6.0,17.866,1788.0,97.86587,4.25,-5.8,0.5,2.3,9.132,1.25,0.020000000000000018,0.2999999999999998,1.6069999999999993,140.0,-0.24478999999999473,-0.5,0.0,0.0,0.0,0.0,-0.5,856.2154977893589,107.72186482233631,1.5488353906274723,-0.046073153106648654
2003-01-29,1.0,1.0,0.0,0.0,2.08,5.8,16.708,1853.0,97.79422,4.25,-1.2,2.1,2.0,9.048,1.25,0.020000000000000018,-0.10000000000000053,0.18799999999999883,100.0,-0.17001000000000488,0.0,4.6,1.6,-0.2999999999999998,-0.08399999999999963,0.0,907.3135461975392,106.23333405260286,-0.06484367336046155,-0.11410899553976912
2003-03-18,1.0,1.0,0.0,0.0,1.99,5.9,16.467,1726.0,97.79614,4.25,-1.2,2.1,2.0,9.048,1.25,-0.09000000000000008,0.10000000000000053,-0.24099999999999966,-127.0,0.0019199999999983675,0.0,0.0,0.0,0.0,0.0,0.0,880.471794731502,100.3078069004909,-1.218586078717035,-0.024746017229637048
2003-05-06,1.0,1.0,0.0,0.0,1.84,6.0,16.751,1643.0,97.92918,4.25,0.7,3.6,1.4,8.932,1.25,-0.1499999999999999,0.09999999999999964,0.2840000000000025,-83.0,0.13304000000000826,0.0,1.9,1.5,-0.6000000000000001,-0.11599999999999966,0.0,830.3136342232093,99.97075370481615,1.486235975597693,-0.008505031492518711
2003-06-25,1.0,1.0,0.0,0.0,1.74,6.3,17.013,1867.0,98.44179,4.25,0.7,3.6,1.4,8.932,1.25,-0.10000000000000009,0.2999999999999998,0.26200000000000045,224.0,0.5126099999999951,0.0,0.0,0.0,0.0,0.0,0.0,902.9559591643791,97.1220748591303,1.7521020454386724,-0.10285954067983342
2003-08-12,1.0,1.0,0.0,-1.0,1.8,6.1,18.262,1833.0,99.15644,4.0,11.4,6.8,2.3,8.941,1.0,0.06000000000000005,-0.20000000000000018,1.2489999999999988,-34.0,0.714650000000006,-0.25,10.700000000000001,3.1999999999999997,0.8999999999999999,0.009000000000000341,-0.25,993.1603875295598,93.15306563034565,-0.08813474947925624,0.07033159541619387
2003-09-16,1.0,1.0,0.0,0.0,1.75,6.1,17.286,1939.0,99.55997,4.0,11.4,6.8,2.3,8.941,1.0,-0.020000000000000018,-0.10000000000000053,0.16900000000000048,42.0,0.7801900000000046,0.0,0.0,0.0,0.0,0.0,0.0,977.1209369786268,95.55596064855723,0.6660374507917928,0.05325516673669777
2003-10-28,1.0,1.0,0.0,0.0,1.73,6.0,16.489,1967.0,99.9688,4.0,19.2,4.7,2.5,9.048,1.0,-0.07000000000000006,-0.09999999999999964,-1.7729999999999997,134.0,0.8123599999999982,0.0,7.799999999999999,-2.0999999999999996,0.20000000000000018,0.10699999999999932,0.0,1010.657172135071,98.41723142636516,0.5287299933421179,-0.1428305417686282
2003-12-09,1.0,1.0,0.0,0.0,1.74,5.7,17.357,2057.0,100.6686,4.0,19.2,4.7,2.5,9.048,1.0,0.010000000000000009,-0.2999999999999998,0.8679999999999986,90.0,0.6997999999999962,0.0,0.0,0.0,0.0,0.0,0.0,1038.750210492698,92.53526581520856,0.2847088204188111,-0.027445397926570414
2004-01-28,1.0,1.0,0.0,0.0,1.81,5.7,16.695,1911.0,100.9089,4.0,9.4,2.3,2.9,9.042,1.0,0.07000000000000006,-0.09999999999999964,-0.8679999999999986,-172.0,0.5593999999999966,0.0,-9.799999999999999,-2.4000000000000004,0.3999999999999999,-0.006000000000000227,0.0,1051.6105773041404,89.74784354663089,1.6856945467591598,-0.07608915586796029
2004-03-16,1.0,1.0,0.0,0.0,1.88,5.8,17.247,1998.0,101.1195,4.0,9.4,2.3,2.9,9.042,1.0,0.06999999999999984,0.09999999999999964,0.5519999999999996,87.0,0.21059999999999945,0.0,0.0,0.0,0.0,0.0,0.0,1136.0683404307292,86.41194577770798,0.28485652433176106,0.017948899302006667
2004-05-04,1.0,1.0,0.0,0.0,2.11,5.6,16.898,2003.0,101.1215,4.0,8.6,3.1,3.3,9.065,1.0,0.22999999999999998,-0.20000000000000018,-0.3490000000000002,5.0,0.001999999999995339,0.0,-0.8000000000000007,0.8000000000000003,0.3999999999999999,0.022999999999999687,0.0,1123.5235638003787,87.8515892621461,0.19609159543578467,0.044664003485795384
2004-06-30,1.0,1.0,0.0,0.0,2.33,5.6,16.173,1828.0,101.0013,4.0,8.6,3.1,3.3,9.065,1.0,0.2200000000000002,0.0,-0.7250000000000014,-175.0,-0.12019999999999698,0.0,0.0,0.0,0.0,0.0,0.0,1093.4552823429553,91.06711751586826,0.8048393990461803,-0.04130282963145228
2004-08-10,1.0,1.0,0.0,1.0,2.2,5.4,17.157,2024.0,100.7758,4.25,1.3,3.8,2.6,9.098,1.25,-0.1299999999999999,-0.1999999999999993,0.9840000000000018,196.0,-0.2254999999999967,0.25,-7.3,0.6999999999999997,-0.6999999999999997,0.03300000000000125,0.25,1143.6335405180503,89.03999414401817,-0.984962322020023,-0.011082930183621295
2004-09-21,1.0,1.0,0.0,1.0,2.19,5.4,17.875,1905.0,100.6715,4.5,1.3,3.8,2.6,9.098,1.5,-0.06999999999999984,-0.09999999999999964,0.565999999999999,-97.0,-0.22330000000000894,0.25,0.0,0.0,0.0,0.0,0.25,1077.2650147467646,89.16449841860675,0.7139476260229053,-0.006892320286648914
2004-11-10,1.0,1.0,0.0,1.0,2.25,5.4,17.362,1782.0,100.5721,4.75,9.8,4.1,3.1,9.138,1.75,0.06000000000000005,0.0,-0.5130000000000017,-123.0,-0.09939999999998861,0.25,8.5,0.2999999999999998,0.5,0.03999999999999915,0.25,1123.153373288868,89.37386549180493,-0.16218166424623576,-0.07491177241158785
2004-12-14,1.0,1.0,0.0,1.0,2.27,5.4,18.102,2042.0,100.5588,5.0,9.8,4.1,3.1,9.138,2.0,0.06000000000000005,-0.09999999999999964,0.588000000000001,-30.0,-0.04189999999999827,0.25,0.0,0.0,0.0,0.0,0.25,1101.2004100972065,87.04727916691182,1.9626749741390914,-0.11166530930766765
2005-02-02,1.0,1.0,0.0,1.0,2.37,5.3,16.889,2144.0,100.5247,5.25,7.7,4.5,3.2,9.321,2.25,0.10000000000000009,-0.10000000000000053,-1.213000000000001,102.0,-0.034100000000009345,0.25,-2.1000000000000005,0.40000000000000036,0.10000000000000009,0.18299999999999983,0.25,1202.4339419662667,81.15472206668622,-0.3780313730828328,0.0399336293860949
2005-03-22,1.0,1.0,0.0,1.0,2.39,5.2,17.413,1864.0,100.3844,5.5,7.7,4.5,3.2,9.321,2.5,0.020000000000000018,-0.09999999999999964,0.5240000000000009,-280.0,-0.14029999999999632,0.25,0.0,0.0,0.0,0.0,0.25,1175.372678276473,84.34552192032847,0.8298360367969194,-0.040110539180071646
2005-05-03,1.0,1.0,0.0,1.0,2.29,5.2,17.756,2061.0,100.3262,5.75,9.2,2.0,2.9,9.445,2.75,-0.10000000000000009,0.0,0.34299999999999997,197.0,-0.05819999999999936,0.25,1.4999999999999991,-2.5,-0.30000000000000027,0.12400000000000055,0.25,1213.1855117333123,82.16010740159082,-1.232968287133421,0.049716406947197506
2005-06-30,1.0,1.0,0.0,1.0,2.18,5.0,18.482,2068.0,100.3446,6.0,9.2,2.0,2.9,9.445,3.0,-0.10999999999999988,-0.20000000000000018,0.7259999999999991,7.0,0.01839999999999975,0.25,0.0,0.0,0.0,0.0,0.25,1160.2278349017624,84.29112392551119,1.0670139693506406,0.09109664725141298
2005-08-09,1.0,1.0,0.0,1.0,2.29,4.9,17.418,2095.0,100.4646,6.25,-0.1,3.2,3.7,9.557,3.25,0.10999999999999988,-0.09999999999999964,-1.064,27.0,0.12000000000000455,0.25,-9.299999999999999,1.2000000000000002,0.8000000000000003,0.1120000000000001,0.25,1193.6561250659356,88.61470102241623,0.7631996514743539,0.02423210335892016
2005-09-20,1.0,1.0,0.0,1.0,2.39,5.0,16.927,2151.0,100.5708,6.5,-0.1,3.2,3.7,9.557,3.5,0.14000000000000012,0.0,-4.208000000000002,97.0,0.1770000000000067,0.25,0.0,0.0,0.0,0.0,0.25,1232.738865792798,89.31996581149575,-0.22015253521804123,-0.05059268601791054
2005-11-01,1.0,1.0,0.0,1.0,2.45,5.0,15.336,2065.0,100.724,6.75,13.0,2.2,3.3,9.686,3.75,0.06000000000000005,0.0,-1.5909999999999993,-86.0,0.15319999999999823,0.25,13.1,-1.0,-0.40000000000000036,0.12899999999999956,0.25,1240.8190667184765,86.73895065352548,-1.1012224681118374,0.07431632218972158
2005-12-13,1.0,1.0,0.0,1.0,2.44,4.9,17.174,1994.0,101.0851,7.0,13.0,2.2,3.3,9.686,4.0,-0.010000000000000231,-0.09999999999999964,1.8379999999999992,-71.0,0.3610999999999933,0.25,0.0,0.0,0.0,0.0,0.25,1173.4640244566972,89.52546725677887,1.910281172045931,0.05422415748341532
2006-01-31,1.0,1.0,0.0,1.0,2.39,4.7,18.081,2273.0,101.2209,7.25,17.2,5.5,2.9,9.852,4.25,-0.04999999999999982,-0.20000000000000018,0.907,279.0,0.13580000000000325,0.25,4.199999999999999,3.3,-0.3999999999999999,0.16600000000000037,0.25,1258.8880248372736,91.69367603359007,0.37368744289266476,-0.05605069993400613
2006-03-28,1.0,1.0,0.0,1.0,2.38,4.7,16.96,1969.0,101.3353,7.5,17.2,5.5,2.9,9.852,4.5,-0.010000000000000231,0.0,-1.1209999999999987,-304.0,0.11440000000000339,0.25,0.0,0.0,0.0,0.0,0.25,1268.8093667065605,89.98980577265144,0.5180952436684059,0.0033336807180472518
2006-05-10,1.0,1.0,0.0,1.0,2.61,4.6,16.729,1942.0,101.2415,7.75,7.6,1.0,3.5,9.957,4.75,0.22999999999999998,-0.10000000000000053,-0.23100000000000165,-27.0,-0.09380000000000166,0.25,-9.6,-4.5,0.6000000000000001,0.10500000000000043,0.25,1294.1876912675243,90.79941328096693,0.2319878800656924,-0.0686780643999555
2006-06-29,1.0,1.0,0.0,1.0,2.78,4.6,16.9,1802.0,101.1834,8.0,7.6,1.0,3.5,9.957,5.0,0.3099999999999996,-0.10000000000000053,-0.2270000000000003,-19.0,-0.12199999999999989,0.25,0.0,0.0,0.0,0.0,0.25,1317.4415728854533,84.78736729978607,-1.5002759354104132,0.012999418969790772
2006-08-08,1.0,1.0,0.0,1.0,2.79,4.7,17.662,1737.0,101.1506,8.25,-0.5,0.6,2.8,10.126,5.25,0.010000000000000231,0.10000000000000053,0.7620000000000005,-65.0,-0.03280000000000882,0.25,-8.1,-0.4,-0.7000000000000002,0.1689999999999987,0.25,1246.507817347622,86.01461229373483,0.32289165835864514,-0.0037449726997488245
2006-09-20,1.0,1.0,0.0,0.0,2.78,4.5,16.974,1720.0,101.2318,8.25,-0.5,0.6,2.8,10.126,5.25,-0.010000000000000231,-0.20000000000000018,-0.6879999999999988,-17.0,0.08120000000000971,0.0,0.0,0.0,0.0,0.0,0.0,1258.6955045359848,85.4170375628168,1.0323573391491567,-0.004255795498980819
2006-10-25,1.0,1.0,0.0,0.0,2.71,4.4,16.865,1491.0,101.3309,8.25,16.1,3.5,1.4,10.254,5.25,-0.1499999999999999,-0.2999999999999998,0.40700000000000003,-159.0,0.16620000000000346,0.0,16.6,2.9,-1.4,0.1280000000000001,0.0,1290.2624136111583,84.93112422557664,1.3396993830727673,0.033780074723173674
2006-12-12,1.0,1.0,0.0,0.0,2.67,4.4,17.107,1649.0,101.5729,8.25,16.1,3.5,1.4,10.254,5.25,-0.040000000000000036,0.0,0.24200000000000088,158.0,0.24200000000000443,0.0,0.0,0.0,0.0,0.0,0.0,1362.8428210035459,87.2417562765092,0.7776429943685085,-0.075181583041928
2007-01-31,1.0,1.0,0.0,0.0,2.71,4.6,16.896,1409.0,101.6933,8.25,8.2,1.2,3.9,10.399,5.25,0.040000000000000036,0.1999999999999993,-0.21099999999999852,-240.0,0.1203999999999894,0.0,-7.900000000000002,-2.3,2.5,0.14499999999999957,0.0,1408.0764235290667,82.69172488196466,0.3822312080936132,0.0481249931727036
2007-03-21,1.0,1.0,0.0,0.0,2.77,4.4,16.438,1495.0,101.9305,8.25,8.2,1.2,3.9,10.399,5.25,0.06000000000000005,-0.1999999999999993,-0.45800000000000196,86.0,0.2372000000000014,0.0,0.0,0.0,0.0,0.0,0.0,1448.3996469081437,85.17385824148637,-0.7258913264439795,-0.02752506493523011
2007-05-09,1.0,1.0,0.0,0.0,2.51,4.4,16.661,1415.0,102.1308,8.25,6.2,2.5,2.8,10.469,5.25,-0.26000000000000023,0.0,0.22300000000000253,-80.0,0.2002999999999986,0.0,-1.9999999999999991,1.3,-1.1,0.07000000000000028,0.0,1388.2038611184712,83.96123261704126,2.0144312833744276,-0.049040238187561036
2007-06-28,1.0,1.0,0.0,0.0,2.41,4.6,16.179,1448.0,102.1754,8.25,6.2,2.5,2.8,10.469,5.25,-0.25,0.09999999999999964,-0.43599999999999994,-42.0,0.13100000000000023,0.0,0.0,0.0,0.0,0.0,0.0,1499.758044074695,81.6725986930135,0.5391721613147987,0.021648957618269224
2007-08-07,1.0,1.0,0.0,0.0,2.35,4.7,15.837,1354.0,102.1619,8.25,13.1,2.3,2.2,10.595,5.25,-0.06000000000000005,0.10000000000000053,-0.34199999999999875,-94.0,-0.013499999999993406,0.0,6.8999999999999995,-0.20000000000000018,-0.5999999999999996,0.12600000000000122,0.0,1516.6960158390993,83.09288884891821,0.019709950854655045,-0.05606290693970959
2007-09-18,1.0,1.0,0.0,0.0,2.38,4.7,16.532,1183.0,101.979,8.25,13.1,2.3,2.2,10.595,5.25,0.029999999999999805,0.0,0.6950000000000003,-171.0,-0.18290000000000362,0.0,0.0,0.0,0.0,0.0,0.0,1489.5217711781145,80.67115768773516,-0.8138473681818179,0.0017522498997753118
2007-10-31,1.0,1.0,0.0,-1.0,2.47,4.7,16.455,1264.0,101.8585,7.75,9.5,2.5,1.6,10.703,4.75,0.17000000000000037,0.10000000000000053,0.07599999999999696,-66.0,-0.22860000000000014,-0.5,-3.5999999999999996,0.20000000000000018,-0.6000000000000001,0.10799999999999876,-0.5,1471.6515507491636,80.40178489784283,1.6197319364669696,-0.0583971905002628
2007-12-11,1.0,1.0,0.0,-1.0,2.63,5.0,16.03,1037.0,101.6082,7.5,9.5,2.5,1.6,10.703,4.5,0.1599999999999997,0.2999999999999998,-0.42499999999999716,-227.0,-0.25030000000000996,-0.25,0.0,0.0,0.0,0.0,-0.25,1550.2739512562184,77.98144751128692,-2.2452643588234946,-0.059209057520828876
2008-01-30,1.0,1.0,1.0,-1.0,2.56,5.0,15.705,1084.0,101.4798,6.5,6.5,-1.7,1.5,10.639,4.25,-0.10000000000000009,0.2999999999999998,-0.6489999999999991,-113.0,-0.2511000000000081,-1.0,-3.0,-4.2,-0.10000000000000009,-0.06400000000000006,-0.25,1522.4704409263786,76.75571171521533,-2.981533347741567,-0.009915034654488562
2008-03-18,1.0,1.0,1.0,-1.0,2.48,5.1,15.114,1005.0,101.1644,6.0,6.5,-1.7,1.5,10.639,3.0,-0.08000000000000007,0.09999999999999964,-0.5909999999999993,-79.0,-0.3153999999999968,-1.25,0.0,0.0,0.0,0.0,-1.25,1352.3253495929187,76.85414761619815,-0.3703766194054347,-0.05620125592811813
2008-04-30,1.0,1.0,1.0,-1.0,2.51,5.0,14.605,1013.0,100.9555,5.25,12.3,2.4,2.0,10.645,2.25,0.06999999999999984,0.09999999999999964,-0.8859999999999992,-90.0,-0.37640000000000384,-0.75,5.800000000000001,4.1,0.5,0.006000000000000227,-0.75,1298.5022906530621,73.11966326194535,1.3917304308068896,-0.031000566065285805
2008-06-25,1.0,1.0,1.0,-1.0,2.6,5.6,14.377,1046.0,100.2811,5.0,12.3,2.4,2.0,10.645,2.0,0.0900000000000003,0.5999999999999996,-0.22799999999999976,33.0,-0.6744000000000057,-0.25,0.0,0.0,0.0,0.0,-0.25,1415.937520121028,72.82497015015248,-0.9990886020240731,0.005850176408534779
2008-08-05,1.0,1.0,1.0,0.0,2.69,5.8,13.006,923.0,99.7437,5.0,-1.8,-2.1,3.0,10.418,2.0,0.08999999999999986,0.20000000000000018,-1.3710000000000004,-123.0,-0.537399999999991,0.0,-14.100000000000001,-4.5,1.0,-0.2270000000000003,0.0,1362.5368550542821,73.30931308673303,-2.6319352740009165,-0.020393373631617605
2008-09-16,1.0,1.0,1.0,0.0,2.57,6.1,12.961,820.0,98.20311,5.0,-1.8,-2.1,3.0,10.418,2.0,-0.1200000000000001,0.2999999999999998,-0.04499999999999993,-103.0,-1.5405900000000088,0.0,0.0,0.0,0.0,0.0,0.0,1268.939212171575,71.84127942228437,0.17571075415505252,0.13818369756931043
2008-10-29,1.0,1.0,1.0,0.0,2.44,6.5,10.933,777.0,97.27612,4.5,-21.5,-8.5,1.0,9.548,2.0,-0.20000000000000018,0.40000000000000036,-3.186,-67.0,-1.7702999999999918,-0.5,-19.7,-6.4,-2.0,-0.8699999999999992,0.0,1338.73773313856,76.96334533690305,-7.576462551125345,0.09694572784155081
2008-12-16,1.0,1.0,1.0,-1.0,2.21,7.3,10.383,560.0,95.64251,4.0,-21.5,-8.5,1.0,9.548,1.0,-0.22999999999999998,0.7999999999999998,-0.5500000000000007,-217.0,-1.6336100000000044,-0.5,0.0,0.0,0.0,0.0,-1.0,945.1804875701147,84.46864063481392,-1.9082573296827645,0.057060396698297086
2009-01-28,1.0,0.0,1.0,-1.0,2.22,7.8,9.786,490.0,95.10123,3.25,-28.3,-4.5,-0.3,9.155,0.12,-0.1299999999999999,1.0,-0.7400000000000002,-162.0,-1.2875899999999945,-0.75,-6.800000000000001,4.0,-1.3,-0.3930000000000007,-0.88,884.3465051238746,84.78125896988524,-0.12311774394338419,-0.0558197079590011
2009-03-18,1.0,0.0,1.0,0.0,2.14,8.7,9.748,505.0,94.76417,3.25,-28.3,-4.5,-0.3,9.155,0.12,-0.08000000000000007,0.8999999999999995,-0.038000000000000256,15.0,-0.33706000000000813,0.0,0.0,0.0,0.0,0.0,0.0,882.0631895525867,84.27247041090793,-3.2262837715942734,0.0831283150655516
2009-04-29,1.0,0.0,1.0,0.0,2.08,9.0,9.379,478.0,94.97569,3.25,2.7,-0.7,-0.7,8.827,0.12,-0.14000000000000012,0.6999999999999993,0.1559999999999988,-104.0,0.17315999999999576,0.0,31.0,3.8,-0.39999999999999997,-0.3279999999999994,0.0,698.348508808316,87.82452601118135,3.4830959791493052,-0.06641815398359854
2009-06-24,1.0,0.0,1.0,0.0,1.86,9.5,10.149,585.0,95.86977,3.25,2.7,-0.7,-0.7,8.827,0.12,-0.21999999999999997,0.5,0.7699999999999996,107.0,0.8940800000000024,0.0,0.0,0.0,0.0,0.0,0.0,871.9338798184236,84.74554905725357,1.3432010207943235,-0.10959444359785356
2009-08-12,1.0,0.0,0.0,0.0,1.6,9.6,14.754,586.0,96.97207,3.25,15.6,1.4,0.5,8.691,0.12,-0.26,0.09999999999999964,4.605,1.0,1.1022999999999996,0.0,12.899999999999999,2.0999999999999996,1.2,-0.13599999999999923,0.0,893.2858497934417,80.8174474761139,1.4677526830867336,-0.042726894901124995
2009-09-23,1.0,0.0,0.0,0.0,1.48,9.8,9.535,585.0,97.5008,3.25,15.6,1.4,0.5,8.691,0.12,-0.14000000000000012,0.3000000000000007,-2.0310000000000006,-9.0,1.082729999999998,0.0,0.0,0.0,0.0,0.0,0.0,981.8334250498149,79.09899600636018,1.0783263945797301,-0.03160433045516487
2009-11-04,1.0,0.0,0.0,0.0,1.5,10.0,10.576,534.0,97.98605,3.25,23.9,4.4,1.3,8.698,0.12,0.020000000000000018,0.1999999999999993,1.0410000000000004,-51.0,0.48525000000000773,0.0,8.299999999999999,3.0000000000000004,0.8,0.006999999999999673,0.0,1031.1350895657722,77.42594591682128,1.0411776761682274,-0.03683513528358466
2009-12-16,1.0,0.0,0.0,0.0,1.36,9.9,11.284,581.0,98.83804,3.25,23.9,4.4,1.3,8.698,0.12,-0.1399999999999999,-0.09999999999999964,0.7080000000000002,47.0,0.8519900000000007,0.0,0.0,0.0,0.0,0.0,0.0,1065.2110461824602,75.80080144521753,0.7588075640714342,-0.012119684776536003
2010-01-27,1.0,0.0,0.0,0.0,1.2,9.8,10.893,614.0,99.19005,3.25,9.3,1.9,1.2,8.708,0.12,-0.17999999999999994,-0.09999999999999964,-0.1479999999999997,26.0,0.7599299999999971,0.0,-14.599999999999998,-2.5000000000000004,-0.10000000000000009,0.009999999999999787,0.0,1091.8752314113426,75.67328591373308,1.0108855485881816,0.04743015819834472
2010-03-16,1.0,0.0,0.0,0.0,1.0,9.9,11.772,636.0,99.62489,3.25,9.3,1.9,1.2,8.708,0.12,-0.19999999999999996,0.09999999999999964,0.8789999999999996,22.0,0.4348399999999941,0.0,0.0,0.0,0.0,0.0,0.0,1099.0508700147993,77.89814137208293,0.08882101371259706,0.06382275872931034
2010-04-28,1.0,0.0,0.0,0.0,0.93,9.9,11.454,687.0,99.69469,3.25,9.1,3.9,2.0,8.742,0.12,-0.15000000000000002,0.09999999999999964,1.1390000000000011,83.0,0.24361999999999284,0.0,-0.20000000000000107,2.0,0.8,0.034000000000000696,0.0,1119.2607028504474,80.31406092284804,1.7046342359839552,0.01605220858329164
2010-06-23,1.0,0.0,0.0,0.0,0.81,9.4,11.598,536.0,99.59248,3.25,9.1,3.9,2.0,8.742,0.12,-0.12,-0.5,0.14400000000000013,-151.0,-0.10220999999999947,0.0,0.0,0.0,0.0,0.0,0.0,1195.6230979085756,82.05513767917955,-2.738397912829056,0.12392914801374144
2010-08-10,1.0,0.0,0.0,0.0,0.85,9.5,12.014,599.0,99.51852,3.25,11.9,3.1,1.2,8.671,0.12,0.039999999999999925,0.09999999999999964,0.4159999999999986,63.0,-0.07395999999999958,0.0,2.8000000000000007,-0.7999999999999998,-0.8,-0.0710000000000015,0.0,1079.0532870926556,87.1397374321169,0.1366264075251335,-0.11024167945765362
2010-09-21,1.0,0.0,0.0,0.0,0.88,9.5,11.922,594.0,99.58582,3.25,11.9,3.1,1.2,8.671,0.12,0.030000000000000027,0.09999999999999964,-0.0259999999999998,48.0,0.06095999999999435,0.0,0.0,0.0,0.0,0.0,0.0,1105.9055583681504,81.52641785995286,-0.4524947767003762,0.029135854487032778
2010-11-03,1.0,0.0,0.0,0.0,0.8,9.4,12.414,543.0,99.71458,3.25,11.4,2.1,2.3,8.434,0.12,-0.07999999999999996,-0.09999999999999964,0.4919999999999991,-51.0,0.12875999999999976,0.0,-0.5,-1.0,1.0999999999999999,-0.2370000000000001,0.0,1100.4511032400517,82.90902240841454,1.7087423976555056,-0.13226221750654463
2010-12-14,1.0,0.0,0.0,0.0,0.89,9.3,12.605,539.0,100.0884,3.25,11.4,2.1,2.3,8.434,0.12,0.08999999999999997,-0.09999999999999964,0.19100000000000072,-4.0,0.37381999999999493,0.0,0.0,0.0,0.0,0.0,0.0,1180.5221684301664,76.37202739264946,0.5785969350852272,0.06941336589111857
2011-01-26,1.0,0.0,0.0,0.0,1.0,9.1,12.806,630.0,100.2521,3.25,3.5,-0.9,2.1,8.205,0.12,0.15000000000000002,-0.7000000000000011,0.5059999999999985,85.0,0.3566500000000019,0.0,-7.9,-3.0,-0.19999999999999973,-0.2289999999999992,0.0,1202.2420256558028,80.29746054203736,1.7620829658078419,-0.00940799993838815
2011-03-15,1.0,0.0,0.0,0.0,1.29,9.0,13.259,600.0,100.3488,3.25,3.5,-0.9,2.1,8.205,0.12,0.29000000000000004,-0.09999999999999964,0.4530000000000012,-30.0,0.09669999999999845,0.0,0.0,0.0,0.0,0.0,0.0,1286.0025163324651,78.91033072925637,0.8962641069018609,-0.03924376578806119
2011-04-27,1.0,0.0,0.0,0.0,1.42,9.1,13.326,554.0,100.2435,3.25,6.9,2.7,2.7,8.044,0.12,0.26,0.09999999999999964,0.245000000000001,37.0,-0.10739999999999839,0.0,3.4000000000000004,3.6,0.6000000000000001,-0.1609999999999996,0.0,1305.2481687730588,77.0920072005147,0.2824383795511124,-0.0413405735410532
2011-06-22,1.0,0.0,0.0,0.0,1.62,9.1,11.886,608.0,99.77991,3.25,6.9,2.7,2.7,8.044,0.12,0.20000000000000018,0.0,-1.4400000000000013,54.0,-0.4635899999999964,0.0,0.0,0.0,0.0,0.0,0.0,1364.8191778405303,74.09756146561443,-1.4242179708559648,0.016646863682592432
2011-08-09,1.0,0.0,0.0,0.0,1.79,9.0,12.604,585.0,99.25172,3.25,5.6,-0.1,2.4,7.533,0.12,0.16999999999999993,-0.09999999999999964,0.718,-23.0,-0.528189999999995,0.0,-1.3000000000000007,-2.8000000000000003,-0.30000000000000027,-0.5110000000000001,0.0,1279.7927432027411,75.18399303090585,1.0197079802512146,-0.014462368065390061
2011-09-21,1.0,0.0,0.0,0.0,1.84,9.0,13.356,650.0,99.12444,3.25,5.6,-0.1,2.4,7.533,0.12,0.14000000000000012,0.0,0.6359999999999992,27.0,-0.369189999999989,0.0,0.0,0.0,0.0,0.0,0.0,1279.762306281408,73.64315749673862,-2.832546563603309,0.03635184315149281
2011-11-02,1.0,0.0,0.0,0.0,1.93,8.8,13.73,610.0,99.14287,3.25,3.1,4.6,0.5,7.339,0.12,0.08999999999999986,-0.1999999999999993,0.37400000000000055,-40.0,0.01842999999999506,0.0,-2.4999999999999996,4.699999999999999,-1.9,-0.19399999999999995,0.0,1156.0806466936078,76.62404748679968,0.9363487751232847,0.021873840821079307
2011-12-13,1.0,0.0,0.0,0.0,2.06,8.5,13.798,694.0,99.50371,3.25,3.1,4.6,0.5,7.339,0.12,0.13000000000000012,-0.3000000000000007,0.06799999999999962,84.0,0.36083999999999605,0.0,0.0,0.0,0.0,0.0,0.0,1245.796741873469,75.80402760088813,-0.5430915137328473,0.0600716383128268
2012-01-25,1.0,0.0,0.0,0.0,2.09,8.3,14.395,723.0,99.72057,3.25,5.0,3.4,2.4,7.264,0.12,0.09999999999999987,-0.29999999999999893,0.6519999999999992,12.0,0.43376999999999555,0.0,1.9,-1.1999999999999997,1.9,-0.07500000000000018,0.0,1204.8379076204756,78.61248425854063,1.7092472383400619,0.051059277803039246
2012-03-13,1.0,0.0,0.0,0.0,2.02,8.2,14.594,695.0,99.93271,3.25,5.0,3.4,2.4,7.264,0.12,-0.06999999999999984,-0.10000000000000142,0.19899999999999984,-28.0,0.2121400000000051,0.0,0.0,0.0,0.0,0.0,0.0,1295.7321431487426,80.39927330643518,1.5943635323467584,-0.037058521666134374
2012-04-25,1.0,0.0,0.0,0.0,1.99,8.2,14.769,753.0,99.90459,3.25,4.0,1.8,1.7,7.183,0.12,-0.030000000000000027,-0.10000000000000142,-0.20599999999999952,49.0,0.03195999999999799,0.0,-1.0,-1.5999999999999999,-0.7,-0.0810000000000004,0.0,1373.4718596397358,79.111858308708,0.4827877790615469,0.013305127821304871
2012-06-20,1.0,0.0,0.0,0.0,1.9,8.2,14.467,757.0,99.69522,3.25,4.0,1.8,1.7,7.183,0.12,-0.09000000000000008,0.0,-0.3019999999999996,4.0,-0.20936999999999273,0.0,0.0,0.0,0.0,0.0,0.0,1394.9651561428086,78.50517119316716,-2.0405790552667002,0.09097888701506887
2012-08-01,1.0,0.0,0.0,0.0,1.84,8.2,14.38,740.0,99.60623,3.25,2.5,0.6,2.2,6.939,0.12,-0.05999999999999983,0.0,-0.08699999999999974,-17.0,-0.08899000000000967,0.0,-1.5,-1.2000000000000002,0.5000000000000002,-0.24399999999999977,0.0,1305.5012560202863,81.94132747478298,1.2666687305576396,0.0247158291276451
2012-09-13,1.0,0.0,0.0,0.0,1.79,7.8,15.099,847.0,99.60523,3.25,2.5,0.6,2.2,6.939,0.12,-0.050000000000000044,-0.39999999999999947,0.7189999999999994,107.0,-0.000999999999990564,0.0,0.0,0.0,0.0,0.0,0.0,1360.0041799209598,83.54293575614649,1.1858241076898117,-0.042277106061264176
2012-10-24,1.0,0.0,0.0,0.0,1.78,7.8,14.83,915.0,99.67945,3.25,0.4,0.5,2.0,6.728,0.12,-0.010000000000000009,-0.2999999999999998,0.38599999999999923,161.0,0.10746000000000322,0.0,-2.1,-0.09999999999999998,-0.20000000000000018,-0.2110000000000003,0.0,1418.138946064983,81.098060540795,0.7497603555579375,-0.038983415154612164
2012-12-12,1.0,0.0,0.0,0.0,1.62,7.9,15.462,976.0,99.89803,3.25,0.4,0.5,2.0,6.728,0.12,-0.15999999999999992,0.10000000000000053,0.6319999999999997,61.0,0.21858000000000288,0.0,0.0,0.0,0.0,0.0,0.0,1429.4312927656042,79.82773781181326,-0.8380993767298582,0.018156655308633186
2013-01-30,1.0,0.0,0.0,0.0,1.57,8.0,15.813,888.0,100.04,3.25,2.1,4.0,1.6,6.729,0.12,-0.1299999999999999,0.2999999999999998,0.3570000000000011,55.0,0.26381000000000654,0.0,1.7000000000000002,3.5,-0.3999999999999999,0.001000000000000334,0.0,1400.7064008381894,79.9071038345806,1.5094440152506792,-0.0008061532142682661
2013-03-20,1.0,0.0,0.0,0.0,1.56,7.5,15.721,1010.0,100.3071,3.25,2.1,4.0,1.6,6.729,0.12,-0.010000000000000009,-0.5,-0.09200000000000053,122.0,0.2670999999999992,0.0,0.0,0.0,0.0,0.0,0.0,1490.327491086832,79.0227075750146,0.92217718191943,0.06553723652284564
2013-05-01,1.0,0.0,0.0,0.0,1.42,7.6,15.811,835.0,100.4213,3.25,3.7,1.1,0.9,6.648,0.12,-0.14000000000000012,0.09999999999999964,0.08999999999999986,-175.0,0.11419999999999675,0.0,1.6,-2.9,-0.7000000000000001,-0.0810000000000004,0.0,1540.7415060826127,82.51542010583141,0.6365394755523989,0.0026605805657831235
2013-06-19,1.0,0.0,0.0,0.0,1.5,7.5,16.149,839.0,100.6236,3.25,3.7,1.1,0.9,6.648,0.12,0.08000000000000007,-0.09999999999999964,0.33800000000000097,4.0,0.20229999999999393,0.0,0.0,0.0,0.0,0.0,0.0,1585.173640261779,82.78085560442665,1.4883601661675712,0.0039020140497821793
2013-07-31,1.0,0.0,0.0,0.0,1.55,7.3,16.021,880.0,100.6774,3.25,3.5,3.5,2.0,6.623,0.12,0.15000000000000013,-0.20000000000000018,0.13700000000000045,-50.0,0.14300000000000068,0.0,-0.20000000000000018,2.4,1.1,-0.024999999999999467,0.0,1605.7210970597855,81.80318423687196,1.1922578187443422,0.027413027296176676
2013-09-18,1.0,0.0,0.0,0.0,1.52,7.2,15.857,850.0,100.7212,3.25,3.5,3.5,2.0,6.623,0.12,-0.030000000000000027,-0.09999999999999964,-0.16400000000000148,-30.0,0.04379999999999029,0.0,0.0,0.0,0.0,0.0,0.0,1703.7904916856849,81.78548332199034,-1.174973183058474,-0.00210069581481086
2013-10-30,1.0,0.0,0.0,0.0,1.52,7.2,15.727,925.0,100.7246,3.25,12.0,3.5,2.1,6.492,0.12,-0.020000000000000018,0.0,-0.09999999999999964,8.0,0.015900000000002024,0.0,8.5,0.0,0.10000000000000009,-0.13100000000000023,0.0,1653.1449698456388,82.10861090473728,1.4116295386527415,-0.05100281070785612
2013-12-18,1.0,0.0,0.0,0.0,1.65,6.7,15.835,1002.0,100.721,3.25,12.0,3.5,2.1,6.492,0.12,0.1299999999999999,-0.5,0.10800000000000054,77.0,-0.00359999999999161,0.0,0.0,0.0,0.0,0.0,0.0,1746.4447625552873,79.85309153430063,1.269520099951163,0.02088961633579011
2014-01-29,1.0,0.0,0.0,0.0,1.63,6.6,15.614,888.0,100.7091,3.25,-3.8,-1.4,1.5,6.314,0.12,0.039999999999999813,-0.3000000000000007,-0.46499999999999986,-212.0,-0.019099999999994566,0.0,-15.8,-4.9,-0.6000000000000001,-0.17799999999999994,0.0,1789.8625586405722,80.19736557715277,1.1422022470429536,0.013251061638468993
2014-03-19,0.0,0.0,0.0,0.0,1.59,6.7,16.985,970.0,100.7724,3.25,-3.8,-1.4,1.5,6.314,0.12,-0.039999999999999813,0.10000000000000053,1.3709999999999987,82.0,0.06329999999999814,0.0,0.0,0.0,0.0,0.0,0.0,1786.731006063973,81.17816152804814,1.4842248063789425,-0.027121406427439942
2014-04-30,0.0,0.0,0.0,0.0,1.72,6.2,16.695,1043.0,100.83,3.25,8.9,5.3,2.3,6.272,0.12,0.1499999999999999,-0.5,0.702,99.0,0.10389999999999588,0.0,12.7,6.699999999999999,0.7999999999999998,-0.041999999999999815,0.0,1866.44717057611,79.83290286572323,-0.23246494879604002,0.0015955767137463884
2014-06-18,0.0,0.0,0.0,0.0,1.72,6.1,17.516,911.0,100.9181,3.25,8.9,5.3,2.3,6.272,0.12,0.0,-0.10000000000000053,0.820999999999998,-132.0,0.08809999999999718,0.0,0.0,0.0,0.0,0.0,0.0,1854.9325867564078,79.50104275011837,1.4900559565355833,0.0202192152206402
2014-07-30,0.0,0.0,0.0,0.0,1.73,6.2,17.277,1085.0,100.9373,3.25,1.7,5.0,1.7,6.277,0.12,-0.040000000000000036,-0.09999999999999964,0.14000000000000057,78.0,0.05659999999998888,0.0,-7.2,-0.2999999999999998,-0.5999999999999999,0.004999999999999893,0.0,1930.947113792919,80.47901278983869,1.0205694134693033,-0.004470062137027686
2014-09-17,0.0,0.0,0.0,0.0,1.7,5.9,16.959,1023.0,100.9306,3.25,1.7,5.0,1.7,6.277,0.12,-0.030000000000000027,-0.2999999999999998,-0.3180000000000014,-62.0,-0.006699999999995043,0.0,0.0,0.0,0.0,0.0,0.0,1947.0150426776515,80.33411290224593,0.9287614042303934,0.059055124694071426
2014-10-29,0.0,0.0,0.0,0.0,1.68,5.7,16.756,1074.0,100.9024,3.25,3.4,2.0,0.4,6.165,0.12,-0.010000000000000009,-0.39999999999999947,-0.48300000000000054,90.0,-0.03860000000000241,0.0,1.7,-3.0,-1.2999999999999998,-0.1120000000000001,0.0,2029.9970978007523,83.4120946454716,-2.4325040031217253,0.05315647753804032
2014-12-17,0.0,0.0,0.0,0.0,1.6,5.6,17.178,1073.0,100.7878,3.25,3.4,2.0,0.4,6.165,0.12,-0.07999999999999985,-0.10000000000000053,0.4220000000000006,-1.0,-0.11459999999999582,0.0,0.0,0.0,0.0,0.0,0.0,1940.8385124968486,85.40850496718232,3.0660524858806215,0.07288660012708675
2015-01-28,0.0,0.0,0.0,0.0,1.49,5.7,16.91,1085.0,100.6969,3.25,-3.1,3.6,-0.2,6.06,0.12,-0.1499999999999999,-0.09999999999999964,-0.03900000000000148,84.0,-0.15980000000000416,0.0,-6.5,1.6,-0.6000000000000001,-0.10500000000000043,0.0,2064.5382574138152,87.75379786137178,-0.6273834707442938,0.09142900147244923
2015-03-18,0.0,0.0,0.0,0.0,1.55,5.4,17.896,960.0,100.4792,3.25,-3.1,3.6,-0.2,6.06,0.12,0.06000000000000005,-0.2999999999999998,0.9860000000000007,-125.0,-0.21769999999999357,0.0,0.0,0.0,0.0,0.0,0.0,2020.6549368101066,93.15726472906185,1.7372145129419188,0.05954413936373691
2015-04-29,0.0,0.0,0.0,0.0,1.57,5.4,17.693,1190.0,100.3682,3.25,1.1,2.5,2.3,6.097,0.12,0.020000000000000018,-0.09999999999999964,0.8020000000000032,304.0,-0.22239999999999327,0.0,4.2,-1.1,2.5,0.03700000000000081,0.0,2080.59896605121,97.24536125620546,0.0792209540150918,0.024381926850651946
2015-06-17,0.0,0.0,0.0,0.0,1.57,5.3,17.889,1205.0,100.1227,3.25,1.1,2.5,2.3,6.097,0.12,0.0,-0.10000000000000053,0.19599999999999795,15.0,-0.24550000000000693,0.0,0.0,0.0,0.0,0.0,0.0,2104.9782311470326,96.18824850165265,0.11015790731846706,-0.014909440707346051
2015-07-29,0.0,0.0,0.0,0.0,1.55,5.2,18.318,1146.0,99.96289,3.25,-3.2,1.6,1.1,6.057,0.12,0.0,-0.39999999999999947,0.3890000000000029,67.0,-0.28780999999999324,0.0,-4.300000000000001,-0.8999999999999999,-1.1999999999999997,-0.040000000000000036,0.0,2098.941224784896,95.07879496892566,-0.07647476731852769,0.030772248675222776
2015-09-17,0.0,0.0,0.0,0.0,1.56,5.0,18.281,1224.0,99.61057,3.25,-3.2,1.6,1.1,6.057,0.12,0.010000000000000009,-0.20000000000000018,-0.037000000000002586,78.0,-0.35232000000000596,0.0,0.0,0.0,0.0,0.0,0.0,2148.5663782156357,97.76922510772931,-4.103322548782937,-0.04438724242224206
2015-10-28,0.0,0.0,0.0,0.0,1.52,5.0,18.27,1058.0,99.46815,3.25,-0.5,0.7,0.0,6.007,0.12,-0.050000000000000044,-0.09999999999999964,-0.12099999999999866,-72.0,-0.3153199999999998,0.0,2.7,-0.9000000000000001,-1.1,-0.05000000000000071,0.0,1932.8283162055238,96.13819625373773,1.3031593113940105,-0.02313248739728045
2015-12-16,0.0,0.0,0.0,0.0,1.48,5.0,17.503,1146.0,99.2442,3.25,-0.5,0.7,0.0,6.007,0.12,-0.040000000000000036,0.0,-0.7669999999999995,88.0,-0.22394999999998788,0.0,0.0,0.0,0.0,0.0,0.0,2058.0953480129,95.99622240213935,0.5801196739214074,0.08207127587051456
2016-01-27,0.0,0.0,0.0,1.0,1.6,4.8,18.054,1092.0,99.1592,3.5,-1.1,2.3,-0.3,5.927,0.38,0.1100000000000001,-0.2999999999999998,-0.26000000000000156,-80.0,-0.18925000000000125,0.25,-0.6000000000000001,1.5999999999999999,-0.3,-0.08000000000000007,0.26,2111.3931827804768,98.63455802220412,-3.588261059408055,-0.0011293882384473394
2016-03-16,0.0,0.0,0.0,0.0,1.62,5.0,17.291,1111.0,99.07903,3.5,-1.1,2.3,-0.3,5.927,0.38,0.020000000000000018,0.20000000000000018,-0.7629999999999981,19.0,-0.08016999999999541,0.0,0.0,0.0,0.0,0.0,0.0,1863.3103446549665,98.90265347797606,1.903781420340194,-0.041993916070673626
2016-04-27,0.0,0.0,0.0,0.0,1.64,5.1,17.669,1163.0,99.07615,3.5,3.1,1.3,2.7,5.798,0.38,0.04999999999999982,0.1999999999999993,-0.4269999999999996,-62.0,-0.024640000000005102,0.0,4.2,-0.9999999999999998,3.0,-0.12899999999999956,0.0,1973.2452956613429,97.78445733089939,2.2660474275189983,-0.07674404293691571
2016-06-15,0.0,0.0,0.0,0.0,1.66,4.9,17.735,1203.0,99.07256,3.5,3.1,1.3,2.7,5.798,0.38,0.020000000000000018,-0.1999999999999993,0.06599999999999895,40.0,-0.0035900000000026466,0.0,0.0,0.0,0.0,0.0,0.0,2072.417461161448,94.0716633862525,0.17551156408364227,0.01672268155368477
2016-07-27,0.0,0.0,0.0,1.0,1.67,4.8,18.109,1239.0,99.08393,3.5,6.7,2.9,1.0,5.731,0.4,-0.010000000000000009,0.0,0.4140000000000015,91.0,0.00782999999999845,0.0,3.6,1.5999999999999999,-1.7000000000000002,-0.06700000000000017,0.020000000000000018,2075.771344861116,94.18409205868467,0.9530794235235621,0.042011887571486405
2016-09-21,0.0,0.0,0.0,0.0,1.74,5.0,17.956,1068.0,99.20682,3.5,6.7,2.9,1.0,5.731,0.4,0.07000000000000006,0.20000000000000018,-0.15300000000000225,-171.0,0.12288999999999817,0.0,0.0,0.0,0.0,0.0,0.0,2180.254592788594,96.40944262188628,-0.26386924515616017,-0.028245916683661578
2016-11-02,0.0,0.0,0.0,0.0,1.82,4.9,17.954,1313.0,99.33022,3.5,-3.0,2.2,1.9,5.708,0.4,0.08000000000000007,-0.09999999999999964,-0.0019999999999988916,245.0,0.12340000000000373,0.0,-9.7,-0.6999999999999997,0.8999999999999999,-0.022999999999999687,0.0,2163.9534223599644,94.66498883686297,-0.44644666690728046,0.06505279482461797
2016-12-14,0.0,0.0,0.0,0.0,1.91,4.7,18.277,1252.0,99.63734,3.5,-3.0,2.2,1.9,5.708,0.4,0.08999999999999986,-0.20000000000000018,0.3230000000000004,-61.0,0.3071199999999976,0.0,0.0,0.0,0.0,0.0,0.0,2110.7148567910986,97.34599906297132,1.8245536720602245,0.07656604643469245
2017-02-01,0.0,1.0,0.0,1.0,1.95,4.7,17.652,1190.0,99.76431,3.75,10.1,2.0,2.1,5.647,0.65,0.040000000000000036,0.0,-0.625,-62.0,0.12697000000000003,0.25,13.1,-0.20000000000000018,0.20000000000000018,-0.06099999999999994,0.25,2233.108220833754,102.07671912093757,0.9088439766503478,-0.009156437549042247
2017-03-15,0.0,1.0,0.0,0.0,1.84,4.4,17.061,1190.0,99.88908,3.75,10.1,2.0,2.1,5.647,0.65,-0.10999999999999988,-0.2999999999999998,-0.5910000000000011,0.0,0.12477000000001226,0.0,0.0,0.0,0.0,0.0,0.0,2252.871837677388,100.27981865866619,2.5153602943521287,0.019734305312386978
2017-05-03,0.0,1.0,0.0,1.0,1.78,4.4,17.166,1146.0,99.90274,4.0,1.4,2.3,1.1,5.556,0.9,-0.06000000000000005,0.0,0.10500000000000043,-44.0,0.013659999999987349,0.25,-8.7,0.2999999999999998,-1.0,-0.09100000000000019,0.25,2374.5731306132684,101.24698948175273,-0.5763865565650591,-0.027915762057290117
2017-06-14,0.0,1.0,0.0,0.0,1.68,4.3,17.13,1249.0,99.92577,4.0,1.4,2.3,1.1,5.556,0.9,-0.10000000000000009,-0.10000000000000053,-0.036000000000001364,103.0,0.023030000000005657,0.0,0.0,0.0,0.0,0.0,0.0,2347.481127258775,100.35336065384492,1.570467129320325,-0.06990317911699095
2017-07-26,0.0,1.0,0.0,1.0,1.64,4.3,17.237,1206.0,99.95693,4.25,2.4,3.2,2.1,5.52,1.15,-0.040000000000000036,-0.10000000000000053,0.1559999999999988,49.0,0.04693000000000325,0.25,1.0,0.9000000000000004,1.0,-0.036000000000000476,0.2499999999999999,2423.6795042344174,97.64547491692834,0.3534778430495998,-0.03982921505846348
2017-09-20,0.0,1.0,0.0,0.0,1.63,4.3,18.313,1181.0,100.1326,4.25,2.4,3.2,2.1,5.52,1.15,-0.010000000000000009,0.0,1.0760000000000005,-25.0,0.17566999999999666,0.0,0.0,0.0,0.0,0.0,0.0,2467.3305566256317,93.97317956997718,-0.21043912413938862,-0.03549384671570511
2017-11-01,0.0,1.0,0.0,0.0,1.63,4.2,18.482,1257.0,100.2557,4.25,10.8,4.6,2.5,5.541,1.15,0.0,-0.09999999999999964,0.16900000000000048,76.0,0.12310000000000798,0.0,8.4,1.3999999999999995,0.3999999999999999,0.021000000000000796,0.0,2461.39462800988,91.83564376041559,2.166520555936131,0.037327204905605815
2017-12-13,0.0,1.0,0.0,0.0,1.66,4.1,17.887,1177.0,100.5045,4.25,10.8,4.6,2.5,5.541,1.15,0.030000000000000027,-0.10000000000000053,-0.5949999999999989,-80.0,0.24879999999998859,0.0,0.0,0.0,0.0,0.0,0.0,2551.764248965088,94.25648307375037,1.3518386057461396,-0.01546475854950218
2018-01-31,0.0,1.0,0.0,1.0,1.72,4.0,17.176,1299.0,100.6268,4.5,2.6,3.3,2.6,5.579,1.42,0.06000000000000005,-0.09999999999999964,-0.7110000000000021,122.0,0.12230000000000985,0.25,-8.200000000000001,-1.2999999999999998,0.10000000000000009,0.03799999999999937,0.27,2613.5420622477686,94.27739435627174,3.611124846673099,-0.06782619274495462
2018-03-21,1.0,1.0,0.0,0.0,1.79,4.0,17.662,1318.0,100.8117,4.5,2.6,3.3,2.6,5.579,1.42,0.07000000000000006,0.0,0.48600000000000065,19.0,0.18489999999999895,0.0,0.0,0.0,0.0,0.0,0.0,2791.9620743141104,89.57531269217539,-1.70574545040142,0.006466182168262054
2018-05-02,1.0,1.0,0.0,1.0,1.76,4.0,17.584,1276.0,100.8373,4.75,2.2,2.1,2.9,5.629,1.7,-0.030000000000000027,0.0,-0.0779999999999994,-42.0,0.02559999999999718,0.25,-0.3999999999999999,-1.1999999999999997,0.2999999999999998,0.04999999999999982,0.28,2728.4596172598067,89.85980586416814,-1.9104116495991759,0.003501409031066098
2018-06-13,1.0,1.0,0.0,0.0,1.9,4.0,17.743,1192.0,100.7822,4.75,2.2,2.1,2.9,5.629,1.7,0.1399999999999999,0.0,0.15899999999999892,-84.0,-0.05509999999999593,0.0,0.0,0.0,0.0,0.0,0.0,2652.676891496876,89.95451887219187,1.6033104561255225,0.09459539304873
2018-08-01,1.0,1.0,0.0,1.0,1.93,3.8,17.629,1208.0,100.7105,5.0,-4.9,2.5,1.7,5.636,1.9,0.030000000000000027,-0.20000000000000018,-0.11399999999999721,16.0,-0.07170000000000698,0.25,-7.1000000000000005,0.3999999999999999,-1.2,0.007000000000000561,0.19999999999999996,2743.912297486743,94.06064048719566,0.8299771927827809,0.014678834697755985
2018-09-26,1.0,1.0,0.0,0.0,1.94,3.7,17.776,1250.0,100.4742,5.0,-4.9,2.5,1.7,5.636,1.92,0.010000000000000009,-0.09999999999999964,0.14699999999999847,42.0,-0.23629999999999995,0.0,0.0,0.0,0.0,0.0,0.020000000000000018,2818.3640975639414,95.4714271877475,1.7187969940930534,-0.007174732907988993
2018-11-08,1.0,1.0,0.0,1.0,1.96,3.8,17.991,1221.0,100.2887,5.25,1.7,0.6,1.7,5.604,2.2,0.020000000000000018,0.09999999999999964,0.21499999999999986,-29.0,-0.18549999999999045,0.25,6.6000000000000005,-1.9,0.0,-0.03200000000000003,0.28000000000000025,2965.037690181828,94.38157137524692,-4.9293683723729025,0.036656332609425524
2018-12-19,1.0,1.0,0.0,0.0,2.02,3.9,18.077,1095.0,99.84918,5.25,1.7,0.6,1.7,5.604,2.2,0.06000000000000005,0.10000000000000009,0.08600000000000207,-126.0,-0.4395200000000017,0.0,0.0,0.0,0.0,0.0,0.0,2737.5124230632996,96.22590622298743,-1.0400354404892085,0.01723345898740961
2019-01-30,1.0,1.0,0.0,1.0,1.92,4.0,16.91,1232.0,99.64113,5.5,4.4,2.2,1.4,5.636,2.4,-0.10000000000000009,0.20000000000000018,-1.1509999999999998,51.0,-0.43156999999999357,0.25,2.7,1.6,-0.30000000000000004,0.03200000000000003,0.19999999999999973,2619.332996501441,97.26827660166558,-1.5002877309134963,-0.027475154411987668
2019-03-20,1.0,1.0,0.0,0.0,2.0,3.8,17.732,1195.0,99.32806,5.5,4.4,2.2,1.4,5.636,2.4,0.08000000000000007,-0.20000000000000018,0.8219999999999992,-37.0,-0.3130700000000104,0.0,0.0,0.0,0.0,0.0,0.0,2657.1740519103014,95.89697523477345,2.9168211536622115,0.021427907605864206
2019-05-01,1.0,1.0,0.0,0.0,2.12,3.6,16.868,1267.0,99.20252,5.5,-2.8,3.4,2.0,5.627,2.4,0.1200000000000001,-0.19999999999999973,-0.8640000000000008,72.0,-0.12553999999998666,0.0,-7.2,1.1999999999999997,0.6000000000000001,-0.009000000000000341,0.0,2762.4626180175615,96.68325909376112,3.027538461656064,0.011484289587322885
2019-06-19,1.0,1.0,0.0,-1.0,2.0,3.6,17.815,1228.0,98.97952,5.5,-2.8,3.4,2.0,5.627,2.35,-0.1200000000000001,0.0,0.9470000000000027,-39.0,-0.2230000000000132,0.0,0.0,0.0,0.0,0.0,-0.04999999999999982,2936.7781078929925,97.85359595148151,-2.584596860184987,-0.010429193289549386
2019-07-31,1.0,1.0,0.0,0.0,2.04,3.7,17.731,1245.0,98.89021,5.5,0.6,4.6,1.2,5.603,2.35,0.020000000000000018,0.0,-0.2959999999999994,-62.0,-0.195990000000009,0.0,3.4,1.1999999999999997,-0.8,-0.02400000000000002,0.0,2818.6980802616263,96.98196664386347,4.1671305208422655,-0.0010874895438993573
2019-09-18,1.0,1.0,0.0,-1.0,2.01,3.5,17.746,1300.0,98.82976,5.25,0.6,4.6,1.2,5.603,2.1,-0.03000000000000025,-0.20000000000000018,0.014999999999997016,55.0,-0.060450000000003,-0.25,0.0,0.0,0.0,0.0,-0.25,2966.4251478266515,97.52204100244732,-1.2166443327973127,0.019294041688813986
2019-10-30,1.0,1.0,0.0,-1.0,2.02,3.6,17.087,1332.0,98.8852,5.0,1.4,2.6,1.3,5.52,1.8,-0.020000000000000018,-0.10000000000000009,-0.772000000000002,-35.0,0.054710000000000036,-0.25,0.7999999999999999,-1.9999999999999996,0.10000000000000009,-0.08300000000000018,-0.30000000000000004,2965.2302093541457,98.8351913609136,0.14810487833107014,-0.012229449788731353
2019-12-11,1.0,1.0,0.0,-1.0,1.93,3.6,17.551,1551.0,99.05483,4.75,1.4,2.6,1.3,5.52,1.55,-0.09000000000000008,0.0,0.46399999999999864,219.0,0.16962999999999795,-0.25,0.0,0.0,0.0,0.0,-0.25,2974.812995487363,97.69105820072596,3.4570354148287117,0.00926125031343957
2020-01-29,1.0,1.0,0.0,0.0,1.98,3.5,16.841,1572.0,99.09734,4.75,-15.4,-5.3,1.9,5.328,1.55,0.050000000000000044,-0.10000000000000009,-0.7530000000000001,226.0,0.1261300000000034,0.0,-16.8,-7.9,0.5999999999999999,-0.19199999999999928,0.0,3113.6790166961505,97.64794506263293,3.9052296564804867,-0.010579355545626497
2020-03-15,1.0,1.0,1.0,1.0,1.88,4.4,11.736,1267.0,97.66722,4.25,-15.4,-5.3,1.9,5.328,1.6,-0.10000000000000009,0.9000000000000004,-5.105,-305.0,-1.4301200000000023,-0.5,0.0,0.0,0.0,0.0,0.050000000000000044,3385.2350829545467,97.87682885485053,-4.993553322413402,0.010769567846447932
2020-04-29,1.0,1.0,1.0,-1.0,1.74,14.7,8.834,925.0,92.62319,3.25,-61.5,-28.0,-1.6,1.589,0.1,-0.24,11.2,-8.192,-640.0,-6.4449400000000026,-1.5,-46.1,-22.7,-3.5,-3.7390000000000003,-1.5,2759.7341294496955,97.71071345880581,-2.5723711782750853,0.057240717336866705
2020-06-10,1.0,1.0,0.0,0.0,1.8,11.0,13.545,1266.0,96.17052,3.25,-61.5,-28.0,-1.6,1.589,0.1,0.06000000000000005,-3.6999999999999993,4.711,341.0,3.5473300000000023,0.0,0.0,0.0,0.0,0.0,0.0,2771.1211037097864,100.05090823093309,4.567554411043216,-0.018000736719361175
2020-07-29,1.0,1.0,0.0,0.0,1.85,10.2,15.279,1529.0,97.72092,3.25,62.0,34.8,3.6,1.278,0.1,0.030000000000000027,-3.0,2.7300000000000004,475.0,3.3989600000000024,0.0,123.5,62.8,5.2,-0.31099999999999994,0.0,3067.126854471665,97.6676158919183,2.313718455362589,-0.025989681793226412
2020-09-16,1.0,1.0,0.0,0.0,1.86,7.9,16.77,1463.0,98.72652,3.25,62.0,34.8,3.6,1.278,0.1,0.010000000000000009,-2.299999999999999,1.4909999999999997,-66.0,1.005599999999987,0.0,0.0,0.0,0.0,0.0,0.0,3210.645255696053,94.72881576554204,5.471465021951829,-0.048138383828706915
2020-11-05,1.0,1.0,0.0,0.0,1.79,6.9,16.663,1537.0,99.08319,3.25,25.8,4.2,2.8,1.252,0.1,-0.07000000000000006,-1.0,-0.10699999999999932,74.0,0.35667000000000826,0.0,-36.2,-30.599999999999998,-0.8000000000000003,-0.026000000000000023,0.0,3329.931713955514,93.48204123780545,2.2708292031768145,-0.002110574665738252
2020-12-16,1.0,1.0,0.0,0.0,1.71,6.7,17.052,1663.0,99.89468,3.25,25.8,4.2,2.8,1.252,0.1,-0.08000000000000007,-0.20000000000000018,0.38899999999999935,126.0,0.811489999999992,0.0,0.0,0.0,0.0,0.0,0.0,3359.729332276631,93.84475495261935,6.3201856295091225,-0.049620366132088055
2021-01-27,1.0,0.0,0.0,0.0,1.7,6.3,16.629,1602.0,100.2705,3.25,0.9,5.2,5.3,1.231,0.1,-0.020000000000000018,-0.40000000000000036,0.2240000000000002,57.0,0.7931700000000035,0.0,-24.900000000000002,1.0,2.5,-0.020999999999999908,0.0,3639.7020150417306,91.08117866977034,3.0346134612463067,-0.022294650462527047
2021-03-17,1.0,0.0,0.0,0.0,1.81,6.1,18.287,1700.0,100.9771,3.25,0.9,5.2,5.3,1.231,0.1,0.1100000000000001,-0.20000000000000018,1.6579999999999977,98.0,0.7065999999999946,0.0,0.0,0.0,0.0,0.0,0.0,3811.6327241475365,90.3507738312485,1.4262146863547034,0.01572901308037191
2021-04-28,1.0,0.0,0.0,0.0,1.94,6.1,18.502,1484.0,101.2526,3.25,2.0,6.2,6.2,1.214,0.1,0.22999999999999998,-0.10000000000000053,2.4259999999999984,62.0,0.605400000000003,0.0,1.1,1.0,0.9000000000000004,-0.017000000000000126,0.0,3794.732642056461,91.61890941125078,7.001773525035734,0.014171125859099592
2021-06-16,1.0,0.0,0.0,0.0,2.08,5.9,15.996,1661.0,101.3408,3.25,2.0,6.2,6.2,1.214,0.1,0.14000000000000012,-0.1999999999999993,-2.5059999999999985,177.0,0.0882000000000005,0.0,0.0,0.0,0.0,0.0,0.0,4165.104379467341,91.28315802195131,0.6574317950829014,-0.029476273812838818
2021-07-28,1.0,0.0,0.0,1.0,2.13,5.4,15.306,1593.0,101.2905,3.25,1.5,3.3,6.0,1.209,0.15,0.1200000000000001,-0.39999999999999947,-2.261000000000001,-7.0,-0.043100000000009686,0.0,-0.5,-2.9000000000000004,-0.20000000000000018,-0.004999999999999893,0.04999999999999999,4185.008604185185,89.89477377260047,3.3775991991614225,0.06117556939019382
2021-09-22,1.0,0.0,0.0,0.0,2.46,4.8,12.747,1560.0,101.1544,3.25,1.5,3.3,6.0,1.209,0.15,0.33000000000000007,-0.6000000000000005,-2.5589999999999993,-33.0,-0.136099999999999,0.0,0.0,0.0,0.0,0.0,0.0,4400.22680002963,92.63678795844801,2.2141738507337494,0.0001631504213477695
2021-11-03,1.0,0.0,0.0,0.0,2.75,4.5,13.25,1572.0,101.109,3.25,24.2,7.0,7.1,1.217,0.15,0.29000000000000004,-0.2999999999999998,0.5030000000000001,12.0,-0.04540000000000077,0.0,22.7,3.7,1.0999999999999996,0.008000000000000007,0.0,4443.794556159596,92.48213500517122,0.056969365046696,0.03594318356962766
2021-12-15,1.0,0.0,0.0,0.0,3.33,3.9,13.244,1787.0,101.0232,3.25,24.2,7.0,7.1,1.217,0.15,0.5800000000000001,-0.6000000000000001,-0.006000000000000227,215.0,-0.08579999999999188,0.0,0.0,0.0,0.0,0.0,0.0,4567.170581007406,93.27832977051315,1.8626960989517811,0.06426985988027611
2022-01-26,1.0,0.0,0.0,0.0,3.71,4.0,14.798,1669.0,100.9425,3.25,-4.6,-2.0,8.4,1.217,0.15,0.6499999999999999,-0.20000000000000018,1.2449999999999992,-43.0,-0.12950000000000728,0.0,-28.799999999999997,-9.0,1.3000000000000007,0.0,0.0,4612.187336054545,96.41960242607361,2.278124161463689,-0.016071668681160056
2022-03-16,1.0,0.0,0.0,0.0,3.99,3.6,14.049,1713.0,100.6459,3.25,-4.6,-2.0,8.4,1.217,0.15,0.28000000000000025,-0.3999999999999999,-0.7490000000000006,44.0,-0.296599999999998,0.0,0.0,0.0,0.0,0.0,0.0,4560.605000642424,95.2078778455013,-5.05112527581474,0.0437698198683585
2022-05-04,1.0,0.0,0.0,1.0,4.03,3.6,14.486,1803.0,100.414,3.5,10.6,-0.6,9.1,1.238,0.4,0.040000000000000036,0.0,0.43700000000000117,90.0,-0.231899999999996,0.25,15.2,1.4,0.6999999999999993,0.020999999999999908,0.25,4364.659939284848,97.94690968552378,1.6366409494187097,0.05418371098933598
2022-06-15,1.0,0.0,0.0,1.0,4.63,3.6,13.748,1561.0,99.8346,4.0,10.6,-0.6,9.1,1.238,0.9,0.5999999999999996,0.0,-0.7380000000000013,-242.0,-0.5794000000000068,0.5,0.0,0.0,0.0,0.0,0.5,4295.192651971244,102.05053891268643,-6.007318340633931,0.018078893912686002
2022-07-27,1.0,0.0,0.0,1.0,4.72,3.5,13.965,1371.0,99.57693,4.75,16.2,2.7,4.5,1.271,1.65,0.47999999999999954,-0.10000000000000009,0.5649999999999995,-172.0,-0.552669999999992,0.75,5.6,3.3000000000000003,-4.6,0.03299999999999992,0.7499999999999999,4048.6532833418137,101.52154180867102,-5.532163408688299,0.12242958442538227
2022-09-21,1.0,0.0,0.0,1.0,4.98,3.5,14.191,1463.0,99.20307,5.5,16.2,2.7,4.5,1.271,2.4,0.2600000000000007,0.0,0.22600000000000087,92.0,-0.37386000000000763,0.75,0.0,0.0,0.0,0.0,0.75,4139.380627842635,105.46330778590757,-1.6727065128531786,0.08032242760604638
2022-11-02,1.0,0.0,0.0,1.0,4.98,3.7,15.157,1432.0,99.06164,6.25,-3.5,2.6,3.9,1.323,3.15,0.0,0.20000000000000018,0.9659999999999993,-31.0,-0.14142999999999972,0.75,-19.7,-0.10000000000000009,-0.6000000000000001,0.052000000000000046,0.75,3954.554628040183,109.51268015646372,-6.745575930040975,0.07231676099139991
2022-12-14,1.0,0.0,0.0,1.0,4.86,3.5,14.048,1357.0,98.87978,7.0,-3.5,2.6,3.9,1.323,3.9,-0.1200000000000001,-0.20000000000000018,-1.109,-75.0,-0.18186000000000035,0.75,0.0,0.0,0.0,0.0,0.75,3677.2856670820183,113.3919447927764,7.755824913429698,-0.17052062703287693
2023-02-01,1.0,0.0,0.0,1.0,4.78,3.4,15.605,1340.0,98.84712,7.5,6.8,2.2,3.9,1.392,4.4,-0.08000000000000007,-0.10000000000000009,1.5570000000000004,-17.0,-0.032659999999992806,0.5,10.3,-0.3999999999999999,0.0,0.06899999999999995,0.5000000000000004,3917.4269860067343,105.36123165554471,0.011470264180721506,-0.05956433694067728
2023-03-22,1.0,0.0,0.0,1.0,4.82,3.5,15.441,1380.0,98.84515,7.75,6.8,2.2,3.9,1.392,4.65,0.040000000000000036,0.10000000000000009,-0.1639999999999997,40.0,-0.0019700000000000273,0.25,0.0,0.0,0.0,0.0,0.25,4107.6328321647,101.81789211697048,-2.7638311112879967,0.0665016158321867
2023-05-03,1.0,0.0,0.0,1.0,4.88,3.4,16.21,1348.0,98.89799,8.0,-9.3,2.1,1.7,1.459,4.9,0.05999999999999961,-0.10000000000000009,0.7690000000000001,-32.0,0.05283999999998912,0.25,-16.1,-0.10000000000000009,-2.2,0.06700000000000017,0.25,3912.5301494464857,104.74561582109342,4.668254595944114,-0.07069409913691385
2023-06-14,1.0,0.0,0.0,1.0,4.33,3.6,16.607,1418.0,99.11828,8.25,-9.3,2.1,1.7,1.459,5.15,-0.5499999999999998,0.20000000000000018,0.39699999999999847,70.0,0.22029000000000565,0.25,0.0,0.0,0.0,0.0,0.25,4100.301708587669,100.98344176835083,2.2772115081784814,0.05996792769463883
2023-07-26,1.0,0.0,0.0,0.0,4.17,3.5,16.446,1451.0,99.24326,8.25,6.0,5.2,3.5,1.511,5.15,-0.5300000000000002,-0.20000000000000018,0.3670000000000009,-132.0,0.2512700000000052,0.0,15.3,3.1,1.8,0.051999999999999824,0.0,4221.527285894276,104.51752711345465,5.504972688126545,-0.06761458906149578
2023-09-20,1.0,0.0,0.0,1.0,3.84,3.8,16.184,1346.0,99.42249,8.5,6.0,5.2,3.5,1.511,5.4,-0.33000000000000007,0.2999999999999998,-0.26200000000000045,-105.0,0.1792299999999898,0.25,0.0,0.0,0.0,0.0,0.25,4531.0568241070705,101.11897607668483,-1.9241994673527738,0.07474860454346298
2023-11-01,1.0,0.0,0.0,0.0,3.64,3.9,15.972,1372.0,99.47179,8.5,6.0,5.2,3.5,1.511,5.4,-0.19999999999999973,0.10000000000000009,-0.21200000000000152,26.0,0.04930000000000234,0.0,0.0,0.0,0.0,0.0,0.0,4492.66773302963,104.68702856506965,-4.889795138784067,0.038833302344643356
