fed_party,potus_party,recess,mom,pce,ue,cars,house,cli,exports,rgdp,gdpd,veloc,ffr,mich,d_pce,d_ue,d_cars,d_house,d_cli,d_exports,d_rgdp,d_gdpd,d_veloc,d_ffr,d_mich,b0_spx,b0_usd,b0_loan,b1_spx,b1_usd,b1_loan,target
1.0,1.0,0.0,0.0,3.8,5.3,15.66,1279.0,99.69093,4.1,3.0,3.0,7.307,9.0,3.4,-0.1500000000000003,0.0999999999999996,-0.8870000000000005,-53.0,0.00260999999999,0.0,0.0,0.0,0.0,0.0,-0.1,352.01476338704424,102.61128474644252,10.5,-0.2051037101852462,-0.0230167292747173,0.0,1.0
1.0,1.0,0.0,0.0,3.92,5.4,13.37,1351.0,99.72887,6.2,0.8,2.9,7.283,9.0,3.5,0.1200000000000001,0.1000000000000005,-2.290000000000001,72.0,0.037940000000006,2.1000000000000005,-2.2,-0.1,-0.024,0.0,0.1,351.84606532857873,101.280681345519,10.5,-0.2489151632033781,-0.0722828624587936,0.0,1.0
1.0,1.0,0.0,0.0,3.94,5.4,13.55,1251.0,99.75903,6.2,0.8,2.9,7.283,8.5,3.5,0.0,0.1000000000000005,-0.0309999999999988,-159.0,0.0537599999999969,0.0,0.0,0.0,0.0,-0.5,-0.1,337.15442975490583,98.88117782130388,10.5,0.2034945564131886,-0.0507851736055274,0.0,0.0
1.0,1.0,0.0,-1.0,3.85,5.4,16.308,1551.0,99.79324,18.5,4.4,4.4,7.356,8.25,4.1,-0.0899999999999998,0.0,2.757999999999999,300.0,0.0342100000000016,12.3,3.6000000000000005,1.5000000000000004,0.0729999999999995,-0.25,0.5999999999999996,355.8278046579072,94.59843788018532,10.641414141414142,-0.4514684811987056,-0.04372861472134,-0.013722126929674,1.0
1.0,1.0,0.0,0.0,3.95,5.2,14.486,1289.0,99.82265,18.5,4.4,4.4,7.356,8.25,3.7,0.1,-0.2000000000000001,-1.8219999999999992,-262.0,0.0294099999999986,0.0,0.0,0.0,0.0,0.0,-0.3999999999999994,326.24384533403696,91.70182601980088,10.0,0.247458009627153,0.0432994106053534,0.0,1.0
1.0,1.0,0.0,0.0,3.8,5.4,14.022,1212.0,99.5741,5.1,1.5,4.6,7.391,8.25,3.4,-0.1500000000000003,0.2000000000000001,-0.4640000000000004,-77.0,-0.2485499999999945,-13.4,-2.9000000000000004,0.1999999999999993,0.0350000000000001,0.0,-0.3000000000000002,342.0311388420336,94.3019282434123,10.0,-0.1291484991982025,-0.0324487068549959,0.0,1.0
1.0,1.0,0.0,0.0,3.94,5.2,14.149,1177.0,99.28502,5.1,1.5,4.6,7.391,8.25,3.8,0.1400000000000001,-0.2000000000000001,0.1269999999999989,-35.0,-0.2890799999999984,0.0,0.0,0.0,0.0,0.0,0.3999999999999999,349.5702516292482,91.67052630286427,10.0,0.2618493445287184,0.0173176748902084,0.0,1.0
1.0,1.0,1.0,0.0,4.14,5.7,13.859,1115.0,98.40642,3.1,0.3,3.5,7.377,8.25,4.6,0.1999999999999997,0.5,-0.2899999999999991,-62.0,-0.8786000000000058,-2.0,-1.2,-1.0999999999999996,-0.0140000000000002,0.0,0.7999999999999998,364.4433403451836,91.96960162538473,10.0,-0.3816635233619357,-0.0968682668812051,0.0,1.0
1.0,1.0,1.0,0.0,4.13,5.9,14.298,1110.0,97.9221,3.1,0.3,3.5,7.377,8.0,4.7,-0.0099999999999997,0.2000000000000001,0.439,-5.0,-0.4843199999999967,0.0,0.0,0.0,0.0,-0.25,0.1000000000000005,338.111373418429,86.9513952390112,10.0,-0.5359708442491691,-0.0256920417740569,0.0,1.0
1.0,1.0,1.0,0.0,3.88,6.2,13.134,1145.0,97.21283,3.6,-3.6,3.0,7.303,8.0,4.7,-0.25,0.2999999999999998,-1.1639999999999997,35.0,-0.7092700000000036,0.5,-3.9,-0.5,-0.0739999999999998,0.0,0.0,311.5315270009667,86.20793214020907,10.0,-0.1025034510977999,-0.0845900369640166,0.0,0.0
1.0,1.0,1.0,-1.0,3.84,6.3,12.958,969.0,97.09945,3.6,-3.6,3.0,7.303,7.5,4.7,-0.1699999999999999,0.3999999999999994,-0.7910000000000004,-45.0,-0.402709999999999,0.0,0.0,0.0,0.0,-0.5,-0.0999999999999996,305.4806246465304,82.44157606439558,10.0,0.3773349710344154,-0.0047764537673871,0.0,0.0
1.0,1.0,1.0,-1.0,3.82,6.4,11.829,798.0,97.16149,2.5,-1.9,4.0,7.247,7.0,3.9,-0.02,0.1000000000000005,-1.1289999999999996,-171.0,0.0620399999999961,-1.1,1.7000000000000002,1.0,-0.056,-0.5,-0.8000000000000003,326.23989342069785,83.21512307831735,10.097643097643097,0.0257553283796096,0.0046354566820921,-0.0138174194777968,1.0
1.0,1.0,1.0,0.0,3.43,6.8,12.848,921.0,97.7066,2.5,-1.9,4.0,7.247,6.25,3.3,-0.3899999999999997,0.3999999999999994,1.019,123.0,0.545109999999994,0.0,0.0,0.0,0.0,-0.75,-0.6000000000000001,344.0878715540825,80.12896924259687,9.314814814814817,0.6955799658956904,0.1316950637180509,-0.0083857442348008,1.0
1.0,1.0,0.0,0.0,3.45,6.9,12.487,996.0,98.4444,15.4,3.2,3.0,7.212,6.0,3.1,0.02,0.1000000000000005,-0.3610000000000006,75.0,0.7378000000000071,12.9,5.1,-1.0,-0.0350000000000001,-0.25,-0.1999999999999997,371.14242276278407,89.04181826813053,9.101346801346802,0.2296150022855327,0.079952349189306,-0.006270249666476,1.0
1.0,1.0,0.0,0.0,3.23,6.9,12.719,1036.0,98.7811,15.4,3.2,3.0,7.212,5.75,3.3,-0.2200000000000002,0.0,0.2319999999999993,40.0,0.3366999999999933,0.0,0.0,0.0,0.0,-0.25,0.1999999999999997,377.834159897313,91.24791171398226,8.5,0.0237633069901549,0.0878425968926999,0.0,1.0
1.0,1.0,0.0,0.0,2.91,6.9,12.565,1049.0,99.17667,9.8,2.0,3.2,7.166,5.75,3.2,-0.3199999999999998,0.0,-0.1539999999999999,13.0,0.3955700000000064,-5.6,-1.2000000000000002,0.2000000000000001,-0.0459999999999993,0.0,-0.0999999999999996,371.81619412714383,96.87944739242194,8.5,0.3331484225174804,-0.0836199615577392,0.0,1.0
1.0,1.0,0.0,0.0,2.9,6.9,13.107,1015.0,99.20341,9.8,2.0,3.2,7.166,5.5,3.0,-0.0100000000000002,0.0,0.5419999999999998,-34.0,0.0267400000000037,0.0,0.0,0.0,0.0,-0.25,-0.2000000000000001,389.22607417764885,94.10039004958438,8.643434343434343,-0.018174741035056,-0.0593718444230966,-0.0096054888507718,1.0
1.0,1.0,0.0,0.0,2.83,7.0,12.217,1079.0,99.1512,9.3,1.4,2.4,7.058,5.25,3.2,-0.0699999999999998,0.0999999999999996,-0.8899999999999988,64.0,-0.0522100000000023,-0.5,-0.6000000000000001,-0.8000000000000003,-0.1080000000000005,-0.25,0.2000000000000001,385.8076978484388,90.79572999999178,8.230976430976432,0.0166487841917857,-0.0025153373658646,-0.006270249666476,0.0
1.0,1.0,0.0,-1.0,3.0,7.3,12.658,1079.0,99.03893,9.3,1.4,2.4,7.058,4.75,2.7,0.1699999999999999,0.2999999999999998,0.4409999999999989,0.0,-0.1122700000000094,0.0,0.0,0.0,0.0,-0.5,-0.5,393.5007358332676,90.9810233376243,8.011784511784512,-0.3194057597645087,-0.0945180007065048,-0.0126739089003239,1.0
1.0,1.0,0.0,0.0,2.88,7.3,12.591,1176.0,99.08805,7.4,4.9,1.5,6.886,4.5,2.7,-0.1200000000000001,0.0,-0.0670000000000001,97.0,0.049120000000002,-1.9000000000000004,3.5000000000000004,-0.8999999999999999,-0.1719999999999997,-0.25,0.0,382.38418918185766,84.7584982977973,7.410437710437711,0.8472562585986635,0.0263320155113747,-0.0231751477034495,1.0
1.0,1.0,0.0,0.0,2.99,7.4,12.824,1297.0,99.38452,7.4,4.9,1.5,6.886,4.0,2.6,0.1100000000000003,0.1000000000000005,0.2330000000000005,121.0,0.2964699999999993,0.0,0.0,0.0,0.0,-0.5,-0.1,412.7566899257878,86.54756132183653,6.5,-0.0953677224504028,0.094131162049817,0.0,1.0
1.0,1.0,0.0,0.0,2.8,7.6,13.098,1214.0,99.63816,0.2,4.4,2.4,6.814,4.0,2.9,-0.1900000000000004,0.1999999999999993,0.2740000000000009,-83.0,0.2536400000000043,-7.2,-0.5,0.8999999999999999,-0.072,0.0,0.2999999999999998,403.1646442657368,90.17788568875604,6.5,0.2338708219242839,-0.0179984666879957,0.0,1.0
1.0,1.0,0.0,0.0,2.8,7.8,13.543,1145.0,99.66827,0.2,4.4,2.4,6.814,3.75,3.1,0.0,0.2000000000000001,0.4449999999999985,-69.0,0.0301100000000076,0.0,0.0,0.0,0.0,-0.25,0.2000000000000001,417.6803879863084,89.2213597101796,6.5,-0.2157029230616902,-0.0723853240495684,0.0,0.0
1.0,1.0,0.0,-1.0,2.75,7.6,12.873,1226.0,99.64877,8.8,4.0,2.0,6.735,3.25,2.8,-0.0499999999999998,-0.2000000000000001,-0.6699999999999999,81.0,-0.0195000000000078,8.600000000000001,-0.4000000000000003,-0.3999999999999999,-0.0789999999999997,-0.5,-0.3000000000000002,404.2769527961911,84.56033668903389,6.389562289562289,0.3547271745964208,-0.0648065260575797,-0.0101581856298837,1.0
1.0,1.0,0.0,0.0,2.61,7.6,13.378,1186.0,99.68358,8.8,4.0,2.0,6.735,3.25,3.0,-0.1400000000000001,0.0,0.5050000000000008,-40.0,0.0348100000000073,0.0,0.0,0.0,0.0,0.0,0.2000000000000001,417.3337533867319,79.7391603514803,6.0,0.0142259199732441,0.0577605509044602,0.0,1.0
1.0,1.0,0.0,0.0,2.61,7.4,13.218,1214.0,99.9353,2.0,4.2,2.8,6.584,3.0,2.9,0.0,-0.1999999999999993,-0.1600000000000001,28.0,0.2517199999999917,-6.800000000000001,0.2000000000000001,0.7999999999999998,-0.1510000000000007,-0.25,-0.1,413.36191605590415,81.87206624862722,6.0,0.0524923386745546,0.1339821046480614,0.0,1.0
1.0,1.0,0.0,0.0,2.5,7.4,13.784,1227.0,100.0685,2.0,4.2,2.8,6.584,3.0,2.8,-0.1400000000000001,0.1000000000000005,0.1290000000000013,-17.0,0.2818900000000042,0.0,0.0,0.0,0.0,0.0,0.0,414.5395366424663,87.95703817553793,6.0,0.3958804642924674,0.058364745442336,0.0,1.0
1.0,0.0,0.0,0.0,2.5,7.3,13.457,1210.0,100.1335,0.9,0.7,2.3,6.508,3.0,2.9,0.0,-0.1000000000000005,-0.3269999999999999,-17.0,0.0649999999999977,-1.1,-3.5,-0.5,-0.0759999999999996,0.0,0.1,435.7953540121264,89.94102265329073,6.0,0.0005735501666876,0.055440107272515,0.0,1.0
1.0,0.0,0.0,0.0,2.45,7.0,13.326,1083.0,100.0243,0.9,0.7,2.3,6.508,3.0,3.1,-0.0499999999999998,-0.2999999999999998,-0.1310000000000002,-127.0,-0.1092000000000013,0.0,0.0,0.0,0.0,0.0,0.2000000000000001,438.2298353201612,92.35008103084886,6.0,0.2043666204907265,0.0435608980336232,0.0,1.0
1.0,0.0,0.0,0.0,2.57,7.1,14.519,1260.0,99.73032,4.9,2.3,2.4,6.406,3.0,2.9,0.1199999999999996,0.0999999999999996,1.1929999999999996,177.0,-0.2939799999999906,4.0,1.6,0.1,-0.1020000000000003,0.0,-0.2000000000000001,449.03928917265097,93.03688884696577,6.0,-0.174431590186952,-0.08185325813039,0.0,1.0
1.0,0.0,0.0,0.0,2.54,7.0,14.49,1280.0,99.59711,4.9,2.3,2.4,6.406,3.0,3.5,-0.0299999999999998,-0.0999999999999996,-0.0289999999999999,20.0,-0.1332100000000053,0.0,0.0,0.0,0.0,0.0,0.6000000000000001,444.50748539677375,89.21091539787524,6.0,0.0876490179097878,0.0690150893981826,0.0,1.0
1.0,0.0,0.0,0.0,2.49,6.8,13.584,1300.0,99.53692,-1.1,1.9,2.4,6.289,3.0,3.2,-0.0499999999999998,-0.2000000000000001,-0.9060000000000006,20.0,-0.0601900000000057,-6.0,-0.3999999999999999,0.0,-0.1169999999999999,0.0,-0.2999999999999998,445.8111011851918,93.35439949420967,6.0,0.0601540526413157,0.0316648933668011,0.0,1.0
1.0,0.0,0.0,0.0,2.53,6.7,13.99,1343.0,99.64192,-1.1,1.9,2.4,6.289,3.0,3.0,0.0299999999999998,-0.2000000000000001,-0.4610000000000003,89.0,0.1179300000000012,0.0,0.0,0.0,0.0,0.0,0.0,445.8104332509667,95.66187120944964,6.0,0.3341276232437877,-0.0761432729858841,0.0,1.0
1.0,0.0,0.0,0.0,2.43,6.6,14.882,1376.0,100.0666,13.5,5.6,2.2,6.25,3.0,2.8,-0.0999999999999996,-0.1000000000000005,0.8919999999999995,33.0,0.424679999999995,14.6,3.7,-0.1999999999999997,-0.0389999999999997,0.0,-0.2000000000000001,458.50369349007656,91.28909173830591,6.0,0.1384139465017957,0.0730950700321127,0.0,1.0
1.0,0.0,0.0,0.0,2.4,6.5,15.004,1533.0,100.3299,13.5,5.6,2.2,6.25,3.0,3.0,-0.0900000000000003,-0.2999999999999998,0.0929999999999999,141.0,0.5009799999999984,0.0,0.0,0.0,0.0,0.0,-0.2999999999999998,463.9183999623514,94.72019498677366,6.0,-0.0064805179317495,0.0218654637657531,0.0,1.0
1.0,0.0,0.0,0.0,2.36,6.6,15.379,1272.0,100.5764,4.0,3.9,1.9,6.264,3.0,2.8,-0.04,0.0999999999999996,0.375,-261.0,0.2465000000000117,-9.5,-1.6999999999999995,-0.3000000000000002,0.0140000000000002,0.0,-0.2000000000000001,463.1715103303543,95.20923355564926,6.0,0.2248766815319316,0.0292951813238517,0.0,2.0
1.0,0.0,0.0,1.0,2.41,6.5,15.301,1564.0,100.9285,4.0,3.9,1.9,6.264,3.25,3.0,0.0500000000000002,-0.0999999999999996,-0.0779999999999994,292.0,0.352099999999993,0.0,0.0,0.0,0.0,0.25,0.2000000000000001,477.0567483099221,96.75892842610678,6.0,-0.2508206593779033,-0.0478211856738077,0.0,2.0
1.0,0.0,0.0,1.0,2.27,6.1,14.577,1526.0,101.0682,14.2,5.5,1.9,6.339,3.5,3.1,-0.1400000000000001,-0.4000000000000003,-0.7240000000000002,-38.0,0.1397000000000048,10.2,1.6,0.0,0.0750000000000001,0.25,0.1,460.5795647515191,94.7719791861897,5.978956228956229,-0.3258466228749014,-0.0351061242817697,0.0163426720030493,2.0
1.0,0.0,0.0,1.0,2.34,6.1,15.109,1409.0,101.0648,14.2,5.5,1.9,6.339,4.25,2.7,0.0699999999999998,0.0,0.532,-117.0,-0.0033999999999991,0.0,0.0,0.0,0.0,0.75,-0.3999999999999999,450.1366180522674,93.66297681917644,6.909259259259259,0.1205190168191349,-0.0558845294641951,0.0090146750524108,1.0
1.0,0.0,0.0,0.0,2.34,6.0,15.359,1450.0,100.9774,15.8,2.4,2.3,6.369,4.25,3.1,0.0,-0.0999999999999996,0.25,41.0,-0.0874000000000023,1.6000000000000014,-3.1,0.3999999999999999,0.0299999999999993,0.0,0.3999999999999999,448.0797589953901,89.91091581916167,7.25,0.1618120406136087,-0.0133958473736294,0.0,2.0
1.0,0.0,0.0,1.0,2.32,5.9,15.274,1474.0,100.9099,15.8,2.4,2.3,6.369,4.75,3.4,-0.0300000000000002,-0.1999999999999993,0.3989999999999991,35.0,-0.1196000000000054,0.0,0.0,0.0,0.0,0.5,0.5,457.4511016331939,89.88733373571326,7.238215488215489,0.3191338153982339,-0.0405283290135285,0.0126739089003239,1.0
1.0,0.0,0.0,0.0,2.28,5.6,15.89,1511.0,100.683,9.6,4.7,2.2,6.479,4.75,3.2,-0.04,-0.3000000000000007,0.6160000000000014,37.0,-0.2268999999999863,-6.200000000000001,2.3000000000000003,-0.0999999999999996,0.1100000000000003,0.0,-0.1999999999999997,462.9847392175334,88.16449079930983,7.75,0.0557610859479223,-0.0472204951029494,0.0,2.0
1.0,0.0,0.0,1.0,2.25,5.5,15.584,1455.0,100.4894,9.6,4.7,2.2,6.479,5.5,3.0,-0.0099999999999997,-0.2999999999999998,-0.3100000000000005,5.0,-0.3301000000000016,0.0,0.0,0.0,0.0,0.75,0.0,470.5744743783867,85.10257806745844,7.5873737373737375,-0.415584611174763,0.0952346179424886,0.0208118925100057,1.0
1.0,0.0,0.0,0.0,2.35,5.6,14.801,1407.0,100.233,7.9,1.4,2.2,6.55,5.5,3.0,0.1,0.0999999999999996,-0.7829999999999995,-48.0,-0.2563999999999993,-1.6999999999999993,-3.3000000000000003,0.0,0.0709999999999997,0.0,0.0,450.3879255198469,90.08959459503892,8.5,0.3301899087890249,-0.0405717259751107,0.0,2.0
1.0,0.0,0.0,1.0,2.25,5.4,15.256,1249.0,99.5694,7.9,1.4,2.2,6.55,6.0,3.2,-0.1,-0.1999999999999993,0.455,-158.0,-0.6636000000000024,0.0,0.0,0.0,0.0,0.5,0.2000000000000001,472.36718819871896,88.8175163140602,8.7989898989899,0.4138657834703909,-0.1086274094869687,0.0054888507718696,1.0
1.0,0.0,0.0,0.0,2.27,5.6,14.806,1314.0,98.99206,5.7,1.2,1.9,6.614,6.0,3.0,0.02,0.1999999999999993,-0.450000000000001,65.0,-0.5773400000000066,-2.2,-0.1999999999999999,-0.3000000000000002,0.064,0.0,-0.2000000000000001,497.4820791944511,82.36512511282257,9.0,0.5015218133855504,-0.0119473954075878,0.0,1.0
1.0,0.0,0.0,0.0,2.19,5.6,15.407,1281.0,98.82222,5.7,1.2,1.9,6.614,6.0,2.9,-0.08,0.0,0.6010000000000009,-33.0,-0.1698399999999935,0.0,0.0,0.0,0.0,0.0,-0.1,518.3361521300242,83.13989937522194,9.0,0.5040586506091278,-0.0256355979225852,0.0,0.0
1.0,0.0,0.0,-1.0,2.21,5.7,15.368,1416.0,98.66234,18.5,3.5,2.0,6.714,5.75,2.9,0.02,0.1000000000000005,-0.0389999999999997,135.0,-0.1598800000000011,12.8,2.3,0.1,0.1000000000000005,-0.25,0.0,548.1957104409986,81.28767792672822,8.967171717171718,0.2681633087210548,0.0263350323720139,-0.0055746140651801,1.0
1.0,0.0,0.0,0.0,2.23,5.6,15.338,1369.0,98.60894,18.5,3.5,2.0,6.714,5.75,2.8,0.0699999999999998,-0.1000000000000005,0.6379999999999999,-92.0,-0.11493999999999,0.0,0.0,0.0,0.0,0.0,-0.1,554.0372129909117,81.97949543962575,8.75,0.3864153795658531,0.1050924357491855,0.0,1.0
1.0,0.0,0.0,0.0,2.27,5.6,15.38,1452.0,98.54256,5.8,2.7,1.9,6.86,5.75,2.8,0.04,0.0,0.0420000000000015,83.0,-0.0663800000000094,-12.7,-0.7999999999999998,-0.1,0.1459999999999999,0.0,0.0,581.9494154188369,85.36724528816814,8.75,0.0719786190136923,-0.0382538269287248,0.0,1.0
1.0,0.0,0.0,0.0,2.31,5.6,16.262,1431.0,98.5592,5.8,2.7,1.9,6.86,5.75,2.7,-0.0099999999999997,0.0999999999999996,1.4009999999999998,62.0,-0.0048799999999999,0.0,0.0,0.0,0.0,0.0,-0.1999999999999997,578.3346914374869,83.30733386723682,8.75,0.6914371060807066,0.0310230604825711,0.0,0.0
1.0,0.0,0.0,-1.0,2.25,5.6,14.812,1467.0,98.62561,4.9,3.0,1.9,7.016,5.5,2.8,-0.06,0.0,-1.450000000000001,36.0,0.0664099999999905,-0.8999999999999995,0.2999999999999998,0.0,0.1559999999999997,-0.25,0.0999999999999996,616.1819070013283,84.66653194748594,8.755892255892256,-0.131532411191812,0.0208156995008122,-0.0063369544501619,0.0
1.0,0.0,0.0,-1.0,2.26,5.5,16.044,1424.0,98.91733,4.9,3.0,1.9,7.016,5.25,2.9,0.0099999999999997,-0.0999999999999996,1.232000000000001,-43.0,0.2917200000000122,0.0,0.0,0.0,0.0,-0.25,0.1,639.0432928733954,87.03383958090836,8.365488215488215,0.1961092513244175,-0.0202077590421833,-0.003135124833238,1.0
1.0,0.0,0.0,0.0,2.25,5.6,15.993,1504.0,99.26136,6.7,6.8,1.7,7.18,5.25,3.1,-0.0099999999999997,0.0999999999999996,-0.0510000000000001,80.0,0.3440299999999894,1.7999999999999998,3.8,-0.1999999999999999,0.1639999999999997,0.0,0.2000000000000001,648.2984265260022,86.3849832913691,8.25,-0.0217365210365744,0.0349132630173901,0.0,1.0
1.0,0.0,0.0,0.0,2.29,5.3,15.256,1467.0,99.39669,6.7,6.8,1.7,7.18,5.25,2.9,0.04,-0.2999999999999998,-0.7370000000000001,-37.0,0.1353300000000104,0.0,0.0,0.0,0.0,0.0,-0.2000000000000001,655.6398694792982,88.11486649432969,8.25,0.3647777175685213,0.0019966345049663,0.0,1.0
1.0,0.0,0.0,0.0,2.31,5.1,15.486,1557.0,99.56683,3.3,3.6,1.3,7.369,5.25,3.1,0.02,-0.2000000000000001,0.2300000000000004,90.0,0.1701399999999893,-3.4000000000000004,-3.2,-0.3999999999999999,0.189,0.0,0.2000000000000001,662.2735324435764,88.36087610007135,8.25,-0.3358495940202435,-0.045805235292563,0.0,1.0
1.0,0.0,0.0,0.0,2.36,5.2,15.534,1475.0,99.63841,3.3,3.6,1.3,7.369,5.25,3.2,0.04,-0.2999999999999998,0.4600000000000008,3.0,0.1468499999999863,0.0,0.0,0.0,0.0,0.0,0.2000000000000001,647.6529153021097,86.04835016526759,8.25,0.446389010331052,0.0204535907260435,0.0,1.0
1.0,0.0,0.0,0.0,2.39,5.4,15.712,1489.0,99.79406,27.4,4.2,2.2,7.623,5.25,3.0,0.0300000000000002,0.2000000000000001,0.177999999999999,14.0,0.1556500000000085,24.1,0.6000000000000001,0.9000000000000001,0.2540000000000004,0.0,-0.2000000000000001,682.4144554677636,87.84218179722025,8.25,0.5358346882742518,-0.003038324727225,0.0,1.0
1.0,0.0,0.0,0.0,2.38,5.4,15.183,1370.0,99.88283,27.4,4.2,2.2,7.623,5.25,3.0,0.04,0.2000000000000001,-0.125,-22.0,0.1714699999999993,0.0,0.0,0.0,0.0,0.0,0.0,698.693983783144,87.298638155645,8.25,1.1396401017285174,0.0048801498456707,0.0,1.0
1.0,0.0,0.0,0.0,2.35,5.3,15.682,1355.0,99.98691,7.8,2.6,2.4,7.761,5.25,3.0,-0.0299999999999998,-0.1000000000000005,0.4990000000000005,-15.0,0.1040799999999961,-19.6,-1.6,0.1999999999999997,0.1379999999999999,0.0,0.0,731.2187373819576,87.57494315201987,8.25,0.8316198774671835,0.0764452097278244,0.0,1.0
1.0,0.0,0.0,0.0,2.31,5.2,15.816,1457.0,100.2525,7.8,2.6,2.4,7.761,5.25,2.8,-0.04,-0.0999999999999996,0.1340000000000003,102.0,0.2655900000000031,0.0,0.0,0.0,0.0,0.0,-0.2000000000000001,780.4207575428767,92.61243123269644,8.25,0.5215787067126155,0.0702996101473907,0.0,2.0
1.0,0.0,0.0,1.0,2.22,4.9,15.088,1442.0,100.5384,17.0,6.8,0.8,8.002,5.5,2.9,-0.0899999999999998,-0.2999999999999998,-0.7280000000000015,-15.0,0.285899999999998,9.2,4.199999999999999,-1.6,0.2410000000000005,0.25,0.1,753.6362127130682,95.18474107222124,8.39949494949495,0.9545805331841408,0.0302893221117052,0.0027444253859348,1.0
1.0,0.0,0.0,0.0,2.22,5.0,14.524,1494.0,100.6752,17.0,6.8,0.8,8.002,5.5,2.8,0.0,0.0999999999999996,-0.5640000000000001,52.0,0.136800000000008,0.0,0.0,0.0,0.0,0.0,-0.1,810.587700326836,95.36435072670882,8.5,1.575237212372844,-0.0069845674695436,0.0,1.0
1.0,0.0,0.0,0.0,2.06,4.8,16.148,1390.0,100.8811,9.6,5.1,1.8,8.102,5.5,2.7,-0.1600000000000001,-0.2000000000000001,1.6240000000000006,-104.0,0.2058999999999997,-7.4,-1.7000000000000002,1.0,0.0999999999999996,0.0,-0.0999999999999996,888.0041240859111,94.17224941574764,8.5,1.2428631209091214,0.1254007960719929,0.0,1.0
1.0,0.0,0.0,0.0,2.05,4.9,15.096,1546.0,100.9387,9.6,5.1,1.8,8.102,5.5,2.8,-0.08,0.0,-0.4719999999999995,109.0,0.1436999999999955,0.0,0.0,0.0,0.0,0.0,0.0999999999999996,930.9085494840988,100.67062562884706,8.5,-0.0835373142912027,-0.0554114505861608,0.0,1.0
1.0,0.0,0.0,0.0,1.8,4.6,15.825,1510.0,100.9668,-0.6,3.5,1.3,8.196,5.5,2.9,-0.2499999999999997,-0.3000000000000007,0.7289999999999992,-36.0,0.0281000000000091,-10.2,-1.5999999999999996,-0.5,0.0939999999999994,0.0,0.1,953.2891265766388,97.93396721014672,8.5,-0.2455227531431641,-0.0298212469067146,0.0,1.0
1.0,0.0,0.0,0.0,1.73,4.7,16.474,1566.0,100.9307,-0.6,3.5,1.3,8.196,5.5,2.8,-0.1699999999999999,0.0,1.043000000000001,46.0,-0.0382999999999924,0.0,0.0,0.0,0.0,0.0,0.0,924.82673643992,96.14789899832472,8.5,0.736943573876292,0.026766904086096,0.0,1.0
1.0,0.0,0.0,0.0,1.66,4.6,14.789,1525.0,100.8789,1.9,4.1,0.6,8.238,5.5,2.3,-0.07,-0.1000000000000005,-1.6850000000000005,-41.0,-0.0518,2.5,0.5999999999999996,-0.7000000000000001,0.0419999999999998,0.0,-0.5,961.7438107885496,98.56984573518388,8.5,-0.1295287225140562,0.0364977956386165,0.0,1.0
1.0,0.0,0.0,0.0,1.65,4.7,15.405,1567.0,100.709,1.9,4.1,0.6,8.238,5.5,2.5,-0.01,0.1000000000000005,0.6159999999999997,42.0,-0.1698999999999983,0.0,0.0,0.0,0.0,0.0,0.2000000000000001,988.1809792258524,99.8681491376575,8.5,1.9608017453425768,0.0088888771401737,0.0,1.0
1.0,0.0,0.0,0.0,1.71,4.4,17.057,1536.0,100.395,-4.3,3.8,0.9,8.326,5.5,2.6,0.06,-0.2999999999999998,1.6519999999999992,-31.0,-0.3140000000000071,-6.199999999999999,-0.2999999999999998,0.3,0.0880000000000009,0.0,0.1,1103.9887387054134,101.17055730338048,8.5,0.1983846144969744,-0.0418798924673847,0.0,1.0
1.0,0.0,0.0,0.0,1.64,4.5,16.771,1641.0,100.1963,-4.3,3.8,0.9,8.326,5.5,2.7,-0.07,0.0999999999999996,-0.2859999999999978,105.0,-0.1987000000000023,0.0,0.0,0.0,0.0,0.0,0.1,1113.3019651265256,98.9032457293886,8.5,-0.2918215542810177,0.0414358808991113,0.0,1.0
1.0,0.0,0.0,0.0,1.75,4.5,14.796,1614.0,99.84415,-1.8,5.1,1.7,8.469,5.5,2.4,0.1100000000000001,0.0,-1.9750000000000012,-27.0,-0.3521499999999946,2.5,1.2999999999999998,0.7999999999999999,0.1429999999999989,0.0,-0.3000000000000002,1146.6878469756157,101.21238526623658,8.5,-0.3772633329536519,-0.0002158096455975,0.0,1.0
1.0,0.0,0.0,0.0,1.7,4.6,16.313,1582.0,99.74725,-1.8,5.1,1.7,8.469,5.5,2.3,0.01,0.0999999999999996,1.6449999999999996,-116.0,-0.2573500000000024,0.0,0.0,0.0,0.0,0.0,-0.3000000000000002,1112.071460824061,103.09001224402223,8.5,-2.3362744926974632,-0.1182115267271401,0.0,0.0
1.0,0.0,0.0,-1.0,1.78,4.4,16.118,1660.0,99.85159,15.7,6.6,1.1,8.511,5.25,2.3,0.08,-0.1999999999999993,-0.1950000000000002,78.0,0.1043400000000076,17.5,1.5,-0.5999999999999999,0.0419999999999998,-0.25,0.0,989.7255245324338,95.90551471645983,8.512121212121212,2.2454871231291382,-0.0550718420547418,-0.0119878025538402,0.0
1.0,0.0,0.0,-1.0,1.81,4.4,17.409,1792.0,100.0193,15.7,6.6,1.1,8.511,4.75,2.5,0.04,-0.0999999999999996,0.2779999999999987,77.0,0.2706699999999955,0.0,0.0,0.0,0.0,-0.5,0.0,1083.6812211470171,94.23298194448554,8.059090909090909,2.14200817040541,0.0233745449175941,-0.0069468267581475,1.0
1.0,0.0,0.0,0.0,1.84,4.3,16.593,1748.0,100.2264,-1.3,3.8,1.3,8.578,4.75,2.7,0.03,-0.1000000000000005,-0.815999999999999,-44.0,0.2070999999999969,-17.0,-2.8,0.1999999999999999,0.0670000000000001,0.0,0.2000000000000001,1172.183301192261,94.26176517370976,7.75,1.7361224922425913,0.0049998041105334,0.0,1.0
1.0,0.0,0.0,0.0,1.72,4.2,16.832,1710.0,100.6267,-1.3,3.8,1.3,8.578,4.75,2.7,-0.1200000000000001,-0.0999999999999996,0.2390000000000007,-38.0,0.4003000000000014,0.0,0.0,0.0,0.0,0.0,0.0,1235.065292820786,95.8171309808288,7.75,1.003685699864208,0.0802340420809658,0.0,1.0
1.0,0.0,0.0,0.0,1.73,4.2,17.564,1611.0,100.935,5.1,3.4,1.5,8.647,4.75,2.8,0.01,0.0,0.7319999999999993,-99.0,0.3083000000000027,6.4,-0.3999999999999999,0.1999999999999999,0.0690000000000008,0.0,0.0999999999999996,1289.4878961325496,99.54109813035136,7.75,1.2694576634937222,0.0236622767651083,0.0,1.0
1.0,0.0,0.0,0.0,1.76,4.3,17.346,1559.0,101.0431,5.1,3.4,1.5,8.647,4.75,2.5,-0.01,0.0,0.4170000000000016,6.0,0.250399999999999,0.0,0.0,0.0,0.0,0.0,-0.2000000000000001,1340.2605206524884,100.31873321533202,7.75,-0.5523323362978249,0.0467074892056064,0.0,2.0
1.0,0.0,0.0,1.0,1.75,4.2,17.641,1648.0,101.177,12.6,5.4,1.4,8.82,5.0,2.8,-0.01,-0.0999999999999996,0.2949999999999981,89.0,0.1339000000000112,7.5,2.0000000000000004,-0.1,0.173,0.25,0.2999999999999998,1390.0361828736584,104.28049930867924,7.884511784511784,-1.3218542152435322,-0.0889007530554103,0.003135124833238,2.0
1.0,0.0,0.0,1.0,1.8,4.2,17.662,1635.0,101.2266,12.6,5.4,1.4,8.82,5.25,2.7,0.05,0.0,0.0210000000000007,-13.0,0.049599999999998,0.0,0.0,0.0,0.0,0.25,-0.0999999999999996,1330.6202228995685,100.22696752580327,7.985690235690235,-0.0906159034701377,-0.0013740732939283,0.0064798932723461,1.0
1.0,0.0,0.0,0.0,1.84,4.1,17.62,1648.0,101.3312,8.8,6.7,2.2,8.902,5.25,2.9,0.04,-0.1000000000000005,-0.041999999999998,13.0,0.1045999999999907,-3.799999999999999,1.2999999999999998,0.8000000000000003,0.0819999999999989,0.0,0.1999999999999997,1285.5941555036036,99.10133383394492,8.25,0.946426454998094,-0.0065283226971401,0.0,2.0
1.0,0.0,0.0,1.0,1.88,4.0,18.322,1708.0,101.3688,8.8,6.7,2.2,8.902,5.5,3.0,0.0699999999999998,-0.0999999999999996,0.6379999999999981,100.0,0.0909999999999939,0.0,0.0,0.0,0.0,0.25,0.1,1323.0663685191762,98.70761644767992,8.190909090909091,2.3074118339199785,0.0687063020502972,0.0069468267581475,1.0
1.0,0.0,0.0,0.0,2.0,4.0,18.635,1636.0,101.3642,5.9,1.5,2.7,8.989,5.5,3.0,0.1200000000000001,0.0,0.3130000000000024,-72.0,-0.0045999999999963,-2.9000000000000004,-5.2,0.5,0.0870000000000015,0.0,0.0,1422.7313729745372,101.74878169101495,8.5,0.5371111663882336,-0.0067813798407497,0.0,2.0
1.0,0.0,0.0,1.0,2.24,4.0,18.343,1604.0,101.2057,5.9,1.5,2.7,8.989,5.75,3.2,0.2400000000000002,0.0,-0.2920000000000016,-32.0,-0.1585000000000036,0.0,0.0,0.0,0.0,0.25,0.2000000000000001,1413.8108901515152,102.77786654077396,8.543771043771043,-0.914708837527694,0.0628827585954995,0.0053363826948732,2.0
1.0,0.0,0.0,1.0,2.22,4.0,17.943,1575.0,100.9432,12.8,7.5,2.5,9.251,6.0,3.0,-0.02,0.0,-0.3999999999999986,-29.0,-0.2624999999999886,6.9,6.0,-0.2000000000000001,0.2619999999999987,0.25,-0.2000000000000001,1506.9837646484375,103.78271991973774,8.89949494949495,-1.5788144285573895,0.1222942630745284,0.0027444253859348,2.0
1.0,0.0,0.0,1.0,2.27,4.0,17.596,1559.0,100.7791,12.8,7.5,2.5,9.251,6.5,2.9,0.0899999999999998,0.2000000000000001,-0.3429999999999999,-67.0,-0.3092999999999932,0.0,0.0,0.0,0.0,0.5,-0.3000000000000002,1413.9691638882312,112.12316478896224,8.988215488215488,0.8348183011199852,-0.1087707188008104,0.0126739089003239,1.0
1.0,0.0,0.0,0.0,2.32,4.1,17.531,1541.0,100.3819,9.9,0.4,2.4,9.37,6.5,2.7,0.0499999999999998,0.0999999999999996,-0.0650000000000012,-18.0,-0.397199999999998,-2.9000000000000004,-7.1,-0.1,0.1189999999999997,0.0,-0.1999999999999997,1463.0550929214014,106.6141947993526,9.5,0.1163486743168715,0.0843979457639295,0.0,1.0
1.0,0.0,0.0,0.0,2.39,3.9,18.654,1507.0,100.1312,9.9,0.4,2.4,9.37,6.5,2.9,0.0700000000000002,-0.1999999999999997,1.123000000000001,-34.0,-0.2506999999999948,0.0,0.0,0.0,0.0,0.0,0.1999999999999997,1491.4202834826126,109.88705796264236,9.5,-0.2719812688723913,0.1029551822116359,0.0,1.0
1.0,0.0,0.0,0.0,2.45,3.9,16.634,1551.0,99.48232,-3.9,2.4,2.2,9.546,6.5,2.9,0.06,0.0,-2.02,44.0,-0.6488800000000055,-13.8,2.0,-0.1999999999999997,0.1760000000000001,0.0,0.0,1443.3410563151042,114.24013456607908,9.5,-1.142709356983752,0.0472765451979814,0.0,1.0
1.0,0.0,0.0,0.0,2.5,3.9,16.222,1532.0,99.10956,-3.9,2.4,2.2,9.546,6.5,2.8,0.08,0.0,-1.291999999999998,-17.0,-0.7184000000000026,0.0,0.0,0.0,0.0,0.0,-0.4000000000000003,1408.8742296006944,117.47220891573612,9.5,-1.380194872330319,-0.0460022784015531,0.0,1.0
1.0,1.0,0.0,0.0,2.52,4.2,17.652,1600.0,98.76899,-4.9,-1.3,2.7,9.499,6.5,3.0,0.02,0.3000000000000002,1.4299999999999995,68.0,-0.3405699999999996,-1.0000000000000004,-3.7,0.5,-0.0469999999999988,0.0,0.2000000000000001,1332.4708868469856,114.17567086267954,9.65824915824916,-0.2490759228487706,-0.1082153890299664,-0.0129597865446922,0.0
1.0,1.0,0.0,-1.0,2.5,4.3,17.248,1590.0,98.33782,-4.9,-1.3,2.7,9.499,5.5,2.8,-0.02,0.0999999999999996,-0.4039999999999999,-10.0,-0.4311700000000087,0.0,0.0,0.0,0.0,-1.0,-0.2000000000000001,1382.3926542442655,110.7694814970999,8.912457912457914,-3.0046560460143894,0.0260922315076621,-0.0106727653897465,0.0
1.0,1.0,1.0,-1.0,2.59,4.3,16.876,1605.0,98.22443,-11.2,2.5,2.4,9.459,5.0,3.2,0.0899999999999998,0.0,-0.3719999999999999,15.0,-0.1133899999999954,-6.299999999999999,3.8,-0.3000000000000002,-0.0400000000000009,-0.5,0.4000000000000003,1114.625818734217,115.82195298422867,8.360942760942761,2.77221226024246,-0.0120792837490098,-0.0181627596721936,0.0
1.0,1.0,1.0,-1.0,2.67,4.5,17.464,1636.0,98.20039,-11.2,2.5,2.4,9.459,4.0,3.0,0.08,0.0999999999999996,0.5919999999999987,-13.0,-0.0515000000000043,0.0,0.0,0.0,0.0,-1.0,-0.1,1273.3340586036145,115.18752293442236,7.511784511784511,-0.4547932803119638,0.0850131259319871,-0.0126739089003239,0.0
1.0,1.0,1.0,-1.0,2.65,4.9,16.348,1567.0,98.09113,-19.0,-1.6,1.6,9.098,3.75,2.7,-0.02,0.4000000000000003,-1.1159999999999997,-69.0,-0.1092599999999919,-7.800000000000001,-4.1,-0.7999999999999998,-0.3609999999999989,-0.25,-0.2999999999999998,1222.5727950895675,120.17008829341592,6.865488215488216,-0.5401544976966004,-0.0843499295798305,-0.003135124833238,0.0
1.0,1.0,1.0,-1.0,2.53,5.0,16.365,1562.0,98.04958,-19.0,-1.6,1.6,9.098,3.5,2.8,-0.1200000000000001,0.0999999999999996,0.0169999999999994,-5.0,-0.0415500000000008,0.0,0.0,0.0,0.0,-0.25,0.0999999999999996,1238.0264060691552,115.31613452025134,6.865656565656566,-4.060800458800118,-0.0467444191393406,-0.0127501429388221,0.0
1.0,1.0,1.0,-1.0,2.5,5.3,22.055,1540.0,98.10048,-13.2,1.1,1.3,9.086,2.5,1.0,-0.0299999999999998,0.2999999999999998,5.690000000000001,-22.0,0.0508999999999986,5.800000000000001,2.7,-0.3,-0.0120000000000004,-1.0,-1.7999999999999998,1045.699405513468,113.07723341405593,6.483838383838384,0.7000295137027706,0.0297270669968032,-0.0234991423670668,0.0
1.0,1.0,0.0,-1.0,2.37,5.7,16.465,1568.0,98.53629,-13.2,1.1,1.3,9.086,2.0,1.8,-0.1299999999999999,0.4000000000000003,-5.59,28.0,0.4358099999999894,0.0,0.0,0.0,0.0,-0.5,0.8,1072.5798782091751,114.11564990727588,5.618181818181818,1.4958606508406584,0.0526868654065343,-0.013893653516295,0.0
1.0,1.0,0.0,-1.0,2.24,5.7,16.523,1698.0,98.84505,9.0,3.4,1.3,9.05,1.75,1.9,-0.2299999999999999,0.2000000000000001,-1.5079999999999991,96.0,0.5752600000000001,22.2,2.3,0.0,-0.0359999999999995,-0.25,1.5,1146.7348323732112,115.66954947834463,4.932828282828282,-0.0329426338860301,0.0327284219493544,-0.0048027444253859,1.0
1.0,1.0,0.0,0.0,2.22,5.7,17.107,1642.0,99.35823,9.0,3.4,1.3,9.05,1.75,2.7,-0.02,0.0,0.5839999999999996,-56.0,0.5131800000000055,0.0,0.0,0.0,0.0,0.0,0.8000000000000003,1110.1656211364952,118.96502475417424,4.75,0.3324923626372807,-0.0062622567597222,0.0,1.0
1.0,1.0,0.0,0.0,2.17,5.9,17.668,1592.0,99.45026,12.4,2.5,1.4,9.15,1.75,2.8,-0.0500000000000002,0.2000000000000001,0.5609999999999999,-50.0,0.092029999999994,3.4000000000000004,-0.8999999999999999,0.0999999999999998,0.0999999999999996,0.0,0.0999999999999996,1173.892277511443,118.37344192350751,4.75,-1.5723850524332357,-0.0391724950180793,0.0,1.0
1.0,1.0,0.0,0.0,2.01,5.8,16.953,1717.0,99.19807,12.4,2.5,1.4,9.15,1.75,2.7,-0.1600000000000001,-0.1000000000000005,-0.7149999999999999,125.0,-0.2521899999999988,0.0,0.0,0.0,0.0,0.0,-0.0999999999999996,1094.286265363597,115.18505713979803,4.75,-1.193709475075787,-0.0922733080780163,0.0,1.0
1.0,1.0,0.0,0.0,2.0,5.7,18.449,1633.0,98.61288,1.3,1.6,1.9,9.199,1.75,2.6,-0.0099999999999997,-0.0999999999999996,1.4960000000000022,-84.0,-0.5851899999999972,-11.1,-0.8999999999999999,0.5,0.0489999999999994,0.0,-0.1,1030.9250304559264,108.90299767388238,4.75,-3.7052490211110216,-0.0742710489397028,0.0,1.0
1.0,1.0,0.0,0.0,2.07,5.7,16.665,1804.0,98.33202,1.3,1.6,1.9,9.199,1.75,2.5,0.04,-0.0999999999999996,-1.481999999999999,149.0,-0.583209999999994,0.0,0.0,0.0,0.0,0.0,-0.1,885.8192686960754,107.02681541057548,4.75,0.620167495265151,0.0066121340752193,0.0,1.0
1.0,1.0,0.0,0.0,2.08,5.7,16.259,1648.0,98.11066,-5.8,0.5,2.3,9.132,1.75,2.5,0.0100000000000002,0.0,-0.4059999999999988,-156.0,-0.2213600000000042,-7.1,-1.1,0.3999999999999999,-0.0670000000000001,0.0,0.0,860.9962196016152,107.37670584527731,4.75,-0.1112618157176122,0.0084261795896017,0.0,0.0
1.0,1.0,0.0,-1.0,2.1,6.0,17.866,1788.0,97.86587,-5.8,0.5,2.3,9.132,1.25,2.5,0.02,0.2999999999999998,1.606999999999999,140.0,-0.2447899999999947,0.0,0.0,0.0,0.0,-0.5,0.0,856.2154977920482,107.72186482233631,4.876936026936027,1.548835390591499,-0.0460731531066486,-0.0138745950066704,1.0
1.0,1.0,0.0,0.0,2.08,5.8,16.708,1853.0,97.79422,-1.2,2.1,2.0,9.048,1.25,2.5,0.02,-0.1000000000000005,0.1879999999999988,100.0,-0.1700100000000048,4.6,1.6,-0.2999999999999998,-0.0839999999999996,0.0,0.1,907.3135461877894,106.23333405260286,4.25,-0.0648436732262181,-0.1141089955397691,0.0,1.0
1.0,1.0,0.0,0.0,1.99,5.9,16.467,1726.0,97.79614,-1.2,2.1,2.0,9.048,1.25,3.1,-0.09,0.1000000000000005,-0.2409999999999996,-127.0,0.0019199999999983,0.0,0.0,0.0,0.0,0.0,0.6000000000000001,880.4717947295218,100.30780689997304,4.25,-1.2185860786706992,-0.0247460172088662,0.0,1.0
1.0,1.0,0.0,0.0,1.84,6.0,16.751,1643.0,97.92918,0.7,3.6,1.4,8.932,1.25,2.4,-0.1499999999999999,0.0999999999999996,0.2840000000000025,-83.0,0.1330400000000082,1.9,1.5,-0.6000000000000001,-0.1159999999999996,0.0,-0.7000000000000002,830.3136342263784,99.97075370506003,4.25,1.4862359755239605,-0.0085050314977233,0.0,1.0
1.0,1.0,0.0,0.0,1.74,6.3,17.013,1867.0,98.44179,0.7,3.6,1.4,8.932,1.25,2.1,-0.1,0.2999999999999998,0.2620000000000004,224.0,0.5126099999999951,0.0,0.0,0.0,0.0,0.0,-0.2999999999999998,902.955959168508,97.12207485931089,4.25,1.7521020451977014,-0.1028595406917792,0.0,0.0
1.0,1.0,0.0,-1.0,1.8,6.1,18.262,1833.0,99.15644,11.4,6.8,2.3,8.941,1.0,2.5,0.06,-0.2000000000000001,1.2489999999999988,-34.0,0.714650000000006,10.7,3.2,0.8999999999999999,0.0090000000000003,-0.25,0.3999999999999999,993.160387525976,93.15306562943891,4.217171717171717,-0.0881347493396525,0.0703315954424663,-0.0055746140651801,1.0
1.0,1.0,0.0,0.0,1.75,6.1,17.286,1939.0,99.55997,11.4,6.8,2.3,8.941,1.0,2.8,-0.02,-0.1000000000000005,0.1690000000000004,42.0,0.7801900000000046,0.0,0.0,0.0,0.0,0.0,1.1,977.120936990346,95.55596064814814,4.0,0.666037449692236,0.0532551667475351,0.0,1.0
1.0,1.0,0.0,0.0,1.73,6.0,16.489,1967.0,99.9688,19.2,4.7,2.5,9.048,1.0,2.6,-0.07,-0.0999999999999996,-1.7729999999999997,134.0,0.8123599999999982,7.799999999999999,-2.1,0.2000000000000001,0.1069999999999993,0.0,0.1,1010.6571721035222,98.417231426817,4.0,0.5287299936831463,-0.142830541780478,0.0,1.0
1.0,1.0,0.0,0.0,1.74,5.7,17.357,2057.0,100.6686,19.2,4.7,2.5,9.048,1.0,2.6,0.01,-0.2999999999999998,0.8679999999999986,90.0,0.6997999999999962,0.0,0.0,0.0,0.0,0.0,0.0,1038.7502104377106,92.53526581529816,4.0,0.2847088217076425,-0.0274453979050157,0.0,1.0
1.0,1.0,0.0,0.0,1.81,5.7,16.695,1911.0,100.9089,9.4,2.3,2.9,9.042,1.0,2.7,0.07,-0.0999999999999996,-0.8679999999999986,-172.0,0.5593999999999966,-9.8,-2.4000000000000004,0.3999999999999999,-0.0060000000000002,0.0,0.0,1051.6105773720274,89.74784354778251,4.0,1.6856945458788954,-0.0760891559034478,0.0,1.0
1.0,1.0,0.0,0.0,1.88,5.8,17.247,1998.0,101.1195,9.4,2.3,2.9,9.042,1.0,2.9,0.0699999999999998,0.0999999999999996,0.5519999999999996,87.0,0.2105999999999994,0.0,0.0,0.0,0.0,0.0,0.1999999999999997,1136.0683403862847,86.4119457771481,4.0,0.2848565251572326,0.0179488993245396,0.0,1.0
1.0,1.0,0.0,0.0,2.11,5.6,16.898,2003.0,101.1215,8.6,3.1,3.3,9.065,1.0,3.2,0.2299999999999999,-0.2000000000000001,-0.3490000000000002,5.0,0.0019999999999953,-0.8000000000000007,0.8000000000000003,0.3999999999999999,0.0229999999999996,0.0,0.3000000000000002,1123.5235637626265,87.85158926196372,4.0,0.1960915956811629,0.0446640035005121,0.0,1.0
1.0,1.0,0.0,0.0,2.33,5.6,16.173,1828.0,101.0013,8.6,3.1,3.3,9.065,1.0,3.3,0.2200000000000002,0.0,-0.7250000000000014,-175.0,-0.1201999999999969,0.0,0.0,0.0,0.0,0.0,0.0999999999999996,1093.455282397543,91.06711751507588,4.0,0.8048393957633528,-0.0413028296093861,0.0,2.0
1.0,1.0,0.0,1.0,2.2,5.4,17.157,2024.0,100.7758,1.3,3.8,2.6,9.098,1.25,2.8,-0.1299999999999999,-0.1999999999999993,0.9840000000000018,196.0,-0.2254999999999967,-7.3,0.6999999999999997,-0.6999999999999997,0.0330000000000012,0.25,-0.5,1143.6335404007525,89.0399941441186,3.977777777777778,-0.984962319428066,-0.0110829301895539,0.0066037735849056,2.0
1.0,1.0,0.0,1.0,2.19,5.4,17.875,1905.0,100.6715,1.3,3.8,2.6,9.098,1.5,2.8,-0.0699999999999998,-0.0999999999999996,0.565999999999999,-97.0,-0.2233000000000089,0.0,0.0,0.0,0.0,0.25,-0.2000000000000001,1077.265014812842,89.16449841842909,4.235690235690235,0.7139476231581736,-0.0068923202814182,0.0064798932723461,2.0
1.0,1.0,0.0,1.0,2.25,5.4,17.362,1782.0,100.5721,9.8,4.1,3.1,9.138,1.75,2.8,0.06,0.0,-0.5130000000000017,-123.0,-0.0993999999999886,8.5,0.2999999999999998,0.5,0.0399999999999991,0.25,0.0,1123.1533732507364,89.37386549105146,4.57962962962963,-0.1621816633314274,-0.074911772384629,0.0045073375262054,2.0
1.0,1.0,0.0,1.0,2.27,5.4,18.102,2042.0,100.5588,9.8,4.1,3.1,9.138,2.0,3.0,0.06,-0.0999999999999996,0.588000000000001,-30.0,-0.0418999999999982,0.0,0.0,0.0,0.0,0.25,-0.1,1101.2004101069283,87.04727916781749,4.690909090909091,1.9626749744273508,-0.1116653093411078,0.0069468267581475,2.0
1.0,1.0,0.0,1.0,2.37,5.3,16.889,2144.0,100.5247,7.7,4.5,3.2,9.321,2.25,2.9,0.1,-0.1000000000000005,-1.213000000000001,102.0,-0.0341000000000093,-2.1000000000000005,0.4000000000000003,0.1,0.1829999999999998,0.25,-0.1,1202.433941958649,81.15472206603799,5.067171717171718,-0.3780313732102868,0.0399336294149111,0.0048027444253859,2.0
1.0,1.0,0.0,1.0,2.39,5.2,17.413,1864.0,100.3844,7.7,4.5,3.2,9.321,2.5,3.2,0.02,-0.0999999999999996,0.5240000000000009,-280.0,-0.1402999999999963,0.0,0.0,0.0,0.0,0.25,0.3000000000000002,1175.3726782801978,84.34552192045783,5.305218855218856,0.8298360363287948,-0.0401105391813365,0.0050790928149418,2.0
1.0,1.0,0.0,1.0,2.29,5.2,17.756,2061.0,100.3262,9.2,2.0,2.9,9.445,2.75,3.3,-0.1,0.0,0.3429999999999999,197.0,-0.0581999999999993,1.4999999999999991,-2.5,-0.3000000000000002,0.1240000000000005,0.25,0.0999999999999996,1213.1855116924453,82.16010740132444,5.494107744107744,-1.2329682856349464,0.0497164069572493,0.0063369544501619,2.0
1.0,1.0,0.0,1.0,2.18,5.0,18.482,2068.0,100.3446,9.2,2.0,2.9,9.445,3.0,3.2,-0.1099999999999998,-0.2000000000000001,0.7259999999999991,7.0,0.0183999999999997,0.0,0.0,0.0,0.0,0.25,-0.0999999999999996,1160.227834908328,84.29112392643887,5.947474747474747,1.0670139679891482,0.0910966472214963,0.0014579759862778,2.0
1.0,1.0,0.0,1.0,2.29,4.9,17.418,2095.0,100.4646,-0.1,3.2,3.7,9.557,3.25,3.1,0.1099999999999998,-0.0999999999999996,-1.064,27.0,0.1200000000000045,-9.3,1.2000000000000002,0.8000000000000003,0.1120000000000001,0.25,-0.1,1193.6561251348116,88.61470102123941,5.977777777777778,0.7631996511027132,0.0242321034033957,0.0066037735849056,2.0
1.0,1.0,0.0,1.0,2.39,5.0,16.927,2151.0,100.5708,-0.1,3.2,3.7,9.557,3.5,4.3,0.1400000000000001,0.0,-4.208000000000002,97.0,0.1770000000000067,0.0,0.0,0.0,0.0,0.25,1.2999999999999998,1232.7388657900622,89.31996581209228,6.244107744107744,-0.2201525360101605,-0.050592686031713,0.0063369544501619,2.0
1.0,1.0,0.0,1.0,2.45,5.0,15.336,2065.0,100.724,13.0,2.2,3.3,9.686,3.75,4.6,0.06,0.0,-1.5909999999999993,-86.0,0.1531999999999982,13.1,-1.0,-0.4000000000000003,0.1289999999999995,0.25,0.2999999999999998,1240.8190666429923,86.73895065358992,6.494107744107744,-1.101222466595495,0.0743163222059741,0.0063369544501619,2.0
1.0,1.0,0.0,1.0,2.44,4.9,17.174,1994.0,101.0851,13.0,2.2,3.3,9.686,4.0,3.1,-0.0100000000000002,-0.0999999999999996,1.8379999999999992,-71.0,0.3610999999999933,0.0,0.0,0.0,0.0,0.25,-1.4999999999999996,1173.4640244403672,89.52546725802951,6.744107744107744,1.9102811725748048,0.0542241574333399,0.0063369544501619,2.0
1.0,1.0,0.0,1.0,2.39,4.7,18.081,2273.0,101.2209,17.2,5.5,2.9,9.852,4.25,3.0,-0.0499999999999998,-0.2000000000000001,0.907,279.0,0.1358000000000032,4.199999999999999,3.3,-0.3999999999999999,0.1660000000000003,0.25,-0.1,1258.888024861243,91.69367603340535,7.067171717171718,0.3736874428616947,-0.0560506999163212,0.0048027444253859,2.0
1.0,1.0,0.0,1.0,2.38,4.7,16.96,1969.0,101.3353,17.2,5.5,2.9,9.852,4.5,3.0,-0.0100000000000002,0.0,-1.1209999999999989,-304.0,0.1144000000000033,0.0,0.0,0.0,0.0,0.25,0.0,1268.809366697575,89.98980577256944,7.414983164983165,0.5180952452740851,0.0033336807346944,0.002334667429007,2.0
1.0,1.0,0.0,1.0,2.61,4.6,16.729,1942.0,101.2415,7.6,1.0,3.5,9.957,4.75,4.0,0.2299999999999999,-0.1000000000000005,-0.2310000000000016,-27.0,-0.0938000000000016,-9.6,-4.5,0.6000000000000001,0.1050000000000004,0.25,1.0,1294.1876912845908,90.7994132815788,7.503030303030303,0.2319878797929173,-0.0686780644208334,0.0061749571183533,2.0
1.0,1.0,0.0,1.0,2.78,4.6,16.9,1802.0,101.1834,7.6,1.0,3.5,9.957,5.0,3.3,0.3099999999999996,-0.1000000000000005,-0.2270000000000003,-19.0,-0.1219999999999998,0.0,0.0,0.0,0.0,0.25,0.0,1317.4415728739214,84.78736729991155,7.82962962962963,-1.5002759342764316,0.0129994189736955,0.0045073375262054,2.0
1.0,1.0,0.0,1.0,2.79,4.7,17.662,1737.0,101.1506,-0.5,0.6,2.8,10.126,5.25,3.2,0.0100000000000002,0.1000000000000005,0.7620000000000005,-65.0,-0.0328000000000088,-8.1,-0.4,-0.7000000000000002,0.1689999999999987,0.25,-0.0999999999999996,1246.5078174321338,86.01461229420671,7.977777777777779,0.3228916570257409,-0.0037449727132021,0.0066037735849056,1.0
1.0,1.0,0.0,0.0,2.78,4.5,16.974,1720.0,101.2318,-0.5,0.6,2.8,10.126,5.25,3.1,-0.0100000000000002,-0.2000000000000001,-0.6879999999999988,-17.0,0.0812000000000097,0.0,0.0,0.0,0.0,0.0,-0.1,1258.6955045244108,85.41703756313132,8.25,1.0323573384940203,-0.0042557955015403,0.0,1.0
1.0,1.0,0.0,0.0,2.71,4.4,16.865,1491.0,101.3309,16.1,3.5,1.4,10.254,5.25,3.1,-0.1499999999999999,-0.2999999999999998,0.407,-159.0,0.1662000000000034,16.6,2.9,-1.4,0.1280000000000001,0.0,-0.6999999999999997,1290.2624136054558,84.93112422544948,8.25,1.339699382720185,0.0337800747329947,0.0,1.0
1.0,1.0,0.0,0.0,2.67,4.4,17.107,1649.0,101.5729,16.1,3.5,1.4,10.254,5.25,2.9,-0.04,0.0,0.2420000000000008,158.0,0.2420000000000044,0.0,0.0,0.0,0.0,0.0,-0.2000000000000001,1362.8428209503893,87.24175627737334,8.25,0.7776429955882527,-0.075181583079561,0.0,1.0
1.0,1.0,0.0,0.0,2.71,4.6,16.896,1409.0,101.6933,8.2,1.2,3.9,10.399,5.25,3.0,0.04,0.1999999999999993,-0.2109999999999985,-240.0,0.1203999999999894,-7.900000000000002,-2.3,2.5,0.1449999999999995,0.0,0.1,1408.0764234960282,82.69172488125888,8.25,0.3822312108034948,0.0481249931950511,0.0,1.0
1.0,1.0,0.0,0.0,2.77,4.4,16.438,1495.0,101.9305,8.2,1.2,3.9,10.399,5.25,3.0,0.06,-0.1999999999999993,-0.4580000000000019,86.0,0.2372000000000014,0.0,0.0,0.0,0.0,0.0,0.0,1448.3996468592172,85.17385824184224,8.25,-0.7258913249907684,-0.0275250649529455,0.0,1.0
1.0,1.0,0.0,0.0,2.51,4.4,16.661,1415.0,102.1308,6.2,2.5,2.8,10.469,5.25,3.3,-0.2600000000000002,0.0,0.2230000000000025,-80.0,0.2002999999999986,-1.9999999999999991,1.3,-1.1,0.0700000000000002,0.0,0.2999999999999998,1388.2038611209753,83.96123261628327,8.25,2.0144312840224177,-0.0490402381625065,0.0,1.0
1.0,1.0,0.0,0.0,2.41,4.6,16.179,1448.0,102.1754,6.2,2.5,2.8,10.469,5.25,3.4,-0.25,0.0999999999999996,-0.4359999999999999,-42.0,0.1310000000000002,0.0,0.0,0.0,0.0,0.0,0.1,1499.7580441458858,81.67259869302563,8.25,0.5391721608776443,0.0216489576307369,0.0,1.0
1.0,1.0,0.0,0.0,2.35,4.7,15.837,1354.0,102.1619,13.1,2.3,2.2,10.595,5.25,3.4,-0.06,0.1000000000000005,-0.3419999999999987,-94.0,-0.0134999999999934,6.9,-0.2000000000000001,-0.5999999999999996,0.1260000000000012,0.0,0.0,1516.6960158222855,83.09288884943182,8.25,0.0197099514454688,-0.0560629069475712,0.0,1.0
1.0,1.0,0.0,0.0,2.38,4.7,16.532,1183.0,101.979,13.1,2.3,2.2,10.595,5.25,3.1,0.0299999999999998,0.0,0.6950000000000003,-171.0,-0.1829000000000036,0.0,0.0,0.0,0.0,0.0,-0.2999999999999998,1489.5217710963805,80.67115768792252,8.25,-0.8138473659055175,0.0017522498905624,0.0,0.0
1.0,1.0,0.0,-1.0,2.47,4.7,16.455,1264.0,101.8585,9.5,2.5,1.6,10.703,4.75,3.1,0.1700000000000003,0.1000000000000005,0.0759999999999969,-66.0,-0.2286000000000001,-3.6,0.2000000000000001,-0.6000000000000001,0.1079999999999987,-0.5,-0.1,1471.651550745081,80.40178489813499,8.243939393939394,1.6197319366647005,-0.058397190507671,-0.0123499142367066,0.0
1.0,1.0,0.0,-1.0,2.63,5.0,16.03,1037.0,101.6082,9.5,2.5,1.6,10.703,4.5,3.4,0.1599999999999997,0.2999999999999998,-0.4249999999999971,-227.0,-0.2503000000000099,0.0,0.0,0.0,0.0,-0.25,0.2999999999999998,1550.2739512639414,77.98144751140967,7.764309764309765,-2.245264360512554,-0.0592090575427401,-0.0064798932723461,0.0
1.0,1.0,1.0,-1.0,2.56,5.0,15.705,1084.0,101.4798,6.5,-1.7,1.5,10.639,4.25,3.4,-0.1,0.2999999999999998,-0.6489999999999991,-113.0,-0.2511000000000081,-3.0,-4.2,-0.1,-0.064,-0.25,0.0,1522.4704408998844,76.75571171410557,7.446632996632997,-2.9815333464360587,-0.0099150346305589,-0.0060224890413569,0.0
1.0,1.0,1.0,-1.0,2.48,5.1,15.114,1005.0,101.1644,6.5,-1.7,1.5,10.639,3.0,4.3,-0.08,0.0999999999999996,-0.5909999999999993,-79.0,-0.3153999999999968,0.0,0.0,0.0,0.0,-1.25,0.8999999999999999,1352.3253496882892,76.85414761629971,6.644612794612795,-0.3703766223928553,-0.0562012559190259,-0.0171621879169049,0.0
1.0,1.0,1.0,-1.0,2.51,5.0,14.605,1013.0,100.9555,12.3,2.4,2.0,10.645,2.25,4.8,0.0699999999999998,0.0999999999999996,-0.8859999999999992,-90.0,-0.3764000000000038,5.800000000000001,4.1,0.5,0.0060000000000002,-0.75,1.1999999999999995,1298.502290647359,73.11966326164476,5.990909090909091,1.3917304307818752,-0.031000566055417,-0.01852487135506,0.0
1.0,1.0,1.0,-1.0,2.6,5.6,14.377,1046.0,100.2811,12.3,2.4,2.0,10.645,2.0,5.1,0.0900000000000003,0.5999999999999996,-0.2279999999999997,33.0,-0.6744000000000057,0.0,0.0,0.0,0.0,-0.25,0.2999999999999998,1415.9375201395465,72.824970150315,5.085016835016835,-0.9990886021551004,0.0058501763959055,-0.002334667429007,1.0
1.0,1.0,1.0,0.0,2.69,5.8,13.006,923.0,99.7437,-1.8,-2.1,3.0,10.418,2.0,5.1,0.0899999999999998,0.2000000000000001,-1.3710000000000004,-123.0,-0.537399999999991,-14.1,-4.5,1.0,-0.2270000000000003,0.0,0.0,1362.5368550412984,73.30931308630741,5.0,-2.631935273467279,-0.0203933736176997,0.0,1.0
1.0,1.0,1.0,0.0,2.57,6.1,12.961,820.0,98.20311,-1.8,-2.1,3.0,10.418,2.0,4.3,-0.1200000000000001,0.2999999999999998,-0.0449999999999999,-103.0,-1.5405900000000088,0.0,0.0,0.0,0.0,0.0,-0.7999999999999998,1268.939212190262,71.8412794222334,5.0,0.1757107530568063,0.1381836975690908,0.0,1.0
1.0,1.0,1.0,0.0,2.44,6.5,10.933,777.0,97.27612,-21.5,-8.5,1.0,9.548,2.0,3.9,-0.2000000000000001,0.4000000000000003,-3.186,-67.0,-1.7702999999999918,-19.7,-6.4,-2.0,-0.8699999999999992,0.0,-0.8999999999999999,1338.737733084425,76.96334533691406,5.153198653198653,-7.576462549842468,0.0969457278461576,-0.0106727653897465,0.0
1.0,1.0,1.0,-1.0,2.21,7.3,10.383,560.0,95.64251,-21.5,-8.5,1.0,9.548,1.0,1.7,-0.2299999999999999,0.7999999999999998,-0.5500000000000007,-217.0,-1.6336100000000044,0.0,0.0,0.0,0.0,-1.0,-2.2,945.1804875743107,84.46864063506978,4.389562289562289,-1.9082573296161789,0.0570603967008305,-0.0101581856298837,0.0
1.0,0.0,1.0,-1.0,2.22,7.8,9.786,490.0,95.10123,-28.3,-4.5,-0.3,9.155,0.12,2.2,-0.1299999999999999,1.0,-0.7400000000000002,-162.0,-1.2875899999999945,-6.800000000000001,4.0,-1.3,-0.3930000000000007,-0.88,-0.6999999999999997,884.3465051310633,84.78125897031842,3.9909090909090903,-0.1231177441797099,-0.055819707964633,-0.01852487135506,1.0
1.0,0.0,1.0,0.0,2.14,8.7,9.748,505.0,94.76417,-28.3,-4.5,-0.3,9.155,0.12,2.0,-0.08,0.8999999999999995,-0.0380000000000002,15.0,-0.3370600000000081,0.0,0.0,0.0,0.0,0.0,-0.2000000000000001,882.0631895534117,84.27247041130708,3.25,-3.2262837716232187,0.0831283150569856,0.0,1.0
1.0,0.0,1.0,0.0,2.08,9.0,9.379,478.0,94.97569,2.7,-0.7,-0.7,8.827,0.12,2.8,-0.1400000000000001,0.6999999999999993,0.1559999999999988,-104.0,0.1731599999999957,31.0,3.8,-0.3999999999999999,-0.3279999999999994,0.0,0.8999999999999999,698.3485088104351,87.82452601166285,3.25,3.4830959790453164,-0.0664181540074611,0.0,1.0
1.0,0.0,1.0,0.0,1.86,9.5,10.149,585.0,95.86977,2.7,-0.7,-0.7,8.827,0.12,3.1,-0.2199999999999999,0.5,0.7699999999999996,107.0,0.8940800000000024,0.0,0.0,0.0,0.0,0.0,0.3000000000000002,871.9338798137627,84.74554905746922,3.25,1.343201020933093,-0.1095944436045858,0.0,1.0
1.0,0.0,0.0,0.0,1.6,9.6,14.754,586.0,96.97207,15.6,1.4,0.5,8.691,0.12,2.8,-0.26,0.0999999999999996,4.605,1.0,1.1022999999999996,12.9,2.1,1.2,-0.1359999999999992,0.0,-0.3000000000000002,893.28584979022,80.81744747482968,3.25,1.4677526829877483,-0.0427268948490469,0.0,1.0
1.0,0.0,0.0,0.0,1.48,9.8,9.535,585.0,97.5008,15.6,1.4,0.5,8.691,0.12,2.2,-0.1400000000000001,0.3000000000000007,-2.0310000000000006,-9.0,1.082729999999998,0.0,0.0,0.0,0.0,0.0,-0.6999999999999997,981.8334250710228,79.09899600764317,3.25,1.0783263962405596,-0.0316043304856309,0.0,1.0
1.0,0.0,0.0,0.0,1.5,10.0,10.576,534.0,97.98605,23.9,4.4,1.3,8.698,0.12,2.9,0.02,0.1999999999999993,1.0410000000000004,-51.0,0.4852500000000077,8.299999999999999,3.0000000000000004,0.8,0.0069999999999996,0.0,0.6999999999999997,1031.1350896661932,77.42594591648088,3.25,1.0411776735143303,-0.0368351352721458,0.0,1.0
1.0,0.0,0.0,0.0,1.36,9.9,11.284,581.0,98.83804,23.9,4.4,1.3,8.698,0.12,2.5,-0.1399999999999999,-0.0999999999999996,0.7080000000000002,47.0,0.8519900000000007,0.0,0.0,0.0,0.0,0.0,-0.3999999999999999,1065.211046171349,75.80080144606055,3.25,0.7588075673078067,-0.0121196847882569,0.0,1.0
1.0,0.0,0.0,0.0,1.2,9.8,10.893,614.0,99.19005,9.3,1.9,1.2,8.708,0.12,2.8,-0.1799999999999999,-0.0999999999999996,-0.1479999999999997,26.0,0.7599299999999971,-14.599999999999998,-2.5000000000000004,-0.1,0.0099999999999997,0.0,0.0999999999999996,1091.8752314814817,75.67328591394906,3.25,1.010885549741221,0.0474301581930746,0.0,1.0
1.0,0.0,0.0,0.0,1.0,9.9,11.772,636.0,99.62489,9.3,1.9,1.2,8.708,0.12,2.7,-0.1999999999999999,0.0999999999999996,0.8789999999999996,22.0,0.4348399999999941,0.0,0.0,0.0,0.0,0.0,-0.0999999999999996,1099.0508701106112,77.89814137160175,3.25,0.0888210115601773,0.0638227587453246,0.0,1.0
1.0,0.0,0.0,0.0,0.93,9.9,11.454,687.0,99.69469,9.1,3.9,2.0,8.742,0.12,2.9,-0.15,0.0999999999999996,1.1390000000000011,83.0,0.2436199999999928,-0.200000000000001,2.0,0.8,0.0340000000000006,0.0,0.1999999999999997,1119.2607028126315,80.3140609227447,3.25,1.7046342376075023,0.0160522085792886,0.0,1.0
1.0,0.0,0.0,0.0,0.81,9.4,11.598,536.0,99.59248,9.1,3.9,2.0,8.742,0.12,2.8,-0.12,-0.5,0.1440000000000001,-151.0,-0.1022099999999994,0.0,0.0,0.0,0.0,0.0,-0.1,1195.6230980047876,82.0551376805161,3.25,-2.738397913577104,0.1239291479548022,0.0,1.0
1.0,0.0,0.0,0.0,0.85,9.5,12.014,599.0,99.51852,11.9,3.1,1.2,8.671,0.12,2.7,0.0399999999999999,0.0999999999999996,0.4159999999999986,63.0,-0.0739599999999995,2.8000000000000007,-0.7999999999999998,-0.8,-0.0710000000000015,0.0,-0.0999999999999996,1079.0532871027988,87.13973743168995,3.25,0.1366264074262674,-0.110241679443685,0.0,1.0
1.0,0.0,0.0,0.0,0.88,9.5,11.922,594.0,99.58582,11.9,3.1,1.2,8.671,0.12,2.2,0.03,0.0999999999999996,-0.0259999999999998,48.0,0.0609599999999943,0.0,0.0,0.0,0.0,0.0,-0.5,1105.9055583504312,81.52641786003755,3.25,-0.4524947756604964,0.0291358544982363,0.0,1.0
1.0,0.0,0.0,0.0,0.8,9.4,12.414,543.0,99.71458,11.4,2.1,2.3,8.434,0.12,2.7,-0.0799999999999999,-0.0999999999999996,0.4919999999999991,-51.0,0.1287599999999997,-0.5,-1.0,1.1,-0.2370000000000001,0.0,0.5,1100.4511032361374,82.9090224089446,3.25,1.7087423979997491,-0.1322622175236668,0.0,1.0
1.0,0.0,0.0,0.0,0.89,9.3,12.605,539.0,100.0884,11.4,2.1,2.3,8.434,0.12,3.0,0.0899999999999999,-0.0999999999999996,0.1910000000000007,-4.0,0.3738199999999949,0.0,0.0,0.0,0.0,0.0,0.2999999999999998,1180.5221684619637,76.37202739266033,3.25,0.5785969354139865,0.0694133658942572,0.0,1.0
1.0,0.0,0.0,0.0,1.0,9.1,12.806,630.0,100.2521,3.5,-0.9,2.1,8.205,0.12,3.4,0.15,-0.7000000000000011,0.5059999999999985,85.0,0.3566500000000019,-7.9,-3.0,-0.1999999999999997,-0.2289999999999992,0.0,0.3999999999999999,1202.242025643808,80.29746054190176,3.25,1.7620829648191825,-0.0094079999303917,0.0,1.0
1.0,0.0,0.0,0.0,1.29,9.0,13.259,600.0,100.3488,3.5,-0.9,2.1,8.205,0.12,4.6,0.29,-0.0999999999999996,0.4530000000000012,-30.0,0.0966999999999984,0.0,0.0,0.0,0.0,0.0,1.1999999999999995,1286.002516292482,78.91033072937218,3.25,0.8962641086945516,-0.039243765806093,0.0,1.0
1.0,0.0,0.0,0.0,1.42,9.1,13.326,554.0,100.2435,6.9,2.7,2.7,8.044,0.12,4.6,0.26,0.0999999999999996,0.245000000000001,37.0,-0.1073999999999983,3.4000000000000004,3.6,0.6000000000000001,-0.1609999999999996,0.0,1.1999999999999995,1305.248168780908,77.09200719968237,3.25,0.2824383790365327,-0.0413405735196898,0.0,1.0
1.0,0.0,0.0,0.0,1.62,9.1,11.886,608.0,99.77991,6.9,2.7,2.7,8.044,0.12,3.8,0.2000000000000001,0.0,-1.4400000000000013,54.0,-0.4635899999999964,0.0,0.0,0.0,0.0,0.0,-0.7999999999999998,1364.8191777804084,74.09756146569043,3.25,-1.4242179683033165,0.0166468636840099,0.0,1.0
1.0,0.0,0.0,0.0,1.79,9.0,12.604,585.0,99.25172,5.6,-0.1,2.4,7.533,0.12,3.5,0.1699999999999999,-0.0999999999999996,0.718,-23.0,-0.528189999999995,-1.3000000000000007,-2.8000000000000003,-0.3000000000000002,-0.5110000000000001,0.0,-0.2999999999999998,1279.7927432692811,75.18399303192241,3.25,1.0197079785919334,-0.0144623680979905,0.0,1.0
1.0,0.0,0.0,0.0,1.84,9.0,13.356,650.0,99.12444,5.6,-0.1,2.4,7.533,0.12,3.3,0.1400000000000001,0.0,0.6359999999999992,27.0,-0.369189999999989,0.0,0.0,0.0,0.0,0.0,-0.1,1279.7623061671402,73.64315749659683,3.25,-2.832546560274025,0.0363518431547007,0.0,1.0
1.0,0.0,0.0,0.0,1.93,8.8,13.73,610.0,99.14287,3.1,4.6,0.5,7.339,0.12,3.2,0.0899999999999998,-0.1999999999999993,0.3740000000000005,-40.0,0.018429999999995,-2.5,4.699999999999999,-1.9,-0.1939999999999999,0.0,-0.0999999999999996,1156.0806467178293,76.6240474867901,3.25,0.9363487748207308,0.021873840832224,0.0,1.0
1.0,0.0,0.0,0.0,2.06,8.5,13.798,694.0,99.50371,3.1,4.6,0.5,7.339,0.12,3.1,0.1300000000000001,-0.3000000000000007,0.0679999999999996,84.0,0.360839999999996,0.0,0.0,0.0,0.0,0.0,-0.1,1245.796741914589,75.80402760104299,3.25,-0.5430915136030113,0.0600716383134112,0.0,1.0
1.0,0.0,0.0,0.0,2.09,8.3,14.395,723.0,99.72057,5.0,3.4,2.4,7.264,0.12,3.3,0.0999999999999998,-0.2999999999999989,0.6519999999999992,12.0,0.4337699999999955,1.9,-1.1999999999999995,1.9,-0.0750000000000001,0.0,0.0999999999999996,1204.8379077230638,78.61248425827283,3.25,1.7092472344688034,0.051059277816025,0.0,1.0
1.0,0.0,0.0,0.0,2.02,8.2,14.594,695.0,99.93271,5.0,3.4,2.4,7.264,0.12,3.9,-0.0699999999999998,-0.1000000000000014,0.1989999999999998,-28.0,0.2121400000000051,0.0,0.0,0.0,0.0,0.0,0.6000000000000001,1295.7321431272358,80.39927330659295,3.25,1.5943635341847129,-0.0370585216757045,0.0,1.0
1.0,0.0,0.0,0.0,1.99,8.2,14.769,753.0,99.90459,4.0,1.8,1.7,7.183,0.12,3.2,-0.03,-0.1000000000000014,-0.2059999999999995,49.0,0.0319599999999979,-1.0,-1.6,-0.7,-0.0810000000000004,0.0,-0.0999999999999996,1373.4718596281828,79.11185830883706,3.25,0.4827877788423742,0.0133051278092689,0.0,1.0
1.0,0.0,0.0,0.0,1.9,8.2,14.467,757.0,99.69522,4.0,1.8,1.7,7.183,0.12,3.1,-0.09,0.0,-0.3019999999999996,4.0,-0.2093699999999927,0.0,0.0,0.0,0.0,0.0,-0.1,1394.9651562006786,78.50517119333801,3.25,-2.0405790567079998,0.0909788870007191,0.0,1.0
1.0,0.0,0.0,0.0,1.84,8.2,14.38,740.0,99.60623,2.5,0.6,2.2,6.939,0.12,3.0,-0.0599999999999998,0.0,-0.0869999999999997,-17.0,-0.0889900000000096,-1.5,-1.2000000000000002,0.5000000000000002,-0.2439999999999997,0.0,-0.1,1305.5012560500843,81.94132747457485,3.25,1.266668727926374,0.02471582911822,0.0,1.0
1.0,0.0,0.0,0.0,1.79,7.8,15.099,847.0,99.60523,2.5,0.6,2.2,6.939,0.12,3.3,-0.05,-0.3999999999999994,0.7189999999999994,107.0,-0.0009999999999905,0.0,0.0,0.0,0.0,0.0,0.2999999999999998,1360.0041798190234,83.54293575607969,3.25,1.185824112104238,-0.0422771060537196,0.0,1.0
1.0,0.0,0.0,0.0,1.78,7.8,14.83,915.0,99.67945,0.4,0.5,2.0,6.728,0.12,3.1,-0.01,-0.2999999999999998,0.3859999999999992,161.0,0.1074600000000032,-2.1,-0.0999999999999999,-0.2000000000000001,-0.2110000000000003,0.0,-0.5,1418.1389461016413,81.09806054112084,3.25,0.7497603541309318,-0.038983415153246,0.0,1.0
1.0,0.0,0.0,0.0,1.62,7.9,15.462,976.0,99.89803,0.4,0.5,2.0,6.728,0.12,3.2,-0.1599999999999999,0.1000000000000005,0.6319999999999997,61.0,0.2185800000000028,0.0,0.0,0.0,0.0,0.0,0.1,1429.4312929095645,79.82773781208077,3.25,-0.8380993798911878,0.0181566552841393,0.0,1.0
1.0,0.0,0.0,0.0,1.57,8.0,15.813,888.0,100.04,2.1,4.0,1.6,6.729,0.12,3.3,-0.1299999999999999,0.2999999999999998,0.3570000000000011,55.0,0.2638100000000065,1.7000000000000002,3.5,-0.3999999999999999,0.0010000000000003,0.0,0.1999999999999997,1400.7064008410932,79.90710383456965,3.25,1.509444017303042,-0.0008061532045469,0.0,1.0
1.0,0.0,0.0,0.0,1.56,7.5,15.721,1010.0,100.3071,2.1,4.0,1.6,6.729,0.12,3.2,-0.01,-0.5,-0.0920000000000005,122.0,0.2670999999999992,0.0,0.0,0.0,0.0,0.0,-0.0999999999999996,1490.3274911385995,79.02270757501775,3.25,0.9221771816037734,0.065537236517035,0.0,1.0
1.0,0.0,0.0,0.0,1.42,7.6,15.811,835.0,100.4213,3.7,1.1,0.9,6.648,0.12,3.1,-0.1400000000000001,0.0999999999999996,0.0899999999999998,-175.0,0.1141999999999967,1.6,-2.9,-0.7000000000000001,-0.0810000000000004,0.0,-0.1,1540.7415061257102,82.51542010580249,3.25,0.6365394762408877,0.0026605805647311,0.0,1.0
1.0,0.0,0.0,0.0,1.5,7.5,16.149,839.0,100.6236,3.7,1.1,0.9,6.648,0.12,3.0,0.08,-0.0999999999999996,0.3380000000000009,4.0,0.2022999999999939,0.0,0.0,0.0,0.0,0.0,-0.1,1585.173640292903,82.78085560397267,3.25,1.4883601641414144,0.0039020140647706,0.0,1.0
1.0,0.0,0.0,0.0,1.55,7.3,16.021,880.0,100.6774,3.5,3.5,2.0,6.623,0.12,3.1,0.1500000000000001,-0.2000000000000001,0.1370000000000004,-50.0,0.1430000000000006,-0.2000000000000001,2.4,1.1,-0.0249999999999994,0.0,0.0,1605.7210970380893,81.80318423698246,3.25,1.192257820130849,0.0274130272869839,0.0,1.0
1.0,0.0,0.0,0.0,1.52,7.2,15.857,850.0,100.7212,3.5,3.5,2.0,6.623,0.12,3.3,-0.03,-0.0999999999999996,-0.1640000000000014,-30.0,0.0437999999999902,0.0,0.0,0.0,0.0,0.0,0.1999999999999997,1703.790491750184,81.78548332240044,3.25,-1.1749731850119711,-0.0021006958403313,0.0,1.0
1.0,0.0,0.0,0.0,1.52,7.2,15.727,925.0,100.7246,12.0,3.5,2.1,6.492,0.12,3.0,-0.02,0.0,-0.0999999999999996,8.0,0.015900000000002,8.5,0.0,0.1,-0.1310000000000002,0.0,0.0,1653.1449697989003,82.10861090457801,3.25,1.411629538865959,-0.0510028106997711,0.0,1.0
1.0,0.0,0.0,0.0,1.65,6.7,15.835,1002.0,100.721,12.0,3.5,2.1,6.492,0.12,3.0,0.1299999999999999,-0.5,0.1080000000000005,77.0,-0.0035999999999916,0.0,0.0,0.0,0.0,0.0,0.0,1746.444762484875,79.85309153341686,3.25,1.2695201015163426,0.0208896163669976,0.0,1.0
1.0,0.0,0.0,0.0,1.63,6.6,15.614,888.0,100.7091,-3.8,-1.4,1.5,6.314,0.12,3.1,0.0399999999999998,-0.3000000000000007,-0.4649999999999998,-212.0,-0.0190999999999945,-15.8,-4.9,-0.6000000000000001,-0.1779999999999999,0.0,0.2000000000000001,1789.8625585279883,80.19736557777482,3.25,1.1422022498719504,0.0132510616185439,0.0,1.0
0.0,0.0,0.0,0.0,1.59,6.7,16.985,970.0,100.7724,-3.8,-1.4,1.5,6.314,0.12,3.2,-0.0399999999999998,0.1000000000000005,1.3709999999999989,82.0,0.0632999999999981,0.0,0.0,0.0,0.0,0.0,0.1,1786.7310060237794,81.17816152861624,3.25,1.4842248072187083,-0.0271214064403059,0.0,1.0
0.0,0.0,0.0,0.0,1.72,6.2,16.695,1043.0,100.83,8.9,5.3,2.3,6.272,0.12,3.2,0.1499999999999999,-0.5,0.702,99.0,0.1038999999999958,12.7,6.699999999999999,0.7999999999999998,-0.0419999999999998,0.0,0.0,1866.4471705170192,79.83290286593967,3.25,-0.2324649474178719,0.0015955767041732,0.0,1.0
0.0,0.0,0.0,0.0,1.72,6.1,17.516,911.0,100.9181,8.9,5.3,2.3,6.272,0.12,3.1,0.0,-0.1000000000000005,0.820999999999998,-132.0,0.0880999999999971,0.0,0.0,0.0,0.0,0.0,-0.1,1854.9325867726743,79.50104275070858,3.25,1.4900559573848775,0.020219215202586,0.0,1.0
0.0,0.0,0.0,0.0,1.73,6.2,17.277,1085.0,100.9373,1.7,5.0,1.7,6.277,0.12,3.3,-0.04,-0.0999999999999996,0.1400000000000005,78.0,0.0565999999999888,-7.2,-0.2999999999999998,-0.5999999999999999,0.0049999999999998,0.0,0.0,1930.947113879682,80.47901278922855,3.25,1.0205694129904583,-0.0044700621104544,0.0,1.0
0.0,0.0,0.0,0.0,1.7,5.9,16.959,1023.0,100.9306,1.7,5.0,1.7,6.277,0.12,3.0,-0.03,-0.2999999999999998,-0.3180000000000014,-62.0,-0.006699999999995,0.0,0.0,0.0,0.0,0.0,-0.2999999999999998,1947.015042679398,80.33411290332523,3.25,0.9287614034656706,0.059055124656891,0.0,1.0
0.0,0.0,0.0,0.0,1.68,5.7,16.756,1074.0,100.9024,3.4,2.0,0.4,6.165,0.12,2.9,-0.01,-0.3999999999999994,-0.4830000000000005,90.0,-0.0386000000000024,1.7,-3.0,-1.2999999999999998,-0.1120000000000001,0.0,-0.3000000000000002,2029.9970978502472,83.4120946453878,3.25,-2.4325040043343216,0.0531564775412028,0.0,1.0
0.0,0.0,0.0,0.0,1.6,5.6,17.178,1073.0,100.7878,3.4,2.0,0.4,6.165,0.12,2.8,-0.0799999999999998,-0.1000000000000005,0.4220000000000006,-1.0,-0.1145999999999958,0.0,0.0,0.0,0.0,0.0,-0.1,1940.8385124848749,85.40850496645326,3.25,3.0660524857210074,0.0728866001345076,0.0,1.0
0.0,0.0,0.0,0.0,1.49,5.7,16.91,1085.0,100.6969,-3.1,3.6,-0.2,6.06,0.12,2.5,-0.1499999999999999,-0.0999999999999996,-0.0390000000000014,84.0,-0.1598000000000041,-6.5,1.6,-0.6000000000000001,-0.1050000000000004,0.0,-0.2999999999999998,2064.538257411353,87.75379786122127,3.25,-0.6273834722892243,0.0914290015029978,0.0,1.0
0.0,0.0,0.0,0.0,1.55,5.4,17.896,960.0,100.4792,-3.1,3.6,-0.2,6.06,0.12,3.0,0.06,-0.2999999999999998,0.9860000000000008,-125.0,-0.2176999999999935,0.0,0.0,0.0,0.0,0.0,0.5,2020.6549368193655,93.1572647300232,3.25,1.7372145132039734,0.0595441393291517,0.0,1.0
0.0,0.0,0.0,0.0,1.57,5.4,17.693,1190.0,100.3682,1.1,2.5,2.3,6.097,0.12,2.6,0.02,-0.0999999999999996,0.8020000000000032,304.0,-0.2223999999999932,4.2,-1.1,2.5,0.0370000000000008,0.0,-0.1999999999999997,2080.598966060343,97.24536125619804,3.25,0.079220952709584,0.024381926856269,0.0,1.0
0.0,0.0,0.0,0.0,1.57,5.3,17.889,1205.0,100.1227,1.1,2.5,2.3,6.097,0.12,2.7,0.0,-0.1000000000000005,0.1959999999999979,15.0,-0.2455000000000069,0.0,0.0,0.0,0.0,0.0,0.1,2104.978231205282,96.18824850268636,3.25,0.1101579064524967,-0.0149094407299891,0.0,1.0
0.0,0.0,0.0,0.0,1.55,5.2,18.318,1146.0,99.96289,-3.2,1.6,1.1,6.057,0.12,2.8,0.0,-0.3999999999999994,0.3890000000000029,67.0,-0.2878099999999932,-4.300000000000001,-0.8999999999999999,-1.1999999999999995,-0.04,0.0,0.0,2098.9412248296767,95.07879496873026,3.25,-0.0764747685061108,0.0307722486812589,0.0,1.0
0.0,0.0,0.0,0.0,1.56,5.0,18.281,1224.0,99.61057,-3.2,1.6,1.1,6.057,0.12,2.8,0.01,-0.2000000000000001,-0.0370000000000025,78.0,-0.3523200000000059,0.0,0.0,0.0,0.0,0.0,0.0,2148.566378301241,97.76922510834255,3.25,-4.103322550572053,-0.0443872424518809,0.0,1.0
0.0,0.0,0.0,0.0,1.52,5.0,18.27,1058.0,99.46815,-0.5,0.7,0.0,6.007,0.12,2.7,-0.05,-0.0999999999999996,-0.1209999999999986,-72.0,-0.3153199999999998,2.7,-0.9000000000000001,-1.1,-0.0500000000000007,0.0,-0.0999999999999996,1932.8283162023888,96.13819625289352,3.25,1.3031593109008714,-0.0231324873630355,0.0,1.0
0.0,0.0,0.0,0.0,1.48,5.0,17.503,1146.0,99.2442,-0.5,0.7,0.0,6.007,0.12,2.6,-0.04,0.0,-0.7669999999999995,88.0,-0.2239499999999878,0.0,0.0,0.0,0.0,0.0,-0.1,2058.0953480113635,95.9962224016286,3.25,0.5801196759011104,0.0820712758946331,0.0,2.0
0.0,0.0,0.0,1.0,1.6,4.8,18.054,1092.0,99.1592,-1.1,2.3,-0.3,5.927,0.38,2.5,0.1100000000000001,-0.2999999999999998,-0.2600000000000015,-80.0,-0.1892500000000012,-0.6000000000000001,1.6,-0.3,-0.08,0.26,-0.2000000000000001,2111.393182886811,98.63455802326652,3.235690235690236,-3.5882610608219574,-0.0011293882730236,0.0064798932723461,1.0
0.0,0.0,0.0,0.0,1.62,5.0,17.291,1111.0,99.07903,-1.1,2.3,-0.3,5.927,0.38,2.7,0.02,0.2000000000000001,-0.7629999999999981,19.0,-0.0801699999999954,0.0,0.0,0.0,0.0,0.0,0.2000000000000001,1863.3103446575128,98.90265347772976,3.5,1.903781420484324,-0.0419939160733217,0.0,1.0
0.0,0.0,0.0,0.0,1.64,5.1,17.669,1163.0,99.07615,3.1,1.3,2.7,5.798,0.38,2.8,0.0499999999999998,0.1999999999999993,-0.4269999999999996,-62.0,-0.0246400000000051,4.2,-0.9999999999999998,3.0,-0.1289999999999995,0.0,0.2999999999999998,1973.2452957307448,97.78445733067164,3.5,2.2660474279573437,-0.0767440429478117,0.0,1.0
0.0,0.0,0.0,0.0,1.66,4.9,17.735,1203.0,99.07256,3.1,1.3,2.7,5.798,0.38,2.6,0.02,-0.1999999999999993,0.0659999999999989,40.0,-0.0035900000000026,0.0,0.0,0.0,0.0,0.0,-0.1999999999999997,2072.417461397832,94.07166338577014,3.5,0.1755115553381693,0.0167226815737154,0.0,2.0
0.0,0.0,0.0,1.0,1.67,4.8,18.109,1239.0,99.08393,6.7,2.9,1.0,5.731,0.4,2.7,-0.01,0.0,0.4140000000000015,91.0,0.0078299999999984,3.6,1.6,-1.7000000000000002,-0.0670000000000001,0.02,0.3000000000000002,2075.77134471341,94.18409205992214,3.5,0.9530794289445158,0.042011887535995,0.0,1.0
0.0,0.0,0.0,0.0,1.74,5.0,17.956,1068.0,99.20682,6.7,2.9,1.0,5.731,0.4,2.4,0.07,0.2000000000000001,-0.1530000000000022,-171.0,0.1228899999999981,0.0,0.0,0.0,0.0,0.0,-0.3000000000000002,2180.25459280303,96.40944262160998,3.5,-0.2638692441067514,-0.0282459166701099,0.0,1.0
0.0,0.0,0.0,0.0,1.82,4.9,17.954,1313.0,99.33022,-3.0,2.2,1.9,5.708,0.4,2.4,0.08,-0.0999999999999996,-0.0019999999999988,245.0,0.1234000000000037,-9.7,-0.6999999999999997,0.8999999999999999,-0.0229999999999996,0.0,0.0,2163.9534224076706,94.66498883693708,3.5,-0.4464466674409184,0.0650527948285369,0.0,1.0
0.0,0.0,0.0,0.0,1.91,4.7,18.277,1252.0,99.63734,-3.0,2.2,1.9,5.708,0.4,2.2,0.0899999999999998,-0.2000000000000001,0.3230000000000004,-61.0,0.3071199999999976,0.0,0.0,0.0,0.0,0.0,-0.1999999999999997,2110.7148569023566,97.34599906330558,3.5,1.8245536698053648,0.076566046425245,0.0,2.0
0.0,1.0,0.0,1.0,1.95,4.7,17.652,1190.0,99.76431,10.1,2.0,2.1,5.647,0.65,2.6,0.04,0.0,-0.625,-62.0,0.12697,13.1,-0.2000000000000001,0.2000000000000001,-0.0609999999999999,0.25,0.3999999999999999,2233.108220880682,102.07671912093755,3.5552188552188557,0.9088439766920384,-0.0091564375490422,0.0050790928149418,1.0
0.0,1.0,0.0,0.0,1.84,4.4,17.061,1190.0,99.88908,10.1,2.0,2.1,5.647,0.65,2.5,-0.1099999999999998,-0.2999999999999998,-0.5910000000000011,0.0,0.1247700000000122,0.0,0.0,0.0,0.0,0.0,-0.1,2252.871837680188,100.2798186587966,3.75,2.515360293307485,0.0197343053103448,0.0,2.0
0.0,1.0,0.0,1.0,1.78,4.4,17.166,1146.0,99.90274,1.4,2.3,1.1,5.556,0.9,2.5,-0.06,0.0,0.1050000000000004,-44.0,0.0136599999999873,-8.7,0.2999999999999998,-1.0,-0.0910000000000001,0.25,0.0,2374.57313055687,101.24698948201907,3.8052188552188553,-0.5763865531047503,-0.0279157620737705,0.0050790928149418,1.0
0.0,1.0,0.0,0.0,1.68,4.3,17.13,1249.0,99.92577,1.4,2.3,1.1,5.556,0.9,2.6,-0.1,-0.1000000000000005,-0.0360000000000013,103.0,0.0230300000000056,0.0,0.0,0.0,0.0,0.0,0.1,2347.481127354272,100.35336065324468,4.0,1.570467127048789,-0.0699031791301688,0.0,2.0
0.0,1.0,0.0,1.0,1.64,4.3,17.237,1206.0,99.95693,2.4,3.2,2.1,5.52,1.15,2.6,-0.04,-0.1000000000000005,0.1559999999999988,49.0,0.0469300000000032,1.0,0.9000000000000004,1.0,-0.0360000000000004,0.2499999999999999,0.0,2423.679504189025,97.64547491619484,3.985690235690236,0.3534778429936154,-0.0398292150364755,0.0064798932723461,1.0
0.0,1.0,0.0,0.0,1.63,4.3,18.313,1181.0,100.1326,2.4,3.2,2.1,5.52,1.15,2.7,-0.01,0.0,1.0760000000000003,-25.0,0.1756699999999966,0.0,0.0,0.0,0.0,0.0,0.1,2467.3305565419823,93.97317956995082,4.25,-0.2104391218345006,-0.0354938467093733,0.0,1.0
0.0,1.0,0.0,0.0,1.63,4.2,18.482,1257.0,100.2557,10.8,4.6,2.5,5.541,1.15,2.4,0.0,-0.0999999999999996,0.1690000000000004,76.0,0.1231000000000079,8.4,1.3999999999999997,0.3999999999999999,0.0210000000000007,0.0,-0.3000000000000002,2461.3946280842274,91.8356437606041,4.25,2.166520554528182,0.0373272049011263,0.0,1.0
0.0,1.0,0.0,0.0,1.66,4.1,17.887,1177.0,100.5045,10.8,4.6,2.5,5.541,1.15,2.7,0.03,-0.1000000000000005,-0.5949999999999989,-80.0,0.2487999999999885,0.0,0.0,0.0,0.0,0.0,0.3000000000000002,2551.7642489346595,94.2564830741497,4.25,1.3518386064358203,-0.0154647585776321,0.0,2.0
0.0,1.0,0.0,1.0,1.72,4.0,17.176,1299.0,100.6268,2.6,3.3,2.6,5.579,1.42,2.7,0.06,-0.0999999999999996,-0.7110000000000021,122.0,0.1223000000000098,-8.200000000000001,-1.2999999999999998,0.1,0.0379999999999993,0.27,0.0,2613.5420622238003,94.27739435574824,4.305218855218856,3.6111248466385546,-0.0678261927202447,0.0050790928149418,1.0
1.0,1.0,0.0,0.0,1.79,4.0,17.662,1318.0,100.8117,2.6,3.3,2.6,5.579,1.42,2.8,0.07,0.0,0.4860000000000006,19.0,0.1848999999999989,0.0,0.0,0.0,0.0,0.0,0.0999999999999996,2791.96207435685,89.57531269214772,4.5,-1.705745452014246,0.0064661821729231,0.0,2.0
1.0,1.0,0.0,1.0,1.76,4.0,17.584,1276.0,100.8373,2.2,2.1,2.9,5.629,1.7,2.7,-0.03,0.0,-0.0779999999999994,-42.0,0.0255999999999971,-0.3999999999999999,-1.1999999999999995,0.2999999999999998,0.0499999999999998,0.28,-0.0999999999999996,2728.459617332176,89.8598058629919,4.485690235690235,-1.910411650779612,0.0035014090548021,0.0064798932723461,1.0
1.0,1.0,0.0,0.0,1.9,4.0,17.743,1192.0,100.7822,2.2,2.1,2.9,5.629,1.7,3.0,0.1399999999999999,0.0,0.1589999999999989,-84.0,-0.0550999999999959,0.0,0.0,0.0,0.0,0.0,0.2999999999999998,2652.676891473327,89.95451887239913,4.75,1.603310457538236,0.0945953930403494,0.0,2.0
1.0,1.0,0.0,1.0,1.93,3.8,17.629,1208.0,100.7105,-4.9,2.5,1.7,5.636,1.9,2.9,0.03,-0.2000000000000001,-0.1139999999999972,16.0,-0.0717000000000069,-7.1000000000000005,0.3999999999999999,-1.2,0.0070000000000005,0.1999999999999999,-0.1,2743.912297453704,94.06064048792778,4.805218855218856,0.8299771930686581,0.014678834682877,0.0050790928149418,1.0
1.0,1.0,0.0,0.0,1.94,3.7,17.776,1250.0,100.4742,-4.9,2.5,1.7,5.636,1.92,2.7,0.01,-0.0999999999999996,0.1469999999999984,42.0,-0.2362999999999999,0.0,0.0,0.0,0.0,0.02,-0.1999999999999997,2818.36409751815,95.47142718793566,5.0,1.718796994860158,-0.007174732927279,0.0,2.0
1.0,1.0,0.0,1.0,1.96,3.8,17.991,1221.0,100.2887,1.7,0.6,1.7,5.604,2.2,2.9,0.02,0.0999999999999996,0.2149999999999998,-29.0,-0.1854999999999904,6.6000000000000005,-1.9,0.0,-0.032,0.2800000000000002,0.1999999999999997,2965.037690215962,94.38157137475832,4.994107744107744,-4.92936837232883,0.0366563326248741,0.0063369544501619,1.0
1.0,1.0,0.0,0.0,2.02,3.9,18.077,1095.0,99.84918,1.7,0.6,1.7,5.604,2.2,2.7,0.06,0.1,0.086000000000002,-126.0,-0.4395200000000017,0.0,0.0,0.0,0.0,0.0,-0.1999999999999997,2737.512423058712,96.22590622307877,5.25,-1.0400354424998806,0.0172334589957283,0.0,2.0
1.0,1.0,0.0,1.0,1.92,4.0,16.91,1232.0,99.64113,4.4,2.2,1.4,5.636,2.4,2.7,-0.1,0.2000000000000001,-1.1509999999999998,51.0,-0.4315699999999935,2.7,1.6,-0.3,0.032,0.1999999999999997,-0.0999999999999996,2619.332996468592,97.26827660249138,5.235690235690235,-1.5002877295210364,-0.0274751544339511,0.0064798932723461,1.0
1.0,1.0,0.0,0.0,2.0,3.8,17.732,1195.0,99.32806,4.4,2.2,1.4,5.636,2.4,2.5,0.08,-0.2000000000000001,0.8219999999999992,-37.0,-0.3130700000000104,0.0,0.0,0.0,0.0,0.0,-0.2000000000000001,2657.174051879472,95.89697523534498,5.5,2.9168211541267617,0.0214279075929364,0.0,1.0
1.0,1.0,0.0,0.0,2.12,3.6,16.868,1267.0,99.20252,-2.8,3.4,2.0,5.627,2.4,2.5,0.1200000000000001,-0.1999999999999997,-0.8640000000000008,72.0,-0.1255399999999866,-7.2,1.1999999999999995,0.6000000000000001,-0.0090000000000003,0.0,0.0,2762.462618206808,96.68325909444378,5.5,3.0275384576156616,0.0114842895600871,0.0,0.0
1.0,1.0,0.0,-1.0,2.0,3.6,17.815,1228.0,98.97952,-2.8,3.4,2.0,5.627,2.35,2.7,-0.1200000000000001,0.0,0.9470000000000028,-39.0,-0.2230000000000132,0.0,0.0,0.0,0.0,-0.0499999999999998,0.2000000000000001,2936.778107901936,97.85359595199223,5.5,-2.5845968622695112,-0.0104291932978629,0.0,1.0
1.0,1.0,0.0,0.0,2.04,3.7,17.731,1245.0,98.89021,0.6,4.6,1.2,5.603,2.35,2.6,0.02,0.0,-0.2959999999999994,-62.0,-0.195990000000009,3.4,1.1999999999999995,-0.8,-0.024,0.0,-0.2999999999999998,2818.6980802491057,96.98196664418435,5.5,4.167130519895296,-0.0010874895634186,0.0,0.0
1.0,1.0,0.0,-1.0,2.01,3.5,17.746,1300.0,98.82976,0.6,4.6,1.2,5.603,2.1,2.8,-0.0300000000000002,-0.2000000000000001,0.014999999999997,55.0,-0.060450000000003,0.0,0.0,0.0,0.0,-0.25,0.1999999999999997,2966.4251477996104,97.52204100226714,5.444781144781144,-1.2166443324757,0.0192940416984929,-0.0050790928149418,0.0
1.0,1.0,0.0,-1.0,2.02,3.6,17.087,1332.0,98.8852,1.4,2.6,1.3,5.52,1.8,2.5,-0.02,-0.1,-0.772000000000002,-35.0,0.05471,0.7999999999999999,-2.0,0.1,-0.0830000000000001,-0.3,-0.2000000000000001,2965.2302093197604,98.83519136062776,5.264309764309765,0.1481048787551219,-0.0122294497758021,-0.0064798932723461,0.0
1.0,1.0,0.0,-1.0,1.93,3.6,17.551,1551.0,99.05483,1.4,2.6,1.3,5.52,1.55,2.3,-0.09,0.0,0.4639999999999986,219.0,0.1696299999999979,0.0,0.0,0.0,0.0,-0.25,-0.2000000000000001,2974.812995350642,97.69105820061785,5.014309764309765,3.4570354190489807,0.0092612503368741,-0.0064798932723461,1.0
1.0,1.0,0.0,0.0,1.98,3.5,16.841,1572.0,99.09734,-15.4,-5.3,1.9,5.328,1.55,2.5,0.05,-0.1,-0.7530000000000001,226.0,0.1261300000000034,-16.8,-7.9,0.5999999999999999,-0.1919999999999992,0.0,0.0,3113.679016729798,97.64794506239971,4.75,3.9052296531797928,-0.0105793555441279,0.0,2.0
1.0,1.0,1.0,1.0,1.88,4.4,11.736,1267.0,97.66722,-15.4,-5.3,1.9,5.328,1.6,2.2,-0.1,0.9000000000000004,-5.105,-305.0,-1.4301200000000025,0.0,0.0,0.0,0.0,0.05,-0.2999999999999998,3385.23508292561,97.87682885577784,4.813973063973064,-4.993553319530804,0.0107695678222377,-0.0038117019249094,0.0
1.0,1.0,1.0,-1.0,1.74,14.7,8.834,925.0,92.62319,-61.5,-28.0,-1.6,1.589,0.1,2.1,-0.24,11.2,-8.192,-640.0,-6.4449400000000026,-46.1,-22.7,-3.5,-3.739,-1.5,-0.2999999999999998,2759.7341295441397,97.7107134578204,4.37020202020202,-2.5723711819700528,0.0572407173751444,-0.0286449399656946,1.0
1.0,1.0,0.0,0.0,1.8,11.0,13.545,1266.0,96.17052,-61.5,-28.0,-1.6,1.589,0.1,3.0,0.06,-3.6999999999999993,4.711,341.0,3.5473300000000023,0.0,0.0,0.0,0.0,0.0,0.8999999999999999,2771.121103614268,100.05090823189578,3.25,4.567554413533923,-0.0180007367491244,0.0,1.0
1.0,1.0,0.0,0.0,1.85,10.2,15.279,1529.0,97.72092,62.0,34.8,3.6,1.278,0.1,3.0,0.03,-3.0,2.7300000000000004,475.0,3.3989600000000024,123.5,62.8,5.2,-0.3109999999999999,0.0,-0.2000000000000001,3067.126854317919,97.66761589178734,3.25,2.3137184603999903,-0.0259896818015242,0.0,1.0
1.0,1.0,0.0,0.0,1.86,7.9,16.77,1463.0,98.72652,62.0,34.8,3.6,1.278,0.1,2.6,0.01,-2.299999999999999,1.4909999999999997,-66.0,1.005599999999987,0.0,0.0,0.0,0.0,0.0,-0.3999999999999999,3210.645255780461,94.72881576589462,3.25,5.47146501870116,-0.0481383838220982,0.0,1.0
1.0,1.0,0.0,0.0,1.79,6.9,16.663,1537.0,99.08319,25.8,4.2,2.8,1.252,0.1,2.6,-0.07,-1.0,-0.1069999999999993,74.0,0.3566700000000082,-36.2,-30.6,-0.8000000000000003,-0.026,0.0,0.0,3329.9317139493896,93.48204123757102,3.25,2.270829201508004,-0.0021105746484969,0.0,1.0
1.0,1.0,0.0,0.0,1.71,6.7,17.052,1663.0,99.89468,25.8,4.2,2.8,1.252,0.1,2.5,-0.08,-0.2000000000000001,0.3889999999999993,126.0,0.811489999999992,0.0,0.0,0.0,0.0,0.0,-0.1,3359.72933222196,93.8447549530954,3.25,6.320185632489398,-0.0496203661555671,0.0,1.0
1.0,0.0,0.0,0.0,1.7,6.3,16.629,1602.0,100.2705,0.9,5.2,5.3,1.231,0.1,3.0,-0.02,-0.4000000000000003,0.2240000000000002,57.0,0.7931700000000035,-24.9,1.0,2.5,-0.0209999999999999,0.0,0.2000000000000001,3639.702014941077,91.08117866901438,3.25,3.034613464018129,-0.0222946504331531,0.0,1.0
1.0,0.0,0.0,0.0,1.81,6.1,18.287,1700.0,100.9771,0.9,5.2,5.3,1.231,0.1,3.1,0.1100000000000001,-0.2000000000000001,1.6579999999999977,98.0,0.7065999999999946,0.0,0.0,0.0,0.0,0.0,0.1,3811.6327240504,90.35077383124867,3.25,1.426214691505265,0.0157290130609419,0.0,1.0
1.0,0.0,0.0,0.0,1.94,6.1,18.502,1484.0,101.2526,2.0,6.2,6.2,1.214,0.1,3.4,0.2299999999999999,-0.1000000000000005,2.4259999999999984,62.0,0.605400000000003,1.1,1.0,0.9000000000000004,-0.0170000000000001,0.0,0.1,3794.732642176978,91.61890941067576,3.25,7.001773520880979,0.0141711258856437,0.0,1.0
1.0,0.0,0.0,0.0,2.08,5.9,15.996,1661.0,101.3408,2.0,6.2,6.2,1.214,0.1,4.2,0.1400000000000001,-0.1999999999999993,-2.5059999999999985,177.0,0.0882000000000005,0.0,0.0,0.0,0.0,0.0,0.8000000000000003,4165.104379406039,91.28315802166358,3.25,0.6574317951031542,-0.029476273807317,0.0,2.0
1.0,0.0,0.0,1.0,2.13,5.4,15.306,1593.0,101.2905,1.5,3.3,6.0,1.209,0.15,4.7,0.1200000000000001,-0.3999999999999994,-2.261000000000001,-7.0,-0.0431000000000096,-0.5,-2.9000000000000004,-0.2000000000000001,-0.0049999999999998,0.0499999999999999,0.1000000000000005,4185.008604271885,89.89477377226859,3.25,3.377599197309176,0.0611755693892602,0.0,1.0
1.0,0.0,0.0,0.0,2.46,4.8,12.747,1560.0,101.1544,1.5,3.3,6.0,1.209,0.15,4.6,0.33,-0.6000000000000005,-2.5589999999999997,-33.0,-0.136099999999999,0.0,0.0,0.0,0.0,0.0,-0.1000000000000005,4400.226799900041,92.63678795914056,3.25,2.214173854553792,0.0001631503925791,0.0,1.0
1.0,0.0,0.0,0.0,2.75,4.5,13.25,1572.0,101.109,24.2,7.0,7.1,1.217,0.15,4.8,0.29,-0.2999999999999998,0.5030000000000001,12.0,-0.0454000000000007,22.7,3.7,1.0999999999999996,0.008,0.0,0.2000000000000001,4443.794556239479,92.48213500462798,3.25,0.0569693656791973,0.0359431835863053,0.0,1.0
1.0,0.0,0.0,0.0,3.33,3.9,13.244,1787.0,101.0232,24.2,7.0,7.1,1.217,0.15,4.8,0.5800000000000001,-0.6000000000000001,-0.0060000000000002,215.0,-0.0857999999999918,0.0,0.0,0.0,0.0,0.0,0.0,4567.17058113689,93.27832977089416,3.25,1.862696094196683,0.0642698598766817,0.0,1.0
1.0,0.0,0.0,0.0,3.71,4.0,14.798,1669.0,100.9425,-4.6,-2.0,8.4,1.217,0.15,4.9,0.6499999999999999,-0.2000000000000001,1.2449999999999992,-43.0,-0.1295000000000072,-28.8,-9.0,1.3000000000000007,0.0,0.0,0.0,4612.187335924347,96.41960242685644,3.25,2.278124162467838,-0.0160716686972167,0.0,1.0
1.0,0.0,0.0,0.0,3.99,3.6,14.049,1713.0,100.6459,-4.6,-2.0,8.4,1.217,0.15,5.4,0.2800000000000002,-0.3999999999999999,-0.7490000000000006,44.0,-0.296599999999998,0.0,0.0,0.0,0.0,0.0,0.5,4560.605000526095,95.20787784563572,3.25,-5.051125270988182,0.0437698198496238,0.0,2.0
1.0,0.0,0.0,1.0,4.03,3.6,14.486,1803.0,100.414,10.6,-0.6,9.1,1.238,0.4,5.4,0.04,0.0,0.4370000000000011,90.0,-0.231899999999996,15.2,1.4,0.6999999999999993,0.0209999999999999,0.25,0.0,4364.659939236111,97.9469096842037,3.3052188552188557,1.6366409525681331,0.0541837110277671,0.0050790928149418,2.0
1.0,0.0,0.0,1.0,4.63,3.6,13.748,1561.0,99.8346,10.6,-0.6,9.1,1.238,0.9,5.3,0.5999999999999996,0.0,-0.7380000000000013,-242.0,-0.5794000000000068,0.0,0.0,0.0,0.0,0.5,-0.1000000000000005,4295.192651942603,102.05053891268643,3.4713804713804715,-6.007318337413045,0.018078893912686,0.0129597865446922,2.0
1.0,0.0,0.0,1.0,4.72,3.5,13.965,1371.0,99.57693,16.2,2.7,4.5,1.271,1.65,5.2,0.4799999999999995,-0.1,0.5649999999999995,-172.0,-0.552669999999992,5.6,3.3000000000000003,-4.6,0.0329999999999999,0.7499999999999999,-0.0999999999999996,4048.653283485901,101.52154180867102,3.957070707070707,-5.5321634125750405,0.1224295844253822,0.0194396798170383,2.0
1.0,0.0,0.0,1.0,4.98,3.5,14.191,1463.0,99.20307,16.2,2.7,4.5,1.271,2.4,4.7,0.2600000000000007,0.0,0.2260000000000008,92.0,-0.3738600000000076,0.0,0.0,0.0,0.0,0.75,-0.5,4139.380627893519,105.46330778590756,5.198484848484849,-1.6727065112355868,0.0803224276060463,0.0082332761578044,2.0
1.0,0.0,0.0,1.0,4.98,3.7,15.157,1432.0,99.06164,-3.5,2.6,3.9,1.323,3.15,5.0,0.0,0.2000000000000001,0.9659999999999992,-31.0,-0.1414299999999997,-19.7,-0.1,-0.6000000000000001,0.052,0.75,0.2999999999999998,3954.5546281499896,109.51268015646372,5.457070707070708,-6.745575931782448,0.0723167609913999,0.0194396798170383,2.0
1.0,0.0,0.0,1.0,4.86,3.5,14.048,1357.0,98.87978,-3.5,2.6,3.9,1.323,3.9,4.3,-0.1200000000000001,-0.2000000000000001,-1.109,-75.0,-0.1818600000000003,0.0,0.0,0.0,0.0,0.75,-0.7000000000000002,3677.2856670546616,113.3919447927764,6.207070707070708,7.755824915204521,-0.1705206270328769,0.0194396798170383,2.0
1.0,0.0,0.0,1.0,4.78,3.4,15.605,1340.0,98.84712,6.8,2.2,3.9,1.392,4.4,3.9,-0.08,-0.1,1.5570000000000004,-17.0,-0.0326599999999928,10.3,-0.3999999999999999,0.0,0.0689999999999999,0.5000000000000004,-0.3999999999999999,3917.426986005892,105.36123165554471,7.110437710437711,0.0114702635136743,-0.0595643369406772,0.0101581856298837,2.0
1.0,0.0,0.0,1.0,4.82,3.5,15.441,1380.0,98.84515,6.8,2.2,3.9,1.392,4.65,3.6,0.04,0.1,-0.1639999999999997,40.0,-0.00197,0.0,0.0,0.0,0.0,0.25,-0.2999999999999998,4107.6328320641305,101.81789211697048,7.555218855218856,-2.763831108475676,0.0665016158321867,0.0050790928149418,2.0
1.0,0.0,0.0,1.0,4.88,3.4,16.21,1348.0,98.89799,-9.3,2.1,1.7,1.459,4.9,4.7,0.0599999999999996,-0.1,0.7690000000000001,-32.0,0.0528399999999891,-16.1,-0.1,-2.2,0.0670000000000001,0.25,1.1,3912.530149476536,104.74561582109342,7.735690235690235,4.668254590420717,-0.0706940991369138,0.0064798932723461,2.0
1.0,0.0,0.0,1.0,4.33,3.6,16.607,1418.0,99.11828,-9.3,2.1,1.7,1.459,5.15,3.3,-0.5499999999999998,0.2000000000000001,0.3969999999999984,70.0,0.2202900000000056,0.0,0.0,0.0,0.0,0.25,-1.4000000000000004,4100.301708491162,100.98344176835084,7.985690235690235,2.2772115129776536,0.0599679276946388,0.0064798932723461,1.0
1.0,0.0,0.0,0.0,4.17,3.5,16.446,1451.0,99.24326,6.0,5.2,3.5,1.511,5.15,3.4,-0.5300000000000002,-0.2000000000000001,0.3670000000000009,-132.0,0.2512700000000052,15.3,3.1,1.8,0.0519999999999998,0.0,-0.8000000000000003,4221.52728587963,104.51752711337824,8.25,5.504972689006813,-0.0676145890564698,0.0,2.0
1.0,0.0,0.0,1.0,3.84,3.8,16.183,1346.0,99.42249,6.0,5.2,3.5,1.511,5.4,3.2,-0.33,0.2999999999999998,-0.2630000000000017,-105.0,0.1792299999999898,0.0,0.0,0.0,0.0,0.25,-0.1999999999999997,4531.056824100378,101.11897607668485,8.39949494949495,-1.924199468148465,0.0747486045434629,0.0027444253859348,1.0
1.0,0.0,0.0,0.0,3.64,3.9,15.91,1372.0,99.47179,6.0,5.2,3.5,1.511,5.4,4.2,-0.1999999999999997,0.1,-0.2729999999999997,26.0,0.0493000000000023,0.0,0.0,0.0,0.0,0.0,1.0,4492.667732994003,104.68702856506964,8.5,-4.889795135910996,0.0388333023446433,0.0,1.0
